Feedback_ID,Transaccion_ID,Rating_Producto,Rating_Logistica,Comentario_Texto,Recomienda_Marca,Ticket_Soporte_Abierto,Edad_Cliente,Satisfaccion_NPS,Ticket_Soporte
FB-8000,TRX-17461,3.0,4,,,Sí,50.0,-17.5,True
FB-8001,TRX-17755,4.0,5,---,Maybe,Sí,59.0,-41.7,True
FB-8002,TRX-10534,3.0,4,No volvería,Maybe,0,84.0,-36.4,False
FB-8003,TRX-12569,2.0,3,---,,Sí,20.0,7.4,True
FB-8004,TRX-19159,4.0,2,Dañado,SI,No,83.0,61.0,False
FB-8005,TRX-16051,5.0,3,---,SI,Sí,77.0,95.0,True
FB-8006,TRX-11945,1.0,1,Precio justo,,Sí,46.0,63.4,True
FB-8007,TRX-19856,3.0,4,Precio justo,,0,24.0,-22.0,False
FB-8008,TRX-16694,1.0,4,Lento,NO,No,21.0,75.1,False
FB-8009,TRX-11807,1.0,4,No volvería,NO,No,67.0,64.8,False
FB-8010,TRX-11980,1.0,5,No volvería,NO,Sí,38.0,82.4,True
FB-8011,TRX-16055,5.0,5,---,,1,26.0,-86.9,True
FB-8012,TRX-19367,2.0,3,---,Maybe,1,77.0,-29.3,True
FB-8013,TRX-14744,4.0,2,Lento,,0,29.0,-90.7,False
FB-8014,TRX-10659,5.0,1,No volvería,,No,73.0,-35.7,False
FB-8015,TRX-18565,2.0,2,No volvería,,0,22.0,-43.9,False
FB-8016,TRX-12511,3.0,2,,,1,80.0,82.1,True
FB-8017,TRX-11929,4.0,1,Precio justo,SI,Sí,44.0,89.0,True
FB-8018,TRX-16086,2.0,5,Excelente,,0,66.0,39.0,False
FB-8019,TRX-14995,3.0,4,Dañado,SI,0,37.0,-43.4,False
FB-8020,TRX-16135,4.0,5,Dañado,,Sí,46.0,-98.6,True
FB-8021,TRX-14968,3.0,4,Excelente,Maybe,0,53.0,34.1,False
FB-8022,TRX-14816,5.0,4,Dañado,Maybe,Sí,25.0,-0.1,True
FB-8023,TRX-17961,3.0,5,Excelente,SI,0,47.0,-58.5,False
FB-8024,TRX-10458,1.0,2,No volvería,NO,No,78.0,-64.8,False
FB-8025,TRX-12340,5.0,4,Lento,NO,1,18.0,12.0,True
FB-8026,TRX-12328,3.0,5,,NO,1,52.0,-73.9,True
FB-8027,TRX-19660,5.0,2,No volvería,NO,0,63.0,9.8,False
FB-8028,TRX-16910,4.0,1,---,NO,No,35.0,83.2,False
FB-8029,TRX-10797,1.0,4,Lento,NO,No,72.0,58.3,False
FB-8030,TRX-14999,1.0,2,---,,Sí,48.0,88.3,True
FB-8031,TRX-14644,3.0,4,Excelente,SI,1,81.0,-50.3,True
FB-8032,TRX-13532,4.0,2,---,,1,37.0,90.4,True
FB-8033,TRX-12999,5.0,1,No volvería,Maybe,0,46.0,-5.0,False
FB-8034,TRX-18008,3.0,4,---,SI,1,60.0,26.1,True
FB-8035,TRX-10034,2.0,5,Excelente,SI,No,72.0,-41.2,False
FB-8036,TRX-12004,3.0,2,,Maybe,Sí,47.0,98.8,True
FB-8037,TRX-18970,2.0,1,,NO,No,50.0,-12.4,False
FB-8038,TRX-15712,1.0,4,---,NO,Sí,35.0,-62.5,True
FB-8039,TRX-11106,3.0,1,Precio justo,Maybe,1,66.0,14.8,True
FB-8040,TRX-10732,3.0,1,---,,0,70.0,-48.9,False
FB-8041,TRX-16841,1.0,4,,,Sí,68.0,-12.8,True
FB-8042,TRX-17883,5.0,4,,SI,Sí,27.0,-58.4,True
FB-8043,TRX-19389,3.0,2,Excelente,,Sí,82.0,-22.6,True
FB-8044,TRX-15074,4.0,5,,,1,45.0,-81.5,True
FB-8045,TRX-19269,1.0,1,No volvería,,No,35.0,-43.0,False
FB-8046,TRX-17411,5.0,4,Lento,Maybe,Sí,78.0,-50.2,True
FB-8047,TRX-15534,1.0,1,Precio justo,SI,Sí,26.0,89.5,True
FB-8048,TRX-16181,1.0,2,No volvería,Maybe,No,77.0,18.5,False
FB-8049,TRX-17786,5.0,2,No volvería,,No,43.0,-94.7,False
FB-8050,TRX-19923,5.0,2,No volvería,Maybe,1,60.0,82.7,True
FB-8051,TRX-12175,5.0,5,---,SI,1,50.0,28.9,True
FB-8052,TRX-12269,4.0,3,Precio justo,NO,1,37.0,-32.6,True
FB-8053,TRX-18270,2.0,3,No volvería,SI,No,33.0,-26.7,False
FB-8054,TRX-17551,1.0,3,,,0,49.0,-93.7,False
FB-8055,TRX-17371,3.0,5,Lento,,No,28.0,94.9,False
FB-8056,TRX-17357,2.0,5,,SI,No,79.0,72.1,False
FB-8057,TRX-12440,3.0,1,No volvería,NO,0,43.0,-86.9,False
FB-8058,TRX-15328,3.0,1,Dañado,NO,1,18.0,36.3,True
FB-8059,TRX-11463,3.0,2,Excelente,NO,0,29.0,-10.2,False
FB-8060,TRX-16711,4.0,5,---,SI,Sí,74.0,61.7,True
FB-8061,TRX-16344,4.0,3,Dañado,,No,67.0,24.7,False
FB-8062,TRX-13814,2.0,3,,,No,36.0,-17.4,False
FB-8063,TRX-16478,5.0,1,Lento,,0,22.0,-12.7,False
FB-8064,TRX-15554,4.0,2,Lento,Maybe,0,48.0,30.3,False
FB-8065,TRX-18863,1.0,2,Excelente,,Sí,39.0,30.9,True
FB-8066,TRX-10750,2.0,4,Lento,NO,1,83.0,11.5,True
FB-8067,TRX-17259,1.0,5,Lento,Maybe,Sí,21.0,76.8,True
FB-8068,TRX-14544,3.0,3,No volvería,SI,Sí,47.0,55.9,True
FB-8069,TRX-11450,1.0,3,Excelente,NO,No,40.0,-76.3,False
FB-8070,TRX-12713,4.0,1,---,SI,No,75.0,74.4,False
FB-8071,TRX-10406,1.0,1,Dañado,,No,38.0,-59.6,False
FB-8072,TRX-19371,3.0,5,No volvería,Maybe,No,71.0,90.1,False
FB-8073,TRX-15060,3.0,1,No volvería,SI,Sí,76.0,61.5,True
FB-8074,TRX-19192,4.0,1,Dañado,NO,No,24.0,81.8,False
FB-8075,TRX-12028,2.0,3,Lento,NO,1,63.0,35.3,True
FB-8076,TRX-19164,5.0,5,Precio justo,SI,No,80.0,30.3,False
FB-8077,TRX-11395,2.0,3,---,,0,56.0,-50.2,False
FB-8078,TRX-13152,5.0,3,,Maybe,No,84.0,25.2,False
FB-8079,TRX-18877,4.0,1,---,,No,84.0,-16.0,False
FB-8080,TRX-19451,4.0,3,Precio justo,,Sí,58.0,-69.3,True
FB-8081,TRX-10866,4.0,5,,,Sí,49.0,-28.0,True
FB-8082,TRX-19342,3.0,1,---,SI,0,53.0,32.4,False
FB-8083,TRX-18548,2.0,5,Lento,,0,20.0,75.1,False
FB-8084,TRX-13103,5.0,2,---,SI,Sí,73.0,-12.4,True
FB-8085,TRX-17796,2.0,5,No volvería,NO,Sí,30.0,-42.0,True
FB-8086,TRX-18235,5.0,5,Dañado,NO,No,66.0,-67.8,False
FB-8087,TRX-10305,1.0,4,Precio justo,NO,Sí,84.0,-19.4,True
FB-8088,TRX-11970,2.0,5,No volvería,SI,0,64.0,-43.1,False
FB-8089,TRX-18713,1.0,3,Precio justo,SI,Sí,41.0,-10.6,True
FB-8090,TRX-12944,4.0,3,Dañado,Maybe,1,57.0,-79.9,True
FB-8091,TRX-10310,3.0,1,No volvería,,0,41.0,47.1,False
FB-8092,TRX-14504,3.0,2,---,SI,1,74.0,-99.1,True
FB-8093,TRX-13371,2.0,1,---,SI,0,41.0,39.9,False
FB-8094,TRX-14018,1.0,5,Excelente,,Sí,80.0,-38.7,True
FB-8095,TRX-19495,1.0,5,No volvería,Maybe,0,36.0,-28.2,False
FB-8096,TRX-17278,5.0,3,Excelente,,0,79.0,-65.8,False
FB-8097,TRX-11386,2.0,5,Lento,,Sí,47.0,93.6,True
FB-8098,TRX-18741,2.0,5,Dañado,NO,0,82.0,-89.4,False
FB-8099,TRX-19942,1.0,3,Precio justo,NO,Sí,19.0,-43.4,True
FB-8100,TRX-15249,1.0,2,Lento,,No,23.0,-70.6,False
FB-8101,TRX-16583,3.0,5,Lento,Maybe,Sí,81.0,-3.5,True
FB-8102,TRX-19648,2.0,4,,Maybe,0,27.0,12.0,False
FB-8103,TRX-10737,3.0,2,,Maybe,1,41.0,-60.7,True
FB-8104,TRX-18052,4.0,2,No volvería,SI,Sí,20.0,31.1,True
FB-8105,TRX-10381,4.0,3,No volvería,NO,Sí,64.0,10.5,True
FB-8106,TRX-15569,1.0,1,,Maybe,Sí,64.0,68.4,True
FB-8107,TRX-17160,5.0,5,,SI,Sí,73.0,81.3,True
FB-8108,TRX-12957,1.0,5,Excelente,,1,70.0,38.9,True
FB-8109,TRX-16798,2.0,1,Excelente,,Sí,67.0,26.1,True
FB-8110,TRX-10394,1.0,5,Lento,,1,33.0,21.1,True
FB-8111,TRX-18649,3.0,4,Lento,NO,1,21.0,-66.6,True
FB-8112,TRX-15199,1.0,1,No volvería,SI,Sí,28.0,76.6,True
FB-8113,TRX-16258,3.0,3,No volvería,,0,41.0,-28.0,False
FB-8114,TRX-14213,4.0,1,---,Maybe,No,48.0,38.3,False
FB-8115,TRX-11491,3.0,2,---,Maybe,1,67.0,-11.9,True
FB-8116,TRX-11878,2.0,3,Precio justo,Maybe,0,49.0,80.6,False
FB-8117,TRX-11627,1.0,2,Dañado,Maybe,No,76.0,-18.5,False
FB-8118,TRX-18876,2.0,3,Precio justo,,Sí,29.0,12.0,True
FB-8119,TRX-12755,3.0,1,Dañado,Maybe,0,34.0,-62.5,False
FB-8120,TRX-14675,3.0,2,Lento,Maybe,No,19.0,10.8,False
FB-8121,TRX-12359,3.0,3,No volvería,,0,56.0,-59.5,False
FB-8122,TRX-12992,3.0,5,Precio justo,SI,Sí,67.0,58.9,True
FB-8123,TRX-14187,3.0,2,,,No,68.0,-26.5,False
FB-8124,TRX-11468,1.0,4,Dañado,NO,0,48.0,-15.1,False
FB-8125,TRX-12526,5.0,3,---,NO,No,42.0,28.1,False
FB-8126,TRX-15026,2.0,5,,,Sí,74.0,-82.8,True
FB-8127,TRX-16672,4.0,5,,NO,0,45.0,-37.0,False
FB-8128,TRX-12772,4.0,1,Excelente,SI,1,62.0,86.7,True
FB-8129,TRX-10965,2.0,1,Dañado,SI,No,43.0,72.4,False
FB-8130,TRX-15329,1.0,2,Dañado,Maybe,No,46.0,-53.8,False
FB-8131,TRX-12973,2.0,2,,NO,No,72.0,2.6,False
FB-8132,TRX-10445,3.0,4,No volvería,SI,No,57.0,16.7,False
FB-8133,TRX-10958,5.0,5,Precio justo,SI,No,22.0,-39.7,False
FB-8134,TRX-14882,2.0,3,Lento,NO,No,75.0,-30.5,False
FB-8135,TRX-16388,1.0,4,Precio justo,,Sí,78.0,95.6,True
FB-8136,TRX-11617,3.0,4,Lento,SI,0,39.0,-72.3,False
FB-8137,TRX-15243,2.0,4,,Maybe,1,54.0,82.3,True
FB-8138,TRX-12334,2.0,3,---,NO,No,48.0,-29.2,False
FB-8139,TRX-16763,3.0,4,Excelente,Maybe,1,31.0,-52.2,True
FB-8140,TRX-15311,1.0,1,,SI,0,51.0,-47.9,False
FB-8141,TRX-14225,5.0,1,,SI,0,70.0,-43.3,False
FB-8142,TRX-16152,5.0,1,No volvería,SI,0,38.0,-42.6,False
FB-8143,TRX-11981,3.0,4,Dañado,NO,1,54.0,-49.2,True
FB-8144,TRX-10849,4.0,4,,SI,Sí,41.0,68.5,True
FB-8145,TRX-13318,1.0,5,Precio justo,,No,81.0,-46.4,False
FB-8146,TRX-13925,4.0,2,Precio justo,NO,0,34.0,72.4,False
FB-8147,TRX-19781,4.0,5,Lento,,1,63.0,93.9,True
FB-8148,TRX-19601,4.0,1,---,SI,No,48.0,-44.2,False
FB-8149,TRX-13874,1.0,2,Precio justo,Maybe,No,67.0,13.0,False
FB-8150,TRX-18076,3.0,5,---,Maybe,0,67.0,-8.8,False
FB-8151,TRX-18333,4.0,3,Dañado,NO,1,60.0,69.3,True
FB-8152,TRX-18264,3.0,3,Lento,SI,0,34.0,-38.3,False
FB-8153,TRX-16308,2.0,3,Dañado,NO,0,36.0,53.0,False
FB-8154,TRX-11885,3.0,1,,SI,0,67.0,-4.9,False
FB-8155,TRX-14412,2.0,2,---,,0,79.0,26.2,False
FB-8156,TRX-10993,5.0,1,Lento,,No,44.0,15.3,False
FB-8157,TRX-15215,4.0,3,Dañado,NO,No,57.0,-87.5,False
FB-8158,TRX-17615,5.0,4,Lento,,No,54.0,17.7,False
FB-8159,TRX-19062,5.0,1,No volvería,Maybe,0,33.0,65.5,False
FB-8160,TRX-16669,1.0,2,Precio justo,NO,No,43.0,-42.3,False
FB-8161,TRX-11072,4.0,1,Dañado,,Sí,76.0,-19.5,True
FB-8162,TRX-17932,5.0,2,---,SI,1,82.0,-59.0,True
FB-8163,TRX-10473,2.0,4,Excelente,NO,0,50.0,-58.1,False
FB-8164,TRX-16676,2.0,5,,Maybe,0,51.0,-38.6,False
FB-8165,TRX-13829,1.0,2,No volvería,SI,No,77.0,50.7,False
FB-8166,TRX-10305,5.0,2,No volvería,Maybe,0,68.0,-3.7,False
FB-8167,TRX-14409,5.0,3,,SI,1,81.0,38.2,True
FB-8168,TRX-19077,5.0,3,Dañado,SI,No,38.0,87.1,False
FB-8169,TRX-19603,1.0,4,Dañado,Maybe,1,24.0,46.1,True
FB-8170,TRX-11663,4.0,1,---,SI,Sí,82.0,-25.4,True
FB-8171,TRX-14035,5.0,5,Excelente,NO,1,82.0,2.1,True
FB-8172,TRX-19088,5.0,5,,,No,81.0,-44.3,False
FB-8173,TRX-12057,3.0,4,Dañado,SI,0,35.0,-86.9,False
FB-8174,TRX-14990,2.0,5,,NO,1,78.0,33.2,True
FB-8175,TRX-19310,4.0,1,Excelente,SI,0,33.0,32.4,False
FB-8176,TRX-16664,4.0,3,Dañado,Maybe,Sí,82.0,71.2,True
FB-8177,TRX-17306,4.0,4,Excelente,NO,Sí,78.0,-68.1,True
FB-8178,TRX-11374,5.0,5,Lento,SI,Sí,81.0,76.9,True
FB-8179,TRX-18199,3.0,4,Precio justo,Maybe,Sí,47.0,58.9,True
FB-8180,TRX-13333,4.0,4,Precio justo,SI,0,27.0,-78.5,False
FB-8181,TRX-12332,1.0,2,Dañado,NO,1,46.0,96.5,True
FB-8182,TRX-16116,1.0,2,Dañado,NO,No,39.0,-92.2,False
FB-8183,TRX-18854,2.0,4,---,,0,31.0,59.0,False
FB-8184,TRX-12755,3.0,2,Precio justo,SI,Sí,23.0,-14.3,True
FB-8185,TRX-14016,4.0,5,---,NO,0,61.0,73.1,False
FB-8186,TRX-18806,3.0,4,Precio justo,Maybe,Sí,80.0,45.7,True
FB-8187,TRX-16942,1.0,2,Excelente,NO,1,67.0,-87.9,True
FB-8188,TRX-19095,4.0,5,Excelente,SI,1,78.0,-52.0,True
FB-8189,TRX-17401,5.0,3,Lento,NO,No,37.0,90.5,False
FB-8190,TRX-10684,1.0,3,---,NO,Sí,83.0,-70.6,True
FB-8191,TRX-10016,2.0,4,Lento,,1,32.0,-86.3,True
FB-8192,TRX-17612,4.0,1,Excelente,NO,1,55.0,-69.1,True
FB-8193,TRX-14739,2.0,5,Lento,SI,1,22.0,44.1,True
FB-8194,TRX-12742,3.0,4,No volvería,SI,1,32.0,-92.1,True
FB-8195,TRX-10008,2.0,2,---,NO,No,28.0,-13.4,False
FB-8196,TRX-10985,2.0,3,,NO,0,68.0,-81.7,False
FB-8197,TRX-17900,5.0,2,---,NO,No,50.0,37.4,False
FB-8198,TRX-14477,2.0,5,Excelente,Maybe,1,53.0,-49.4,True
FB-8199,TRX-19795,5.0,4,Lento,SI,0,58.0,36.9,False
FB-8200,TRX-14110,2.0,3,Lento,SI,Sí,50.0,-64.9,True
FB-8201,TRX-16228,5.0,5,Dañado,SI,No,52.0,-20.8,False
FB-8202,TRX-15757,1.0,3,Dañado,SI,0,74.0,85.1,False
FB-8203,TRX-13485,5.0,3,Dañado,Maybe,No,81.0,-23.2,False
FB-8204,TRX-19587,1.0,4,Precio justo,SI,No,50.0,-77.2,False
FB-8205,TRX-18361,1.0,4,,,1,50.0,-26.0,True
FB-8206,TRX-14609,4.0,1,Precio justo,NO,0,35.0,-9.1,False
FB-8207,TRX-10745,1.0,1,Precio justo,SI,Sí,28.0,-8.3,True
FB-8208,TRX-12644,4.0,1,Excelente,NO,0,79.0,41.8,False
FB-8209,TRX-18750,5.0,1,Dañado,SI,0,64.0,-75.1,False
FB-8210,TRX-19225,3.0,2,Dañado,Maybe,1,78.0,-7.7,True
FB-8211,TRX-11145,4.0,1,Excelente,Maybe,0,73.0,-49.2,False
FB-8212,TRX-14925,3.0,2,Precio justo,,Sí,41.0,-11.1,True
FB-8213,TRX-11469,5.0,3,,Maybe,No,82.0,-65.4,False
FB-8214,TRX-16476,4.0,2,Lento,Maybe,1,23.0,-52.9,True
FB-8215,TRX-12014,5.0,3,No volvería,Maybe,1,43.0,10.6,True
FB-8216,TRX-12288,3.0,1,Dañado,SI,0,82.0,-39.7,False
FB-8217,TRX-19117,5.0,2,Precio justo,NO,0,71.0,-68.1,False
FB-8218,TRX-14578,3.0,3,Lento,,No,79.0,23.9,False
FB-8219,TRX-17077,1.0,1,Dañado,NO,0,29.0,67.3,False
FB-8220,TRX-13454,3.0,3,Dañado,,1,41.0,64.3,True
FB-8221,TRX-18270,3.0,4,No volvería,,0,56.0,66.8,False
FB-8222,TRX-15215,1.0,3,Precio justo,SI,1,39.0,-96.6,True
FB-8223,TRX-15613,4.0,1,,NO,Sí,65.0,37.2,True
FB-8224,TRX-14282,2.0,5,Excelente,NO,1,21.0,99.8,True
FB-8225,TRX-17417,4.0,4,Lento,NO,1,46.0,45.3,True
FB-8226,TRX-14473,2.0,2,---,,1,23.0,-46.8,True
FB-8227,TRX-14029,1.0,4,---,,No,64.0,12.8,False
FB-8228,TRX-15269,4.0,1,Lento,,Sí,72.0,-4.4,True
FB-8229,TRX-15597,5.0,3,Precio justo,SI,1,72.0,-8.2,True
FB-8230,TRX-13450,5.0,5,Lento,,0,66.0,44.5,False
FB-8231,TRX-17533,4.0,1,---,SI,0,42.0,-74.6,False
FB-8232,TRX-19822,5.0,3,---,NO,1,62.0,-76.1,True
FB-8233,TRX-15381,1.0,1,Excelente,SI,0,25.0,1.3,False
FB-8234,TRX-10260,5.0,5,---,Maybe,0,28.0,94.8,False
FB-8235,TRX-12190,5.0,3,---,Maybe,No,18.0,-87.7,False
FB-8236,TRX-10033,2.0,5,Lento,NO,Sí,45.0,-25.9,True
FB-8237,TRX-19974,2.0,3,Precio justo,Maybe,0,26.0,1.8,False
FB-8238,TRX-17807,3.0,4,Excelente,,Sí,66.0,-99.7,True
FB-8239,TRX-10070,1.0,1,No volvería,Maybe,0,83.0,-41.1,False
FB-8240,TRX-10156,5.0,2,,SI,1,39.0,-77.8,True
FB-8241,TRX-12843,1.0,2,Precio justo,,1,56.0,41.1,True
FB-8242,TRX-16769,1.0,1,,Maybe,Sí,40.0,-12.2,True
FB-8243,TRX-19106,2.0,2,No volvería,NO,Sí,78.0,24.5,True
FB-8244,TRX-18011,5.0,5,Lento,Maybe,Sí,84.0,20.5,True
FB-8245,TRX-16435,3.0,2,,,Sí,60.0,-28.4,True
FB-8246,TRX-18816,4.0,1,Excelente,Maybe,1,62.0,-92.9,True
FB-8247,TRX-11329,3.0,4,,Maybe,0,58.0,-46.5,False
FB-8248,TRX-11270,2.0,1,Lento,SI,1,36.0,-3.8,True
FB-8249,TRX-18825,3.0,1,Precio justo,SI,Sí,61.0,-59.5,True
FB-8250,TRX-10507,2.0,3,No volvería,SI,No,43.0,87.5,False
FB-8251,TRX-17293,2.0,2,No volvería,Maybe,0,33.0,-17.3,False
FB-8252,TRX-12022,1.0,2,Lento,SI,1,39.0,-29.6,True
FB-8253,TRX-15783,5.0,3,Precio justo,SI,No,23.0,-78.5,False
FB-8254,TRX-16166,4.0,5,---,SI,0,54.0,-44.8,False
FB-8255,TRX-19851,2.0,5,---,NO,1,41.0,15.7,True
FB-8256,TRX-15864,2.0,3,Lento,,0,57.0,63.9,False
FB-8257,TRX-16336,1.0,2,,NO,No,27.0,54.7,False
FB-8258,TRX-12903,4.0,5,Dañado,Maybe,Sí,48.0,37.0,True
FB-8259,TRX-10138,2.0,5,Precio justo,Maybe,0,68.0,86.5,False
FB-8260,TRX-12044,5.0,4,Precio justo,SI,Sí,71.0,-51.4,True
FB-8261,TRX-17580,5.0,5,Excelente,,1,70.0,-53.1,True
FB-8262,TRX-16069,1.0,2,Dañado,NO,1,37.0,-90.7,True
FB-8263,TRX-13161,2.0,4,---,,0,48.0,40.7,False
FB-8264,TRX-17283,4.0,4,No volvería,Maybe,0,33.0,60.2,False
FB-8265,TRX-10153,1.0,2,Lento,Maybe,No,60.0,-48.1,False
FB-8266,TRX-13629,1.0,3,No volvería,SI,Sí,28.0,58.1,True
FB-8267,TRX-10324,3.0,1,Precio justo,NO,0,65.0,41.8,False
FB-8268,TRX-14606,1.0,5,,NO,0,57.0,8.2,False
FB-8269,TRX-15862,3.0,3,Lento,,0,36.0,10.7,False
FB-8270,TRX-13137,3.0,1,---,,0,82.0,41.0,False
FB-8271,TRX-11474,2.0,2,No volvería,Maybe,0,75.0,99.6,False
FB-8272,TRX-14967,5.0,5,Lento,SI,0,44.0,-36.2,False
FB-8273,TRX-13623,4.0,3,No volvería,Maybe,No,58.0,-85.5,False
FB-8274,TRX-13838,1.0,1,Lento,,0,31.0,39.9,False
FB-8275,TRX-18090,2.0,2,No volvería,SI,No,52.0,-94.2,False
FB-8276,TRX-15947,4.0,4,No volvería,,Sí,19.0,79.0,True
FB-8277,TRX-10602,1.0,4,Lento,NO,Sí,30.0,94.5,True
FB-8278,TRX-14599,5.0,4,Excelente,,No,53.0,45.3,False
FB-8279,TRX-18074,5.0,2,Lento,Maybe,0,59.0,-31.4,False
FB-8280,TRX-19929,3.0,1,,SI,1,41.0,-54.9,True
FB-8281,TRX-13425,3.0,2,No volvería,SI,1,32.0,-78.0,True
FB-8282,TRX-10116,4.0,4,Dañado,SI,0,24.0,-98.8,False
FB-8283,TRX-13212,1.0,2,Precio justo,Maybe,0,20.0,-13.9,False
FB-8284,TRX-16489,3.0,5,Excelente,Maybe,0,37.0,29.4,False
FB-8285,TRX-11817,2.0,1,,Maybe,Sí,60.0,-24.7,True
FB-8286,TRX-14544,3.0,5,Lento,NO,0,43.0,-12.4,False
FB-8287,TRX-19324,4.0,4,Precio justo,SI,Sí,62.0,37.0,True
FB-8288,TRX-18197,2.0,1,,SI,No,45.0,-18.2,False
FB-8289,TRX-18093,5.0,5,Excelente,SI,1,62.0,54.7,True
FB-8290,TRX-12793,2.0,2,Dañado,SI,Sí,77.0,28.5,True
FB-8291,TRX-19040,4.0,3,---,NO,Sí,57.0,34.3,True
FB-8292,TRX-13174,5.0,2,Precio justo,SI,1,26.0,23.9,True
FB-8293,TRX-19268,1.0,4,,NO,Sí,57.0,-76.1,True
FB-8294,TRX-19879,4.0,3,Lento,,Sí,31.0,36.8,True
FB-8295,TRX-19259,3.0,1,Dañado,Maybe,0,27.0,18.4,False
FB-8296,TRX-12875,4.0,3,Lento,Maybe,1,65.0,14.9,True
FB-8297,TRX-11070,4.0,1,,SI,Sí,32.0,19.7,True
FB-8298,TRX-19636,4.0,5,Precio justo,Maybe,No,62.0,97.4,False
FB-8299,TRX-12101,5.0,5,Lento,SI,0,75.0,-12.8,False
FB-8300,TRX-11065,3.0,5,,NO,1,36.0,-78.8,True
FB-8301,TRX-12087,4.0,5,Dañado,Maybe,No,65.0,2.6,False
FB-8302,TRX-14253,1.0,5,---,Maybe,1,45.0,-70.0,True
FB-8303,TRX-19337,4.0,3,Dañado,NO,1,61.0,61.3,True
FB-8304,TRX-13734,3.0,1,Precio justo,NO,1,39.0,-50.1,True
FB-8305,TRX-18570,2.0,5,Precio justo,,Sí,57.0,99.1,True
FB-8306,TRX-14494,5.0,5,No volvería,NO,1,61.0,-64.5,True
FB-8307,TRX-13143,3.0,1,Dañado,SI,1,48.0,-24.4,True
FB-8308,TRX-10378,1.0,3,,SI,1,22.0,-70.8,True
FB-8309,TRX-18731,4.0,5,No volvería,Maybe,Sí,46.0,-16.2,True
FB-8310,TRX-14143,5.0,3,Lento,Maybe,0,83.0,-3.2,False
FB-8311,TRX-19176,5.0,5,Precio justo,NO,Sí,31.0,48.7,True
FB-8312,TRX-17437,5.0,3,,SI,Sí,76.0,-99.7,True
FB-8313,TRX-10032,3.0,4,Excelente,NO,Sí,70.0,-53.8,True
FB-8314,TRX-16997,2.0,5,,NO,1,46.0,-46.0,True
FB-8315,TRX-10849,2.0,5,Lento,SI,0,21.0,20.1,False
FB-8316,TRX-15292,1.0,2,No volvería,Maybe,No,49.0,-44.6,False
FB-8317,TRX-17086,3.0,2,Dañado,Maybe,1,66.0,-2.6,True
FB-8318,TRX-16666,3.0,3,Precio justo,Maybe,No,55.0,-2.4,False
FB-8319,TRX-14489,3.0,2,Precio justo,Maybe,No,46.0,62.1,False
FB-8320,TRX-11994,4.0,3,,,0,18.0,75.2,False
FB-8321,TRX-18491,3.0,5,---,,0,20.0,95.4,False
FB-8322,TRX-17644,3.0,5,Lento,Maybe,Sí,59.0,68.2,True
FB-8323,TRX-18119,5.0,4,,SI,No,49.0,75.6,False
FB-8324,TRX-15922,5.0,4,Lento,SI,Sí,40.0,94.2,True
FB-8325,TRX-18474,5.0,2,Precio justo,NO,No,43.0,65.5,False
FB-8326,TRX-10712,3.0,5,No volvería,,Sí,55.0,-59.1,True
FB-8327,TRX-13678,3.0,3,Dañado,Maybe,0,39.0,58.5,False
FB-8328,TRX-10769,5.0,2,Precio justo,Maybe,No,29.0,41.9,False
FB-8329,TRX-14553,1.0,4,Precio justo,SI,No,80.0,11.2,False
FB-8330,TRX-16882,1.0,1,Lento,NO,0,33.0,-65.1,False
FB-8331,TRX-18723,2.0,3,Dañado,SI,No,75.0,-90.4,False
FB-8332,TRX-17354,4.0,1,Precio justo,,Sí,32.0,-56.6,True
FB-8333,TRX-15181,4.0,2,Lento,SI,Sí,22.0,75.4,True
FB-8334,TRX-10084,2.0,2,Excelente,Maybe,No,68.0,-46.1,False
FB-8335,TRX-16420,5.0,1,---,SI,No,58.0,-10.6,False
FB-8336,TRX-13188,5.0,2,Precio justo,SI,Sí,21.0,99.5,True
FB-8337,TRX-15483,3.0,2,Excelente,Maybe,0,64.0,1.9,False
FB-8338,TRX-11340,4.0,5,Dañado,,0,39.0,53.5,False
FB-8339,TRX-19368,3.0,3,Dañado,,Sí,48.0,59.0,True
FB-8340,TRX-10415,3.0,4,Precio justo,,0,46.0,75.9,False
FB-8341,TRX-13696,4.0,5,---,,0,58.0,-33.4,False
FB-8342,TRX-16943,5.0,2,,Maybe,No,78.0,-69.5,False
FB-8343,TRX-11219,1.0,4,No volvería,,1,70.0,77.7,True
FB-8344,TRX-14095,5.0,2,Lento,Maybe,Sí,33.0,21.9,True
FB-8345,TRX-13225,5.0,3,Lento,Maybe,1,72.0,19.2,True
FB-8346,TRX-12694,3.0,2,No volvería,SI,Sí,34.0,14.0,True
FB-8347,TRX-15394,3.0,1,---,SI,0,35.0,-93.0,False
FB-8348,TRX-15092,3.0,1,Excelente,Maybe,0,54.0,-50.2,False
FB-8349,TRX-11029,4.0,1,,SI,No,77.0,34.5,False
FB-8350,TRX-11584,4.0,1,,SI,No,46.0,-93.4,False
FB-8351,TRX-10456,2.0,4,Dañado,NO,0,39.0,21.3,False
FB-8352,TRX-17863,3.0,1,Precio justo,NO,No,71.0,-90.0,False
FB-8353,TRX-17077,4.0,2,Lento,NO,No,62.0,-98.3,False
FB-8354,TRX-10393,2.0,5,Lento,,Sí,69.0,78.3,True
FB-8355,TRX-19708,3.0,2,Precio justo,SI,No,75.0,82.2,False
FB-8356,TRX-15477,3.0,2,Precio justo,,0,20.0,-42.0,False
FB-8357,TRX-14102,1.0,2,Lento,Maybe,0,18.0,73.0,False
FB-8358,TRX-14049,4.0,2,Lento,,0,72.0,-85.0,False
FB-8359,TRX-11766,2.0,5,Lento,SI,No,62.0,-17.7,False
FB-8360,TRX-17759,3.0,1,Precio justo,NO,No,74.0,-4.7,False
FB-8361,TRX-13905,4.0,3,,,1,34.0,-18.3,True
FB-8362,TRX-15583,2.0,4,Excelente,SI,0,46.0,-30.3,False
FB-8363,TRX-10891,1.0,5,Lento,NO,No,35.0,22.3,False
FB-8364,TRX-15465,2.0,5,---,Maybe,1,26.0,35.3,True
FB-8365,TRX-18514,3.0,5,---,Maybe,0,32.0,91.7,False
FB-8366,TRX-13878,5.0,4,Excelente,Maybe,0,26.0,-74.7,False
FB-8367,TRX-11194,5.0,2,Lento,,0,48.0,80.1,False
FB-8368,TRX-19829,1.0,4,Precio justo,Maybe,Sí,19.0,59.5,True
FB-8369,TRX-17184,3.0,5,No volvería,,0,71.0,-43.5,False
FB-8370,TRX-11567,3.0,2,Excelente,,0,65.0,-59.9,False
FB-8371,TRX-17314,4.0,5,---,,1,18.0,-76.7,True
FB-8372,TRX-19485,5.0,3,---,,0,80.0,-15.3,False
FB-8373,TRX-12045,4.0,1,No volvería,NO,Sí,51.0,10.0,True
FB-8374,TRX-11401,3.0,1,Lento,NO,No,82.0,14.0,False
FB-8375,TRX-10994,1.0,5,---,,0,28.0,-16.6,False
FB-8376,TRX-10546,5.0,2,Lento,NO,No,26.0,37.1,False
FB-8377,TRX-16183,4.0,3,,SI,Sí,24.0,41.6,True
FB-8378,TRX-15132,1.0,3,Precio justo,NO,1,63.0,3.0,True
FB-8379,TRX-11065,3.0,2,No volvería,Maybe,1,54.0,10.3,True
FB-8380,TRX-12089,2.0,2,No volvería,,No,66.0,-61.0,False
FB-8381,TRX-11015,2.0,3,Lento,NO,No,25.0,10.8,False
FB-8382,TRX-17240,5.0,1,---,NO,No,78.0,-84.9,False
FB-8383,TRX-10897,1.0,1,Dañado,,Sí,53.0,14.1,True
FB-8384,TRX-14939,4.0,3,---,,No,19.0,28.6,False
FB-8385,TRX-17075,1.0,4,---,SI,No,62.0,96.4,False
FB-8386,TRX-11077,5.0,3,,SI,No,23.0,-15.0,False
FB-8387,TRX-11668,3.0,5,---,,Sí,54.0,-0.9,True
FB-8388,TRX-10914,1.0,4,Dañado,,Sí,74.0,-9.6,True
FB-8389,TRX-19162,5.0,2,No volvería,SI,Sí,36.0,-48.0,True
FB-8390,TRX-10855,5.0,3,---,SI,Sí,69.0,-81.1,True
FB-8391,TRX-14831,4.0,3,No volvería,NO,Sí,48.0,28.1,True
FB-8392,TRX-16249,3.0,4,---,NO,0,64.0,-85.6,False
FB-8393,TRX-16581,1.0,3,Excelente,Maybe,No,56.0,-14.0,False
FB-8394,TRX-11570,5.0,5,Lento,Maybe,Sí,68.0,-97.8,True
FB-8395,TRX-16735,3.0,1,Dañado,SI,0,72.0,88.1,False
FB-8396,TRX-13819,4.0,3,Precio justo,,No,38.0,39.5,False
FB-8397,TRX-19823,5.0,1,Excelente,,1,50.0,-55.4,True
FB-8398,TRX-10173,4.0,2,Dañado,NO,Sí,38.0,-44.8,True
FB-8399,TRX-17428,3.0,2,Lento,Maybe,1,27.0,-35.6,True
FB-8400,TRX-16290,4.0,3,Lento,NO,0,50.0,3.8,False
FB-8401,TRX-17605,1.0,2,,,Sí,21.0,26.4,True
FB-8402,TRX-17014,4.0,3,Lento,NO,No,65.0,-84.7,False
FB-8403,TRX-11659,2.0,1,Dañado,NO,0,74.0,32.1,False
FB-8404,TRX-15564,2.0,4,Lento,NO,No,29.0,-85.1,False
FB-8405,TRX-10425,2.0,3,---,SI,Sí,27.0,82.8,True
FB-8406,TRX-17439,2.0,4,,Maybe,Sí,84.0,-0.5,True
FB-8407,TRX-18474,1.0,1,Precio justo,NO,Sí,25.0,86.7,True
FB-8408,TRX-15377,5.0,1,---,NO,No,39.0,28.5,False
FB-8409,TRX-19630,2.0,4,,NO,Sí,52.0,-19.8,True
FB-8410,TRX-13153,2.0,3,Lento,Maybe,No,21.0,56.6,False
FB-8411,TRX-11769,5.0,4,Excelente,,0,33.0,-86.4,False
FB-8412,TRX-11682,2.0,3,,SI,0,54.0,17.4,False
FB-8413,TRX-10201,5.0,3,Precio justo,SI,No,39.0,-48.5,False
FB-8414,TRX-19751,2.0,4,---,NO,No,79.0,68.5,False
FB-8415,TRX-11106,5.0,1,Excelente,,No,67.0,78.1,False
FB-8416,TRX-19713,5.0,5,,,1,77.0,17.1,True
FB-8417,TRX-13172,3.0,2,,,Sí,44.0,-47.8,True
FB-8418,TRX-19391,4.0,5,Excelente,,No,69.0,-22.2,False
FB-8419,TRX-12064,5.0,1,---,NO,1,57.0,24.1,True
FB-8420,TRX-18337,2.0,2,No volvería,SI,1,47.0,-15.0,True
FB-8421,TRX-14198,1.0,4,No volvería,Maybe,1,69.0,55.4,True
FB-8422,TRX-15822,5.0,5,Lento,NO,No,55.0,-26.2,False
FB-8423,TRX-16897,2.0,3,Precio justo,Maybe,0,32.0,1.1,False
FB-8424,TRX-17887,5.0,1,---,SI,1,45.0,-62.2,True
FB-8425,TRX-17284,3.0,1,Dañado,NO,Sí,76.0,39.6,True
FB-8426,TRX-13046,1.0,1,No volvería,NO,No,57.0,73.0,False
FB-8427,TRX-13983,1.0,5,Precio justo,,Sí,22.0,-26.7,True
FB-8428,TRX-12255,2.0,3,No volvería,Maybe,Sí,56.0,90.9,True
FB-8429,TRX-10722,4.0,5,,Maybe,1,73.0,-92.3,True
FB-8430,TRX-10991,3.0,3,Precio justo,Maybe,1,52.0,-55.9,True
FB-8431,TRX-12091,4.0,2,Lento,,1,34.0,-17.5,True
FB-8432,TRX-15106,1.0,4,Excelente,,No,36.0,-15.1,False
FB-8433,TRX-19576,1.0,1,No volvería,,Sí,35.0,58.7,True
FB-8434,TRX-17140,4.0,3,---,,0,19.0,77.4,False
FB-8435,TRX-18407,5.0,5,Excelente,NO,1,83.0,-39.4,True
FB-8436,TRX-15861,4.0,5,,SI,0,66.0,27.8,False
FB-8437,TRX-15098,4.0,1,Excelente,SI,1,49.0,10.3,True
FB-8438,TRX-19562,5.0,1,---,SI,No,55.0,-64.5,False
FB-8439,TRX-18866,5.0,1,---,Maybe,No,43.0,-34.8,False
FB-8440,TRX-12385,5.0,2,---,Maybe,0,70.0,-96.0,False
FB-8441,TRX-12415,3.0,4,Dañado,SI,Sí,67.0,-39.2,True
FB-8442,TRX-17692,1.0,3,Dañado,NO,Sí,49.0,-78.9,True
FB-8443,TRX-15057,1.0,1,Lento,,1,39.0,79.7,True
FB-8444,TRX-19884,5.0,3,Precio justo,SI,1,64.0,79.8,True
FB-8445,TRX-15618,5.0,5,---,Maybe,Sí,18.0,36.0,True
FB-8446,TRX-14768,3.0,4,Lento,Maybe,0,55.0,98.6,False
FB-8447,TRX-16042,3.0,4,Precio justo,,0,72.0,16.0,False
FB-8448,TRX-10132,2.0,3,,Maybe,Sí,23.0,-59.9,True
FB-8449,TRX-18481,4.0,5,---,Maybe,1,37.0,76.9,True
FB-8450,TRX-19608,3.0,5,Dañado,,1,79.0,-58.3,True
FB-8451,TRX-12369,1.0,2,Lento,,No,35.0,-46.6,False
FB-8452,TRX-10939,1.0,1,Precio justo,SI,1,49.0,31.7,True
FB-8453,TRX-13889,3.0,5,,SI,Sí,41.0,-74.1,True
FB-8454,TRX-18308,4.0,1,Dañado,,1,71.0,22.0,True
FB-8455,TRX-19166,3.0,1,Precio justo,NO,1,68.0,-39.4,True
FB-8456,TRX-10894,2.0,3,Lento,Maybe,0,29.0,25.2,False
FB-8457,TRX-16915,2.0,1,No volvería,SI,No,51.0,59.6,False
FB-8458,TRX-15633,2.0,3,No volvería,Maybe,Sí,78.0,-21.1,True
FB-8459,TRX-13201,3.0,4,,Maybe,1,80.0,-33.8,True
FB-8460,TRX-13282,4.0,5,Lento,Maybe,Sí,56.0,-33.9,True
FB-8461,TRX-13297,5.0,3,,NO,No,54.0,-28.5,False
FB-8462,TRX-11120,1.0,2,Excelente,Maybe,0,29.0,56.7,False
FB-8463,TRX-15595,5.0,3,,Maybe,No,33.0,-13.9,False
FB-8464,TRX-13102,4.0,1,---,SI,Sí,36.0,42.7,True
FB-8465,TRX-17794,3.0,2,No volvería,Maybe,Sí,18.0,48.0,True
FB-8466,TRX-17657,3.0,1,,NO,0,82.0,6.6,False
FB-8467,TRX-19826,3.0,2,No volvería,NO,Sí,36.0,-8.9,True
FB-8468,TRX-15425,2.0,3,No volvería,Maybe,1,69.0,-24.3,True
FB-8469,TRX-19476,2.0,1,Excelente,NO,Sí,61.0,31.0,True
FB-8470,TRX-19274,2.0,3,Dañado,,1,61.0,2.9,True
FB-8471,TRX-15499,5.0,5,Dañado,NO,No,19.0,-41.7,False
FB-8472,TRX-14909,1.0,2,---,,0,21.0,6.6,False
FB-8473,TRX-16859,3.0,4,Excelente,NO,1,36.0,31.6,True
FB-8474,TRX-15384,3.0,4,,NO,1,62.0,8.9,True
FB-8475,TRX-12658,5.0,3,Excelente,SI,0,50.0,-97.0,False
FB-8476,TRX-11717,1.0,2,Lento,Maybe,1,34.0,98.6,True
FB-8477,TRX-17443,1.0,2,Lento,SI,1,74.0,51.4,True
FB-8478,TRX-10691,5.0,3,---,,Sí,34.0,-51.3,True
FB-8479,TRX-18125,3.0,4,,SI,No,21.0,52.1,False
FB-8480,TRX-13594,4.0,5,Lento,SI,No,25.0,53.5,False
FB-8481,TRX-10060,4.0,4,Dañado,NO,1,54.0,20.2,True
FB-8482,TRX-13654,1.0,1,,,0,19.0,24.9,False
FB-8483,TRX-13772,1.0,4,---,NO,Sí,43.0,-67.7,True
FB-8484,TRX-17643,3.0,1,Precio justo,,Sí,58.0,-25.6,True
FB-8485,TRX-13492,1.0,1,No volvería,,1,30.0,17.6,True
FB-8486,TRX-13916,5.0,5,Lento,NO,Sí,41.0,-84.5,True
FB-8487,TRX-17876,4.0,5,---,Maybe,0,79.0,95.6,False
FB-8488,TRX-15431,4.0,4,No volvería,Maybe,0,82.0,-79.6,False
FB-8489,TRX-16158,1.0,3,Excelente,,1,48.0,-19.3,True
FB-8490,TRX-13363,5.0,4,Dañado,Maybe,1,35.0,82.7,True
FB-8491,TRX-16558,1.0,5,Lento,NO,0,32.0,-97.0,False
FB-8492,TRX-13018,1.0,1,,NO,0,41.0,36.6,False
FB-8493,TRX-10110,5.0,1,,NO,No,82.0,-22.3,False
FB-8494,TRX-15944,5.0,3,Precio justo,SI,0,32.0,43.4,False
FB-8495,TRX-10162,2.0,4,,SI,Sí,68.0,32.8,True
FB-8496,TRX-11208,4.0,3,Dañado,NO,No,37.0,19.4,False
FB-8497,TRX-15863,1.0,3,Excelente,,No,69.0,73.1,False
FB-8498,TRX-10491,3.0,4,,SI,1,22.0,-99.0,True
FB-8499,TRX-19088,1.0,2,---,,1,71.0,-70.8,True
FB-8500,TRX-11887,1.0,4,---,NO,0,54.0,57.4,False
FB-8501,TRX-12333,3.0,3,,,0,79.0,27.0,False
FB-8502,TRX-14760,4.0,2,,NO,1,28.0,85.1,True
FB-8503,TRX-17215,2.0,3,No volvería,,Sí,59.0,-12.2,True
FB-8504,TRX-13185,5.0,3,Dañado,SI,1,23.0,9.9,True
FB-8505,TRX-19595,2.0,3,---,,1,62.0,24.8,True
FB-8506,TRX-15896,1.0,1,No volvería,NO,No,74.0,-64.8,False
FB-8507,TRX-10719,1.0,4,,Maybe,1,56.0,-71.3,True
FB-8508,TRX-10486,3.0,5,Lento,Maybe,No,54.0,-49.3,False
FB-8509,TRX-13262,3.0,1,,SI,No,57.0,-22.8,False
FB-8510,TRX-13241,1.0,4,,NO,0,75.0,-2.5,False
FB-8511,TRX-14654,2.0,1,Excelente,,No,24.0,-7.1,False
FB-8512,TRX-12853,2.0,4,Precio justo,NO,1,57.0,58.4,True
FB-8513,TRX-13587,4.0,2,Dañado,NO,1,52.0,-73.2,True
FB-8514,TRX-14292,1.0,5,,SI,1,31.0,-26.2,True
FB-8515,TRX-12855,5.0,2,No volvería,,1,26.0,89.2,True
FB-8516,TRX-15567,5.0,2,Excelente,NO,No,56.0,54.4,False
FB-8517,TRX-19085,2.0,4,---,Maybe,No,62.0,-14.4,False
FB-8518,TRX-14029,3.0,3,Excelente,,Sí,78.0,16.2,True
FB-8519,TRX-12925,3.0,3,---,Maybe,Sí,67.0,-6.0,True
FB-8520,TRX-13211,2.0,3,Lento,Maybe,0,57.0,-23.2,False
FB-8521,TRX-10352,4.0,3,Dañado,SI,1,45.0,-73.4,True
FB-8522,TRX-12884,1.0,5,Lento,Maybe,0,53.0,-66.5,False
FB-8523,TRX-14289,5.0,2,Lento,Maybe,No,27.0,-42.4,False
FB-8524,TRX-11657,2.0,1,Lento,SI,No,78.0,-27.0,False
FB-8525,TRX-10343,3.0,5,Excelente,NO,1,54.0,-49.7,True
FB-8526,TRX-12248,1.0,4,No volvería,NO,0,41.0,15.5,False
FB-8527,TRX-16208,5.0,5,No volvería,NO,No,51.0,19.6,False
FB-8528,TRX-11818,4.0,5,Precio justo,Maybe,No,18.0,-90.8,False
FB-8529,TRX-15544,2.0,4,,NO,No,38.0,29.9,False
FB-8530,TRX-13444,1.0,1,Precio justo,,1,61.0,-6.5,True
FB-8531,TRX-14998,5.0,2,No volvería,Maybe,Sí,57.0,9.4,True
FB-8532,TRX-17474,4.0,5,Lento,NO,Sí,69.0,78.7,True
FB-8533,TRX-13934,3.0,4,Excelente,Maybe,No,18.0,-63.3,False
FB-8534,TRX-16056,1.0,4,Lento,,1,70.0,-19.1,True
FB-8535,TRX-16100,2.0,1,Lento,SI,0,84.0,-3.0,False
FB-8536,TRX-12807,5.0,5,---,Maybe,No,50.0,18.2,False
FB-8537,TRX-18633,3.0,4,Lento,SI,1,28.0,35.5,True
FB-8538,TRX-17106,3.0,1,Dañado,,No,58.0,-74.1,False
FB-8539,TRX-11071,5.0,1,Dañado,SI,No,66.0,49.8,False
FB-8540,TRX-11941,5.0,4,Lento,,1,77.0,-55.8,True
FB-8541,TRX-12366,5.0,4,Precio justo,SI,1,63.0,90.2,True
FB-8542,TRX-12142,1.0,5,Precio justo,,No,33.0,-78.9,False
FB-8543,TRX-13107,2.0,5,No volvería,NO,Sí,51.0,97.3,True
FB-8544,TRX-13140,3.0,2,Excelente,NO,0,41.0,85.6,False
FB-8545,TRX-18725,4.0,4,Dañado,NO,Sí,25.0,77.8,True
FB-8546,TRX-16196,5.0,3,,SI,1,47.0,-93.9,True
FB-8547,TRX-16131,2.0,3,Lento,SI,0,70.0,-59.7,False
FB-8548,TRX-15209,4.0,2,,,0,70.0,13.6,False
FB-8549,TRX-19823,1.0,4,Dañado,,No,82.0,44.3,False
FB-8550,TRX-17037,3.0,1,,Maybe,Sí,44.0,47.0,True
FB-8551,TRX-14006,2.0,3,No volvería,Maybe,1,30.0,-90.8,True
FB-8552,TRX-10756,2.0,5,Precio justo,SI,1,24.0,37.7,True
FB-8553,TRX-19622,3.0,3,---,SI,0,44.0,-0.7,False
FB-8554,TRX-13098,3.0,4,Precio justo,NO,Sí,53.0,-37.3,True
FB-8555,TRX-18773,5.0,3,---,NO,Sí,84.0,37.9,True
FB-8556,TRX-14819,3.0,2,---,Maybe,1,73.0,-49.9,True
FB-8557,TRX-12434,2.0,5,Excelente,,Sí,31.0,29.0,True
FB-8558,TRX-15368,5.0,2,Excelente,,0,18.0,22.4,False
FB-8559,TRX-14049,3.0,1,---,,1,56.0,18.2,True
FB-8560,TRX-10872,4.0,1,No volvería,SI,No,36.0,6.6,False
FB-8561,TRX-14588,4.0,1,Excelente,NO,No,84.0,-45.5,False
FB-8562,TRX-12071,3.0,1,No volvería,,0,64.0,-59.8,False
FB-8563,TRX-18327,2.0,4,,NO,Sí,68.0,-23.4,True
FB-8564,TRX-19569,5.0,4,,,1,82.0,94.2,True
FB-8565,TRX-18011,5.0,4,---,Maybe,0,24.0,57.5,False
FB-8566,TRX-13428,5.0,2,Dañado,NO,1,64.0,-23.1,True
FB-8567,TRX-11333,1.0,2,Lento,Maybe,1,24.0,36.7,True
FB-8568,TRX-17711,3.0,3,Precio justo,NO,0,75.0,-43.8,False
FB-8569,TRX-11062,1.0,5,---,,No,73.0,-57.1,False
FB-8570,TRX-12743,1.0,2,Lento,,1,51.0,16.7,True
FB-8571,TRX-18333,4.0,3,,,1,65.0,-48.8,True
FB-8572,TRX-16358,5.0,1,Dañado,,1,55.0,9.3,True
FB-8573,TRX-18342,1.0,1,,,0,57.0,-84.0,False
FB-8574,TRX-16131,2.0,2,---,,0,46.0,67.0,False
FB-8575,TRX-18168,3.0,4,Excelente,,No,54.0,-23.6,False
FB-8576,TRX-18501,2.0,3,Precio justo,SI,1,24.0,-96.9,True
FB-8577,TRX-17606,5.0,5,Excelente,NO,0,56.0,91.7,False
FB-8578,TRX-12932,4.0,3,Lento,Maybe,1,35.0,9.1,True
FB-8579,TRX-15272,2.0,4,,SI,No,27.0,83.2,False
FB-8580,TRX-16125,2.0,4,Excelente,NO,Sí,73.0,-62.4,True
FB-8581,TRX-18609,1.0,2,No volvería,Maybe,Sí,40.0,-40.0,True
FB-8582,TRX-17918,2.0,4,Lento,NO,Sí,73.0,-23.4,True
FB-8583,TRX-18106,4.0,4,Excelente,Maybe,No,50.0,-60.9,False
FB-8584,TRX-17762,2.0,5,Lento,Maybe,0,62.0,-9.2,False
FB-8585,TRX-14396,2.0,4,Excelente,Maybe,1,51.0,-43.7,True
FB-8586,TRX-19522,5.0,1,Excelente,NO,0,23.0,-74.9,False
FB-8587,TRX-16569,4.0,4,,NO,Sí,27.0,-83.7,True
FB-8588,TRX-19567,2.0,1,,Maybe,Sí,84.0,-48.4,True
FB-8589,TRX-10599,5.0,5,,Maybe,1,55.0,96.2,True
FB-8590,TRX-13394,3.0,2,Lento,,1,61.0,-48.7,True
FB-8591,TRX-13596,2.0,1,Dañado,Maybe,No,26.0,71.1,False
FB-8592,TRX-13325,2.0,2,---,,1,47.0,-8.2,True
FB-8593,TRX-17406,5.0,2,Lento,,0,79.0,-49.5,False
FB-8594,TRX-13840,5.0,1,Precio justo,,0,50.0,64.6,False
FB-8595,TRX-16486,5.0,3,Precio justo,Maybe,1,29.0,51.0,True
FB-8596,TRX-13581,2.0,4,Dañado,Maybe,0,81.0,23.5,False
FB-8597,TRX-15013,1.0,5,Excelente,Maybe,0,52.0,-42.7,False
FB-8598,TRX-16963,1.0,2,Lento,Maybe,Sí,79.0,52.4,True
FB-8599,TRX-16178,5.0,3,---,,Sí,34.0,-96.1,True
FB-8600,TRX-19361,3.0,2,,Maybe,1,50.0,-44.0,True
FB-8601,TRX-12575,1.0,3,Excelente,,1,51.0,72.4,True
FB-8602,TRX-16129,3.0,5,Excelente,,1,78.0,-53.2,True
FB-8603,TRX-14170,1.0,3,Precio justo,,Sí,79.0,25.9,True
FB-8604,TRX-19020,1.0,5,,NO,0,27.0,-4.1,False
FB-8605,TRX-11388,2.0,4,---,SI,No,67.0,-14.2,False
FB-8606,TRX-12200,1.0,3,,,0,69.0,37.2,False
FB-8607,TRX-11376,5.0,2,Lento,,No,24.0,-92.4,False
FB-8608,TRX-14834,2.0,4,No volvería,SI,Sí,59.0,-0.4,True
FB-8609,TRX-17282,1.0,2,,NO,No,74.0,-12.0,False
FB-8610,TRX-18500,3.0,2,---,Maybe,1,50.0,50.2,True
FB-8611,TRX-15760,2.0,4,,NO,1,71.0,-14.7,True
FB-8612,TRX-13771,2.0,4,Precio justo,Maybe,1,72.0,81.0,True
FB-8613,TRX-19567,2.0,5,,SI,1,26.0,98.5,True
FB-8614,TRX-10674,1.0,3,Excelente,NO,0,62.0,75.2,False
FB-8615,TRX-17622,5.0,5,Excelente,SI,1,55.0,59.2,True
FB-8616,TRX-18392,4.0,1,No volvería,NO,No,36.0,43.4,False
FB-8617,TRX-15511,4.0,1,Excelente,NO,Sí,61.0,12.2,True
FB-8618,TRX-16981,4.0,5,Dañado,SI,1,79.0,57.4,True
FB-8619,TRX-17391,1.0,5,No volvería,SI,0,30.0,20.6,False
FB-8620,TRX-17660,3.0,3,,SI,1,52.0,92.4,True
FB-8621,TRX-17086,2.0,4,Excelente,Maybe,1,66.0,77.9,True
FB-8622,TRX-16700,2.0,1,Precio justo,SI,0,58.0,15.3,False
FB-8623,TRX-16021,5.0,4,Precio justo,,Sí,72.0,-15.0,True
FB-8624,TRX-18151,2.0,2,---,,0,32.0,-60.6,False
FB-8625,TRX-15194,5.0,2,Dañado,SI,No,31.0,-51.1,False
FB-8626,TRX-14473,1.0,4,No volvería,SI,0,76.0,-56.2,False
FB-8627,TRX-16264,4.0,2,No volvería,NO,No,63.0,78.3,False
FB-8628,TRX-10404,5.0,1,Excelente,,1,45.0,83.4,True
FB-8629,TRX-12942,5.0,1,Excelente,Maybe,0,76.0,-36.0,False
FB-8630,TRX-17236,2.0,2,Lento,NO,1,55.0,40.4,True
FB-8631,TRX-13830,1.0,1,,Maybe,0,57.0,-75.1,False
FB-8632,TRX-14351,4.0,2,Dañado,SI,No,68.0,12.3,False
FB-8633,TRX-11243,1.0,3,No volvería,NO,0,26.0,-40.1,False
FB-8634,TRX-15883,4.0,3,Excelente,,No,28.0,90.1,False
FB-8635,TRX-11350,3.0,4,,NO,1,37.0,-72.8,True
FB-8636,TRX-14825,1.0,2,No volvería,Maybe,0,51.0,-73.0,False
FB-8637,TRX-18220,3.0,3,,,0,50.0,54.3,False
FB-8638,TRX-18401,4.0,3,Dañado,Maybe,1,45.0,-37.6,True
FB-8639,TRX-18956,5.0,1,Precio justo,,0,70.0,-48.9,False
FB-8640,TRX-11280,3.0,4,Dañado,SI,No,53.0,-58.1,False
FB-8641,TRX-14528,4.0,4,No volvería,SI,0,58.0,-49.4,False
FB-8642,TRX-13731,4.0,3,Excelente,SI,1,47.0,97.8,True
FB-8643,TRX-11612,3.0,3,No volvería,,0,44.0,-9.3,False
FB-8644,TRX-11942,1.0,4,Lento,NO,Sí,67.0,-49.9,True
FB-8645,TRX-11168,5.0,1,,SI,0,28.0,-87.4,False
FB-8646,TRX-15902,4.0,5,Dañado,,0,34.0,-75.8,False
FB-8647,TRX-10627,1.0,1,Lento,,0,67.0,31.4,False
FB-8648,TRX-18946,4.0,5,No volvería,SI,1,49.0,-47.9,True
FB-8649,TRX-13281,4.0,4,---,,1,40.0,11.2,True
FB-8650,TRX-15468,4.0,4,No volvería,,No,62.0,10.5,False
FB-8651,TRX-13221,1.0,4,,SI,Sí,35.0,-27.6,True
FB-8652,TRX-15394,2.0,2,Lento,NO,1,39.0,42.7,True
FB-8653,TRX-14096,5.0,2,Excelente,Maybe,Sí,45.0,-93.3,True
FB-8654,TRX-14959,5.0,2,Excelente,NO,0,66.0,-16.6,False
FB-8655,TRX-14496,2.0,4,Dañado,,0,59.0,-13.2,False
FB-8656,TRX-13123,4.0,3,,,0,32.0,-75.1,False
FB-8657,TRX-19896,2.0,4,Lento,,0,37.0,-96.9,False
FB-8658,TRX-12258,3.0,5,Dañado,SI,Sí,49.0,6.8,True
FB-8659,TRX-18898,3.0,1,Dañado,Maybe,No,73.0,-41.1,False
FB-8660,TRX-14278,1.0,5,Precio justo,,Sí,70.0,86.4,True
FB-8661,TRX-10139,1.0,1,,,0,60.0,41.1,False
FB-8662,TRX-14906,3.0,5,Dañado,NO,No,39.0,-82.4,False
FB-8663,TRX-14617,2.0,1,,,No,37.0,31.1,False
FB-8664,TRX-15679,1.0,3,,,0,18.0,75.1,False
FB-8665,TRX-16616,2.0,1,Dañado,SI,No,68.0,91.4,False
FB-8666,TRX-16647,1.0,4,Precio justo,NO,1,74.0,-37.5,True
FB-8667,TRX-19501,5.0,5,Dañado,NO,0,59.0,-12.4,False
FB-8668,TRX-10194,2.0,2,Dañado,,No,69.0,29.1,False
FB-8669,TRX-17733,3.0,3,,SI,Sí,43.0,81.9,True
FB-8670,TRX-18399,3.0,5,Dañado,SI,No,80.0,35.2,False
FB-8671,TRX-12445,1.0,3,Lento,Maybe,Sí,78.0,-23.2,True
FB-8672,TRX-16512,2.0,2,Precio justo,Maybe,1,79.0,-82.0,True
FB-8673,TRX-13728,4.0,2,Excelente,,0,84.0,-71.2,False
FB-8674,TRX-13717,3.0,2,Dañado,Maybe,No,78.0,9.6,False
FB-8675,TRX-13438,3.0,2,Lento,SI,1,63.0,-52.3,True
FB-8676,TRX-17773,2.0,2,Lento,NO,Sí,66.0,-10.1,True
FB-8677,TRX-13829,2.0,4,Lento,Maybe,1,41.0,-18.5,True
FB-8678,TRX-18451,1.0,1,Precio justo,,1,63.0,14.1,True
FB-8679,TRX-19617,4.0,2,---,SI,Sí,74.0,-33.3,True
FB-8680,TRX-19054,3.0,5,---,Maybe,0,31.0,-7.9,False
FB-8681,TRX-17679,2.0,5,Precio justo,SI,1,19.0,16.4,True
FB-8682,TRX-17559,3.0,2,No volvería,NO,1,23.0,18.8,True
FB-8683,TRX-15581,4.0,3,Dañado,SI,Sí,78.0,-6.4,True
FB-8684,TRX-11406,5.0,2,Excelente,,Sí,53.0,42.8,True
FB-8685,TRX-15129,5.0,4,Excelente,Maybe,1,47.0,-22.0,True
FB-8686,TRX-13077,4.0,1,No volvería,SI,No,65.0,57.6,False
FB-8687,TRX-17025,2.0,5,Excelente,NO,Sí,33.0,96.9,True
FB-8688,TRX-16843,5.0,2,Dañado,Maybe,0,81.0,51.9,False
FB-8689,TRX-13433,2.0,1,Excelente,Maybe,No,25.0,56.0,False
FB-8690,TRX-17187,1.0,1,Dañado,,No,52.0,74.5,False
FB-8691,TRX-17372,3.0,2,Precio justo,NO,1,41.0,-79.3,True
FB-8692,TRX-19149,1.0,1,---,SI,0,48.0,12.2,False
FB-8693,TRX-10493,5.0,5,Precio justo,NO,No,51.0,34.4,False
FB-8694,TRX-16139,5.0,2,Dañado,NO,Sí,22.0,83.1,True
FB-8695,TRX-12276,2.0,3,---,NO,0,31.0,66.7,False
FB-8696,TRX-19461,5.0,2,---,SI,0,54.0,-22.2,False
FB-8697,TRX-12102,2.0,5,,Maybe,1,37.0,-37.6,True
FB-8698,TRX-15006,4.0,2,Dañado,NO,No,82.0,-40.8,False
FB-8699,TRX-10158,5.0,2,Precio justo,SI,Sí,33.0,-50.0,True
FB-8700,TRX-18188,4.0,2,Dañado,Maybe,No,28.0,-38.2,False
FB-8701,TRX-15810,4.0,4,No volvería,,No,61.0,46.8,False
FB-8702,TRX-15567,3.0,4,Precio justo,SI,Sí,78.0,-76.9,True
FB-8703,TRX-13694,2.0,5,Excelente,NO,No,48.0,46.9,False
FB-8704,TRX-16867,4.0,1,Precio justo,NO,0,78.0,-61.1,False
FB-8705,TRX-16974,3.0,2,Excelente,SI,1,26.0,24.8,True
FB-8706,TRX-16608,5.0,2,Excelente,SI,1,67.0,19.2,True
FB-8707,TRX-18808,5.0,4,No volvería,NO,0,35.0,18.5,False
FB-8708,TRX-14909,4.0,3,Precio justo,SI,No,32.0,-37.9,False
FB-8709,TRX-15342,5.0,4,Precio justo,NO,No,41.0,-70.0,False
FB-8710,TRX-19616,2.0,1,No volvería,SI,1,64.0,58.4,True
FB-8711,TRX-10380,5.0,2,---,,1,51.0,-51.6,True
FB-8712,TRX-19299,1.0,2,Precio justo,Maybe,Sí,40.0,-84.1,True
FB-8713,TRX-10527,5.0,5,---,,Sí,37.0,-68.3,True
FB-8714,TRX-12279,4.0,3,Excelente,SI,Sí,62.0,-77.2,True
FB-8715,TRX-12518,3.0,5,,,Sí,53.0,43.0,True
FB-8716,TRX-15410,2.0,3,,,1,63.0,49.0,True
FB-8717,TRX-19309,2.0,3,---,Maybe,No,26.0,-32.4,False
FB-8718,TRX-19879,3.0,3,Dañado,SI,0,31.0,53.0,False
FB-8719,TRX-19958,2.0,3,,,1,60.0,67.7,True
FB-8720,TRX-19402,4.0,5,,,0,78.0,-4.6,False
FB-8721,TRX-16404,4.0,2,No volvería,SI,0,39.0,65.4,False
FB-8722,TRX-16247,3.0,2,,Maybe,No,22.0,0.8,False
FB-8723,TRX-13345,4.0,5,No volvería,,No,76.0,61.9,False
FB-8724,TRX-16400,1.0,4,---,NO,0,49.0,-11.8,False
FB-8725,TRX-11043,4.0,1,Dañado,Maybe,1,52.0,-88.2,True
FB-8726,TRX-18757,2.0,3,Excelente,SI,0,21.0,-55.9,False
FB-8727,TRX-16331,3.0,5,Dañado,NO,No,64.0,-39.3,False
FB-8728,TRX-13085,1.0,3,Precio justo,NO,Sí,71.0,-11.9,True
FB-8729,TRX-17778,4.0,3,Dañado,,No,77.0,-5.1,False
FB-8730,TRX-11779,1.0,3,No volvería,,No,68.0,95.1,False
FB-8731,TRX-15387,5.0,5,Lento,SI,1,30.0,-4.9,True
FB-8732,TRX-19330,5.0,2,Precio justo,,0,52.0,-25.7,False
FB-8733,TRX-17397,1.0,4,---,Maybe,0,33.0,-27.9,False
FB-8734,TRX-14991,5.0,4,,NO,0,20.0,77.2,False
FB-8735,TRX-11527,5.0,5,,Maybe,Sí,79.0,-23.0,True
FB-8736,TRX-12808,5.0,1,---,NO,Sí,48.0,57.0,True
FB-8737,TRX-11709,3.0,4,,SI,Sí,18.0,-50.2,True
FB-8738,TRX-19058,3.0,4,Dañado,NO,Sí,79.0,-14.2,True
FB-8739,TRX-12910,5.0,3,Dañado,,Sí,18.0,14.8,True
FB-8740,TRX-10525,2.0,5,Excelente,SI,No,50.0,12.9,False
FB-8741,TRX-19885,5.0,2,---,SI,1,59.0,15.9,True
FB-8742,TRX-18005,5.0,5,Precio justo,SI,1,82.0,48.3,True
FB-8743,TRX-10439,5.0,5,Excelente,NO,No,33.0,2.0,False
FB-8744,TRX-13058,2.0,4,No volvería,Maybe,Sí,54.0,-63.3,True
FB-8745,TRX-13260,2.0,3,No volvería,,No,69.0,16.2,False
FB-8746,TRX-11138,5.0,5,Excelente,Maybe,No,52.0,-40.4,False
FB-8747,TRX-16322,4.0,2,Precio justo,NO,No,64.0,-39.9,False
FB-8748,TRX-14650,1.0,3,Excelente,Maybe,0,19.0,-74.3,False
FB-8749,TRX-13373,3.0,3,,Maybe,1,61.0,82.0,True
FB-8750,TRX-13818,3.0,2,Excelente,Maybe,No,70.0,-87.0,False
FB-8751,TRX-14769,1.0,2,Precio justo,SI,Sí,27.0,-92.5,True
FB-8752,TRX-18591,3.0,2,No volvería,NO,No,62.0,45.0,False
FB-8753,TRX-11146,1.0,5,Lento,NO,Sí,75.0,41.0,True
FB-8754,TRX-17449,2.0,3,Excelente,,Sí,41.0,-29.9,True
FB-8755,TRX-10941,5.0,3,,,0,39.0,48.1,False
FB-8756,TRX-16039,3.0,1,,SI,1,58.0,-2.5,True
FB-8757,TRX-18495,5.0,1,Excelente,NO,No,22.0,45.7,False
FB-8758,TRX-10180,5.0,1,Dañado,,1,21.0,9.2,True
FB-8759,TRX-12815,2.0,5,Precio justo,,Sí,76.0,46.5,True
FB-8760,TRX-15353,3.0,5,Dañado,SI,No,39.0,54.5,False
FB-8761,TRX-16731,4.0,2,No volvería,,No,77.0,-43.3,False
FB-8762,TRX-16407,2.0,5,Dañado,,No,28.0,-23.0,False
FB-8763,TRX-12572,5.0,3,Precio justo,,1,63.0,0.9,True
FB-8764,TRX-11814,3.0,3,Excelente,,No,58.0,-61.9,False
FB-8765,TRX-12115,2.0,4,Excelente,Maybe,0,24.0,94.1,False
FB-8766,TRX-18789,2.0,4,Lento,SI,0,41.0,84.8,False
FB-8767,TRX-16855,4.0,5,No volvería,SI,1,25.0,55.4,True
FB-8768,TRX-17835,1.0,4,Excelente,Maybe,No,29.0,-60.3,False
FB-8769,TRX-11126,3.0,5,Dañado,,0,27.0,-9.4,False
FB-8770,TRX-16373,3.0,2,Lento,NO,No,28.0,85.5,False
FB-8771,TRX-13382,3.0,2,Lento,,Sí,37.0,22.4,True
FB-8772,TRX-12128,3.0,4,---,Maybe,Sí,61.0,-22.9,True
FB-8773,TRX-13369,1.0,5,No volvería,,No,40.0,-81.7,False
FB-8774,TRX-15075,2.0,4,Lento,SI,No,39.0,-80.0,False
FB-8775,TRX-17081,2.0,3,,,No,62.0,35.7,False
FB-8776,TRX-17778,1.0,5,Precio justo,NO,Sí,39.0,-37.7,True
FB-8777,TRX-12601,2.0,1,Dañado,SI,0,56.0,-0.7,False
FB-8778,TRX-19891,1.0,3,Lento,,Sí,58.0,50.3,True
FB-8779,TRX-19422,1.0,5,Excelente,,No,73.0,-63.4,False
FB-8780,TRX-15084,2.0,4,Dañado,NO,1,84.0,-84.5,True
FB-8781,TRX-19625,2.0,4,No volvería,,0,52.0,-24.7,False
FB-8782,TRX-13325,1.0,4,Lento,Maybe,1,33.0,-67.5,True
FB-8783,TRX-18232,4.0,5,Dañado,NO,Sí,35.0,2.1,True
FB-8784,TRX-17519,5.0,4,Excelente,Maybe,0,30.0,10.6,False
FB-8785,TRX-14512,3.0,5,Lento,NO,0,39.0,-77.9,False
FB-8786,TRX-13304,1.0,5,No volvería,SI,1,26.0,58.6,True
FB-8787,TRX-10121,2.0,4,No volvería,NO,1,26.0,-95.3,True
FB-8788,TRX-12337,1.0,2,---,NO,1,35.0,-31.2,True
FB-8789,TRX-17302,2.0,2,No volvería,Maybe,1,81.0,-90.6,True
FB-8790,TRX-11048,1.0,3,,Maybe,0,55.0,41.4,False
FB-8791,TRX-16541,2.0,5,Lento,NO,Sí,68.0,75.7,True
FB-8792,TRX-19909,4.0,4,Lento,SI,1,75.0,-30.4,True
FB-8793,TRX-14044,5.0,4,Lento,NO,No,39.0,-34.4,False
FB-8794,TRX-18615,2.0,4,Excelente,,0,73.0,38.9,False
FB-8795,TRX-15388,4.0,2,,NO,1,46.0,74.3,True
FB-8796,TRX-19326,5.0,1,---,SI,No,72.0,77.4,False
FB-8797,TRX-18043,2.0,5,No volvería,Maybe,Sí,21.0,16.9,True
FB-8798,TRX-17539,3.0,3,Dañado,,Sí,53.0,18.8,True
FB-8799,TRX-17580,1.0,3,,NO,1,49.0,23.9,True
FB-8800,TRX-19439,1.0,3,Dañado,NO,No,50.0,1.6,False
FB-8801,TRX-10640,1.0,5,Lento,NO,1,31.0,6.2,True
FB-8802,TRX-11492,2.0,5,No volvería,Maybe,0,35.0,-81.1,False
FB-8803,TRX-14717,3.0,3,---,SI,0,84.0,96.5,False
FB-8804,TRX-17476,3.0,3,No volvería,,0,26.0,-87.6,False
FB-8805,TRX-15681,3.0,4,Lento,SI,1,43.0,-3.9,True
FB-8806,TRX-14873,5.0,1,Excelente,SI,1,65.0,57.1,True
FB-8807,TRX-16407,2.0,2,Dañado,NO,1,36.0,16.6,True
FB-8808,TRX-12869,4.0,5,Dañado,,Sí,19.0,-80.8,True
FB-8809,TRX-16800,5.0,1,Precio justo,,Sí,45.0,11.1,True
FB-8810,TRX-14081,2.0,3,---,Maybe,No,70.0,81.1,False
FB-8811,TRX-12942,3.0,3,Lento,,1,59.0,24.4,True
FB-8812,TRX-17079,2.0,3,Dañado,SI,0,47.0,55.9,False
FB-8813,TRX-17501,3.0,3,---,NO,0,35.0,-7.5,False
FB-8814,TRX-16302,4.0,4,Dañado,NO,1,26.0,-37.6,True
FB-8815,TRX-13005,3.0,5,Excelente,NO,No,24.0,-60.0,False
FB-8816,TRX-19316,5.0,3,,SI,0,70.0,69.8,False
FB-8817,TRX-11565,2.0,3,Lento,Maybe,No,22.0,41.3,False
FB-8818,TRX-16447,1.0,5,Lento,Maybe,1,60.0,-64.4,True
FB-8819,TRX-10715,3.0,2,,,Sí,30.0,10.3,True
FB-8820,TRX-13927,3.0,4,---,NO,0,64.0,41.9,False
FB-8821,TRX-12587,1.0,4,,NO,No,62.0,13.6,False
FB-8822,TRX-14485,5.0,1,,NO,Sí,19.0,89.9,True
FB-8823,TRX-18810,4.0,4,---,NO,No,26.0,-63.0,False
FB-8824,TRX-14782,4.0,1,Dañado,NO,Sí,39.0,42.9,True
FB-8825,TRX-11093,5.0,2,Dañado,,1,37.0,23.3,True
FB-8826,TRX-13559,2.0,5,---,Maybe,Sí,77.0,83.8,True
FB-8827,TRX-18085,4.0,3,No volvería,Maybe,0,28.0,72.5,False
FB-8828,TRX-16738,5.0,1,Precio justo,SI,1,38.0,29.7,True
FB-8829,TRX-19057,3.0,4,,NO,1,83.0,-12.8,True
FB-8830,TRX-11986,1.0,3,Dañado,Maybe,0,70.0,-67.2,False
FB-8831,TRX-16041,2.0,2,Lento,Maybe,Sí,39.0,60.6,True
FB-8832,TRX-11253,2.0,5,No volvería,,1,41.0,64.9,True
FB-8833,TRX-11723,3.0,1,---,,1,83.0,-27.6,True
FB-8834,TRX-18264,4.0,4,Excelente,SI,1,43.0,-54.8,True
FB-8835,TRX-15341,2.0,3,Lento,SI,No,53.0,86.3,False
FB-8836,TRX-16719,1.0,3,No volvería,Maybe,0,54.0,-6.2,False
FB-8837,TRX-17388,3.0,3,,SI,0,35.0,47.2,False
FB-8838,TRX-12700,2.0,5,Lento,Maybe,1,44.0,24.3,True
FB-8839,TRX-14141,3.0,1,,,1,36.0,39.9,True
FB-8840,TRX-13397,4.0,5,Lento,SI,0,75.0,-96.3,False
FB-8841,TRX-18291,5.0,4,Lento,Maybe,Sí,53.0,25.2,True
FB-8842,TRX-10731,3.0,1,Dañado,Maybe,1,50.0,9.9,True
FB-8843,TRX-17572,4.0,2,Dañado,,No,78.0,50.7,False
FB-8844,TRX-10437,2.0,2,Precio justo,Maybe,0,23.0,87.5,False
FB-8845,TRX-11199,2.0,5,Excelente,NO,Sí,21.0,66.0,True
FB-8846,TRX-17567,4.0,5,Excelente,NO,Sí,26.0,-11.6,True
FB-8847,TRX-16244,2.0,5,Dañado,Maybe,0,42.0,19.1,False
FB-8848,TRX-15630,2.0,2,Lento,SI,No,40.0,-52.3,False
FB-8849,TRX-16542,2.0,2,Lento,NO,1,74.0,-99.5,True
FB-8850,TRX-13185,4.0,1,---,NO,0,43.0,-70.9,False
FB-8851,TRX-16499,4.0,1,,NO,No,21.0,-85.6,False
FB-8852,TRX-10618,3.0,5,No volvería,NO,0,38.0,50.0,False
FB-8853,TRX-10175,1.0,3,,SI,Sí,42.0,-62.5,True
FB-8854,TRX-14105,5.0,1,,,1,48.0,-77.7,True
FB-8855,TRX-11878,2.0,2,No volvería,SI,Sí,24.0,-43.0,True
FB-8856,TRX-12236,1.0,4,No volvería,,0,30.0,86.7,False
FB-8857,TRX-15359,1.0,3,---,NO,No,72.0,-45.0,False
FB-8858,TRX-17606,4.0,2,,NO,0,26.0,31.4,False
FB-8859,TRX-17942,4.0,3,Excelente,SI,1,75.0,66.7,True
FB-8860,TRX-17558,1.0,4,Excelente,SI,0,60.0,65.8,False
FB-8861,TRX-11117,4.0,5,No volvería,,0,47.0,88.7,False
FB-8862,TRX-11352,3.0,3,No volvería,SI,Sí,78.0,-27.5,True
FB-8863,TRX-18985,3.0,4,No volvería,Maybe,1,84.0,-2.4,True
FB-8864,TRX-13969,5.0,4,Excelente,SI,0,71.0,-52.5,False
FB-8865,TRX-17171,5.0,3,Dañado,NO,1,56.0,-87.0,True
FB-8866,TRX-12297,5.0,3,,SI,1,46.0,95.6,True
FB-8867,TRX-17713,2.0,3,,NO,No,38.0,73.3,False
FB-8868,TRX-14573,3.0,3,,Maybe,No,29.0,-37.0,False
FB-8869,TRX-12643,2.0,5,,NO,Sí,40.0,58.0,True
FB-8870,TRX-12794,3.0,2,Lento,SI,Sí,34.0,65.9,True
FB-8871,TRX-10295,1.0,1,,,No,78.0,-51.0,False
FB-8872,TRX-19944,2.0,5,,Maybe,0,48.0,86.8,False
FB-8873,TRX-11646,5.0,3,Dañado,Maybe,0,29.0,-35.9,False
FB-8874,TRX-12903,3.0,4,Excelente,SI,1,65.0,13.6,True
FB-8875,TRX-14819,5.0,5,Excelente,Maybe,Sí,39.0,59.5,True
FB-8876,TRX-12034,4.0,1,No volvería,NO,No,69.0,18.0,False
FB-8877,TRX-18759,3.0,1,Dañado,,0,22.0,-48.1,False
FB-8878,TRX-16403,3.0,5,Excelente,SI,No,80.0,86.5,False
FB-8879,TRX-12759,5.0,4,Precio justo,Maybe,1,23.0,-99.3,True
FB-8880,TRX-11271,5.0,4,Dañado,NO,No,81.0,5.0,False
FB-8881,TRX-10183,5.0,4,---,NO,1,75.0,-91.1,True
FB-8882,TRX-14476,3.0,2,Dañado,Maybe,Sí,42.0,31.0,True
FB-8883,TRX-12514,1.0,4,---,SI,0,70.0,-91.5,False
FB-8884,TRX-17219,4.0,1,Excelente,NO,0,37.0,-88.7,False
FB-8885,TRX-15866,5.0,3,Lento,Maybe,0,20.0,-1.4,False
FB-8886,TRX-12915,1.0,3,Excelente,SI,Sí,81.0,37.6,True
FB-8887,TRX-13549,5.0,1,Dañado,SI,1,24.0,-15.8,True
FB-8888,TRX-10564,3.0,4,Precio justo,NO,0,20.0,82.8,False
FB-8889,TRX-18721,1.0,3,Dañado,SI,Sí,60.0,85.4,True
FB-8890,TRX-13541,3.0,1,---,,0,62.0,-10.3,False
FB-8891,TRX-17242,2.0,4,Excelente,NO,0,21.0,20.4,False
FB-8892,TRX-10782,5.0,2,,SI,Sí,51.0,95.8,True
FB-8893,TRX-18566,4.0,3,No volvería,,0,61.0,64.3,False
FB-8894,TRX-11684,1.0,4,---,,0,59.0,-73.1,False
FB-8895,TRX-16399,2.0,4,Lento,NO,No,75.0,-85.8,False
FB-8896,TRX-15051,5.0,3,Dañado,Maybe,No,69.0,13.9,False
FB-8897,TRX-17274,2.0,4,Precio justo,SI,1,66.0,68.5,True
FB-8898,TRX-10858,1.0,5,Precio justo,,Sí,29.0,51.4,True
FB-8899,TRX-19800,4.0,5,Precio justo,NO,No,68.0,25.3,False
FB-8900,TRX-10076,3.0,2,Lento,SI,No,24.0,67.0,False
FB-8901,TRX-10797,1.0,1,,Maybe,0,79.0,-74.0,False
FB-8902,TRX-16183,4.0,5,Dañado,SI,No,76.0,-5.8,False
FB-8903,TRX-13305,3.0,5,No volvería,Maybe,1,57.0,57.9,True
FB-8904,TRX-14091,5.0,2,Excelente,SI,0,67.0,-68.0,False
FB-8905,TRX-16138,2.0,5,,SI,0,57.0,-25.3,False
FB-8906,TRX-13908,3.0,5,---,Maybe,1,42.0,-8.2,True
FB-8907,TRX-13276,5.0,3,Dañado,Maybe,0,23.0,-85.0,False
FB-8908,TRX-11497,2.0,2,Dañado,NO,1,81.0,-95.5,True
FB-8909,TRX-10262,3.0,4,No volvería,NO,1,61.0,1.5,True
FB-8910,TRX-16908,5.0,4,Lento,Maybe,1,18.0,81.4,True
FB-8911,TRX-10457,5.0,1,---,,No,22.0,-79.5,False
FB-8912,TRX-10238,3.0,1,Excelente,SI,0,61.0,-74.1,False
FB-8913,TRX-15523,1.0,5,Excelente,Maybe,Sí,75.0,-88.5,True
FB-8914,TRX-13148,4.0,5,Excelente,,No,35.0,-27.6,False
FB-8915,TRX-11035,4.0,4,---,,Sí,62.0,-21.2,True
FB-8916,TRX-13613,1.0,2,,NO,0,75.0,96.7,False
FB-8917,TRX-11582,5.0,3,Dañado,NO,1,58.0,64.6,True
FB-8918,TRX-12750,2.0,1,No volvería,SI,Sí,52.0,-26.9,True
FB-8919,TRX-12736,1.0,5,No volvería,NO,No,53.0,-23.9,False
FB-8920,TRX-10721,5.0,1,Lento,SI,1,59.0,-16.8,True
FB-8921,TRX-16810,3.0,4,No volvería,Maybe,Sí,19.0,18.1,True
FB-8922,TRX-18396,3.0,2,No volvería,SI,0,35.0,75.3,False
FB-8923,TRX-11764,5.0,4,Excelente,NO,Sí,52.0,-54.1,True
FB-8924,TRX-15359,3.0,3,Lento,NO,No,39.0,-50.9,False
FB-8925,TRX-15286,4.0,2,No volvería,,0,72.0,98.1,False
FB-8926,TRX-19208,1.0,3,---,NO,1,64.0,-2.2,True
FB-8927,TRX-13105,4.0,3,No volvería,,No,41.0,36.9,False
FB-8928,TRX-13393,5.0,2,No volvería,NO,1,49.0,61.7,True
FB-8929,TRX-18875,1.0,3,No volvería,,0,28.0,-2.1,False
FB-8930,TRX-16472,3.0,1,Excelente,SI,Sí,27.0,-96.7,True
FB-8931,TRX-17010,1.0,5,---,SI,No,60.0,49.9,False
FB-8932,TRX-11979,1.0,2,---,SI,1,24.0,16.6,True
FB-8933,TRX-13807,3.0,4,Dañado,,0,65.0,75.5,False
FB-8934,TRX-13502,2.0,4,---,SI,0,40.0,60.1,False
FB-8935,TRX-11734,3.0,5,---,Maybe,Sí,25.0,-21.0,True
FB-8936,TRX-15842,4.0,4,,SI,No,24.0,-91.5,False
FB-8937,TRX-15298,2.0,5,---,SI,Sí,27.0,10.0,True
FB-8938,TRX-12844,4.0,1,Lento,,0,29.0,96.2,False
FB-8939,TRX-10245,5.0,4,Dañado,SI,Sí,54.0,-65.7,True
FB-8940,TRX-16588,4.0,4,,NO,No,43.0,1.4,False
FB-8941,TRX-15181,1.0,1,Excelente,,0,22.0,-76.0,False
FB-8942,TRX-10196,5.0,4,Dañado,SI,1,68.0,87.8,True
FB-8943,TRX-16376,2.0,4,,Maybe,0,64.0,65.5,False
FB-8944,TRX-13485,4.0,1,No volvería,,Sí,24.0,7.4,True
FB-8945,TRX-17516,5.0,1,---,SI,Sí,53.0,27.7,True
FB-8946,TRX-13606,4.0,1,Lento,Maybe,Sí,24.0,29.2,True
FB-8947,TRX-11081,1.0,4,No volvería,,Sí,56.0,90.8,True
FB-8948,TRX-14562,1.0,5,Lento,NO,0,59.0,94.2,False
FB-8949,TRX-16045,2.0,5,Dañado,NO,No,71.0,33.0,False
FB-8950,TRX-10719,3.0,2,No volvería,SI,0,23.0,-41.2,False
FB-8951,TRX-11103,3.0,2,Excelente,Maybe,No,82.0,27.9,False
FB-8952,TRX-13580,1.0,4,No volvería,NO,0,19.0,11.2,False
FB-8953,TRX-16735,5.0,4,Precio justo,Maybe,0,84.0,57.8,False
FB-8954,TRX-14940,2.0,5,---,NO,No,31.0,72.6,False
FB-8955,TRX-19811,4.0,3,Excelente,,Sí,41.0,27.5,True
FB-8956,TRX-18185,4.0,2,Lento,NO,No,58.0,3.4,False
FB-8957,TRX-11668,5.0,5,Precio justo,Maybe,No,71.0,71.4,False
FB-8958,TRX-18784,3.0,4,---,Maybe,1,19.0,-10.7,True
FB-8959,TRX-19325,1.0,2,No volvería,SI,1,35.0,-4.6,True
FB-8960,TRX-12809,1.0,2,---,,Sí,35.0,-96.6,True
FB-8961,TRX-14127,2.0,2,---,NO,1,36.0,-85.6,True
FB-8962,TRX-11552,1.0,4,No volvería,,0,54.0,-14.1,False
FB-8963,TRX-19828,3.0,5,No volvería,,1,38.0,-98.5,True
FB-8964,TRX-15314,3.0,3,No volvería,Maybe,No,79.0,-59.3,False
FB-8965,TRX-16366,5.0,4,,SI,0,38.0,35.9,False
FB-8966,TRX-12177,2.0,2,Precio justo,,No,60.0,25.8,False
FB-8967,TRX-15440,2.0,1,Excelente,Maybe,0,75.0,13.4,False
FB-8968,TRX-12872,1.0,5,,NO,No,52.0,65.0,False
FB-8969,TRX-15209,4.0,4,Precio justo,Maybe,0,33.0,-27.7,False
FB-8970,TRX-17899,2.0,2,Excelente,SI,Sí,69.0,32.0,True
FB-8971,TRX-11106,1.0,3,Dañado,Maybe,No,48.0,28.9,False
FB-8972,TRX-15490,4.0,2,Dañado,,No,27.0,31.8,False
FB-8973,TRX-10289,1.0,2,Excelente,Maybe,0,65.0,34.8,False
FB-8974,TRX-19970,5.0,4,Excelente,Maybe,No,81.0,60.5,False
FB-8975,TRX-19585,2.0,3,Excelente,Maybe,Sí,66.0,21.7,True
FB-8976,TRX-17354,1.0,1,---,,No,21.0,75.2,False
FB-8977,TRX-16264,5.0,4,Dañado,SI,Sí,57.0,-14.5,True
FB-8978,TRX-18372,1.0,5,---,NO,1,77.0,94.7,True
FB-8979,TRX-13808,3.0,3,Excelente,,1,58.0,-93.3,True
FB-8980,TRX-18248,1.0,1,Excelente,NO,1,64.0,-73.2,True
FB-8981,TRX-19625,3.0,1,---,NO,Sí,60.0,-83.3,True
FB-8982,TRX-10217,2.0,3,Precio justo,,Sí,81.0,-12.3,True
FB-8983,TRX-13811,1.0,5,Lento,,0,32.0,17.6,False
FB-8984,TRX-10347,5.0,2,No volvería,,No,46.0,-11.5,False
FB-8985,TRX-12032,2.0,4,No volvería,,Sí,47.0,-58.0,True
FB-8986,TRX-15060,2.0,5,,SI,0,46.0,-53.6,False
FB-8987,TRX-13873,3.0,1,Precio justo,SI,1,51.0,61.4,True
FB-8988,TRX-17020,2.0,5,---,Maybe,No,80.0,-89.3,False
FB-8989,TRX-13990,1.0,2,Excelente,NO,Sí,29.0,98.3,True
FB-8990,TRX-11300,1.0,5,Lento,NO,0,42.0,44.1,False
FB-8991,TRX-10981,3.0,5,Precio justo,,0,25.0,84.2,False
FB-8992,TRX-12253,1.0,1,Lento,,Sí,22.0,-63.4,True
FB-8993,TRX-16136,3.0,5,Dañado,NO,1,36.0,11.8,True
FB-8994,TRX-18171,4.0,4,Lento,,0,45.0,5.8,False
FB-8995,TRX-14859,3.0,3,Precio justo,SI,Sí,41.0,24.2,True
FB-8996,TRX-13309,5.0,1,---,Maybe,Sí,55.0,55.5,True
FB-8997,TRX-12484,5.0,3,,Maybe,0,48.0,42.7,False
FB-8998,TRX-16156,1.0,5,No volvería,NO,No,65.0,-21.4,False
FB-8999,TRX-13348,4.0,2,---,SI,No,20.0,73.9,False
FB-9000,TRX-10621,5.0,1,Dañado,SI,No,50.0,-97.2,False
FB-9001,TRX-13900,5.0,5,Lento,,0,20.0,-49.4,False
FB-9002,TRX-19798,5.0,5,No volvería,,0,64.0,3.9,False
FB-9003,TRX-17270,1.0,2,Lento,,Sí,55.0,71.8,True
FB-9004,TRX-15385,2.0,5,,Maybe,Sí,46.0,-20.2,True
FB-9005,TRX-12199,2.0,4,Lento,Maybe,Sí,62.0,55.2,True
FB-9006,TRX-14556,2.0,2,Excelente,SI,1,38.0,-47.0,True
FB-9007,TRX-15202,1.0,1,No volvería,SI,1,66.0,93.9,True
FB-9008,TRX-10648,2.0,1,,SI,No,66.0,-96.9,False
FB-9009,TRX-18533,3.0,3,---,,Sí,43.0,-64.6,True
FB-9010,TRX-16797,1.0,4,Dañado,Maybe,0,47.0,-95.6,False
FB-9011,TRX-14726,1.0,4,Dañado,,Sí,45.0,-96.6,True
FB-9012,TRX-10388,4.0,1,Dañado,,Sí,39.0,81.1,True
FB-9013,TRX-13752,5.0,5,Lento,Maybe,No,45.0,-44.8,False
FB-9014,TRX-15427,4.0,4,,,1,81.0,-53.1,True
FB-9015,TRX-15615,2.0,4,No volvería,Maybe,Sí,36.0,-46.6,True
FB-9016,TRX-13969,1.0,5,Dañado,NO,0,64.0,60.6,False
FB-9017,TRX-13372,1.0,2,,SI,No,64.0,-37.6,False
FB-9018,TRX-18836,2.0,5,Dañado,NO,1,65.0,18.6,True
FB-9019,TRX-10885,5.0,3,---,SI,Sí,19.0,71.7,True
FB-9020,TRX-14068,4.0,3,,SI,1,40.0,-36.2,True
FB-9021,TRX-13644,5.0,1,Lento,NO,0,22.0,-70.8,False
FB-9022,TRX-19962,2.0,2,Precio justo,Maybe,0,60.0,-86.5,False
FB-9023,TRX-16250,4.0,4,,,Sí,31.0,12.7,True
FB-9024,TRX-18543,4.0,1,Dañado,NO,No,45.0,21.2,False
FB-9025,TRX-15269,5.0,1,No volvería,SI,No,23.0,74.2,False
FB-9026,TRX-13007,5.0,4,Dañado,Maybe,No,37.0,-5.3,False
FB-9027,TRX-17247,1.0,4,Lento,NO,No,84.0,73.4,False
FB-9028,TRX-10099,1.0,5,Precio justo,Maybe,No,48.0,2.9,False
FB-9029,TRX-11058,5.0,3,Precio justo,NO,Sí,67.0,18.0,True
FB-9030,TRX-18055,2.0,4,---,NO,1,60.0,7.5,True
FB-9031,TRX-11146,5.0,5,No volvería,Maybe,0,29.0,-39.9,False
FB-9032,TRX-13153,1.0,3,,Maybe,Sí,65.0,68.7,True
FB-9033,TRX-10853,4.0,2,Precio justo,Maybe,0,45.0,76.9,False
FB-9034,TRX-12318,2.0,2,,Maybe,Sí,56.0,69.7,True
FB-9035,TRX-13345,1.0,2,Dañado,NO,Sí,26.0,-78.5,True
FB-9036,TRX-12057,2.0,4,,,0,50.0,33.3,False
FB-9037,TRX-11503,2.0,3,Excelente,Maybe,Sí,60.0,-11.2,True
FB-9038,TRX-12845,4.0,3,Lento,NO,Sí,18.0,-80.4,True
FB-9039,TRX-19709,1.0,2,Dañado,Maybe,Sí,27.0,-87.6,True
FB-9040,TRX-18992,5.0,1,,,Sí,35.0,39.6,True
FB-9041,TRX-13348,2.0,3,Dañado,NO,Sí,26.0,-20.5,True
FB-9042,TRX-13871,2.0,3,Lento,,No,30.0,-23.6,False
FB-9043,TRX-18313,4.0,5,Lento,NO,Sí,60.0,-57.4,True
FB-9044,TRX-11280,1.0,2,Dañado,NO,Sí,21.0,20.4,True
FB-9045,TRX-16983,2.0,1,Precio justo,Maybe,Sí,60.0,-70.3,True
FB-9046,TRX-17652,2.0,5,No volvería,,1,48.0,-99.2,True
FB-9047,TRX-15103,3.0,1,Dañado,SI,Sí,42.0,-97.2,True
FB-9048,TRX-12689,3.0,1,Excelente,,Sí,34.0,-26.4,True
FB-9049,TRX-13236,2.0,1,Dañado,SI,1,83.0,43.8,True
FB-9050,TRX-14012,3.0,4,,,1,45.0,20.5,True
FB-9051,TRX-16947,4.0,3,Excelente,Maybe,0,31.0,-49.9,False
FB-9052,TRX-12890,5.0,3,---,,0,30.0,-79.6,False
FB-9053,TRX-19926,3.0,5,Dañado,,0,31.0,-27.6,False
FB-9054,TRX-14079,3.0,1,---,SI,0,35.0,79.3,False
FB-9055,TRX-14966,1.0,1,Dañado,SI,1,26.0,-30.6,True
FB-9056,TRX-14675,5.0,3,Excelente,,0,61.0,-76.0,False
FB-9057,TRX-19444,3.0,1,No volvería,Maybe,Sí,44.0,78.2,True
FB-9058,TRX-17344,5.0,1,Excelente,SI,1,58.0,-35.2,True
FB-9059,TRX-13299,5.0,1,No volvería,Maybe,No,73.0,54.4,False
FB-9060,TRX-14454,1.0,2,---,SI,Sí,61.0,-45.4,True
FB-9061,TRX-17883,2.0,2,No volvería,NO,No,27.0,73.8,False
FB-9062,TRX-11310,2.0,2,Excelente,NO,0,49.0,-83.6,False
FB-9063,TRX-15891,3.0,5,,NO,0,43.0,-49.4,False
FB-9064,TRX-16524,1.0,1,Lento,NO,Sí,58.0,45.5,True
FB-9065,TRX-16188,3.0,2,Excelente,NO,0,63.0,-21.1,False
FB-9066,TRX-12748,3.0,2,Lento,NO,0,31.0,10.1,False
FB-9067,TRX-17712,2.0,4,,Maybe,0,62.0,-44.6,False
FB-9068,TRX-17231,1.0,5,,Maybe,0,43.0,-27.7,False
FB-9069,TRX-16925,5.0,2,,SI,No,24.0,21.3,False
FB-9070,TRX-18278,2.0,2,---,,Sí,54.0,58.5,True
FB-9071,TRX-19984,3.0,2,,,0,67.0,78.4,False
FB-9072,TRX-17101,3.0,4,---,,No,83.0,-28.2,False
FB-9073,TRX-12553,4.0,4,Dañado,,1,46.0,26.1,True
FB-9074,TRX-17897,1.0,5,Lento,NO,Sí,72.0,-0.4,True
FB-9075,TRX-10324,5.0,1,---,,Sí,26.0,31.3,True
FB-9076,TRX-16249,5.0,1,Precio justo,NO,1,48.0,24.4,True
FB-9077,TRX-17002,3.0,5,Dañado,,0,35.0,24.0,False
FB-9078,TRX-11363,4.0,1,---,SI,Sí,69.0,-12.7,True
FB-9079,TRX-14918,4.0,3,Dañado,Maybe,1,47.0,-41.3,True
FB-9080,TRX-19751,1.0,1,Lento,NO,1,28.0,-15.8,True
FB-9081,TRX-18801,3.0,4,Lento,Maybe,No,42.0,67.4,False
FB-9082,TRX-12503,3.0,4,Precio justo,,1,43.0,-31.4,True
FB-9083,TRX-19057,3.0,2,Dañado,Maybe,Sí,27.0,72.3,True
FB-9084,TRX-12878,1.0,4,Lento,,1,49.0,-66.7,True
FB-9085,TRX-14215,5.0,3,Excelente,Maybe,1,71.0,10.7,True
FB-9086,TRX-16233,2.0,3,No volvería,Maybe,1,42.0,-78.2,True
FB-9087,TRX-17596,4.0,3,,,Sí,46.0,-11.5,True
FB-9088,TRX-15011,5.0,2,No volvería,,1,52.0,94.1,True
FB-9089,TRX-17431,2.0,1,Lento,NO,No,69.0,25.3,False
FB-9090,TRX-14640,5.0,2,---,Maybe,Sí,29.0,-96.4,True
FB-9091,TRX-16146,5.0,4,Precio justo,NO,No,65.0,64.5,False
FB-9092,TRX-19210,5.0,3,Lento,,No,24.0,0.1,False
FB-9093,TRX-19929,5.0,2,Precio justo,,Sí,70.0,34.3,True
FB-9094,TRX-17878,3.0,2,Dañado,SI,1,62.0,28.4,True
FB-9095,TRX-11178,5.0,3,Excelente,SI,0,50.0,-62.3,False
FB-9096,TRX-15459,2.0,5,Dañado,SI,Sí,74.0,-18.9,True
FB-9097,TRX-12238,2.0,3,---,,1,35.0,-57.0,True
FB-9098,TRX-17688,4.0,5,Excelente,Maybe,Sí,33.0,-64.3,True
FB-9099,TRX-13206,1.0,3,Precio justo,,1,65.0,11.4,True
FB-9100,TRX-12535,2.0,1,Lento,,1,58.0,-59.3,True
FB-9101,TRX-13106,2.0,5,Lento,SI,0,80.0,-59.7,False
FB-9102,TRX-10068,2.0,5,Lento,Maybe,Sí,46.0,25.3,True
FB-9103,TRX-10210,2.0,2,Lento,NO,Sí,34.0,-19.6,True
FB-9104,TRX-18203,1.0,5,Dañado,SI,Sí,43.0,-59.5,True
FB-9105,TRX-16131,1.0,4,Dañado,,No,48.0,-23.3,False
FB-9106,TRX-18051,5.0,2,Precio justo,,Sí,57.0,15.9,True
FB-9107,TRX-16628,2.0,2,Excelente,Maybe,No,66.0,19.8,False
FB-9108,TRX-16812,2.0,1,Excelente,NO,No,25.0,79.6,False
FB-9109,TRX-16465,4.0,2,---,Maybe,1,66.0,86.0,True
FB-9110,TRX-16113,4.0,2,Excelente,Maybe,No,81.0,-59.4,False
FB-9111,TRX-16292,4.0,4,Lento,NO,Sí,62.0,-1.9,True
FB-9112,TRX-18020,4.0,2,Dañado,NO,0,57.0,-10.9,False
FB-9113,TRX-15043,5.0,5,No volvería,SI,Sí,19.0,53.5,True
FB-9114,TRX-19638,3.0,1,No volvería,Maybe,1,70.0,-61.5,True
FB-9115,TRX-11167,4.0,4,Lento,SI,1,72.0,-54.8,True
FB-9116,TRX-16697,4.0,3,---,Maybe,No,41.0,-68.4,False
FB-9117,TRX-10636,1.0,3,No volvería,Maybe,1,45.0,46.5,True
FB-9118,TRX-12039,2.0,3,Excelente,SI,1,23.0,-54.5,True
FB-9119,TRX-16304,5.0,4,Excelente,SI,No,57.0,-16.1,False
FB-9120,TRX-19266,2.0,3,Precio justo,Maybe,No,84.0,-48.1,False
FB-9121,TRX-12660,3.0,5,Lento,,1,83.0,96.5,True
FB-9122,TRX-13182,5.0,3,Precio justo,NO,Sí,27.0,29.6,True
FB-9123,TRX-17148,3.0,3,Excelente,Maybe,Sí,20.0,-42.9,True
FB-9124,TRX-14182,2.0,1,Dañado,SI,No,28.0,-76.8,False
FB-9125,TRX-15711,1.0,3,Lento,,1,42.0,-12.3,True
FB-9126,TRX-18349,4.0,3,---,Maybe,1,83.0,-63.8,True
FB-9127,TRX-18005,2.0,2,,Maybe,Sí,26.0,-66.6,True
FB-9128,TRX-16032,5.0,5,Precio justo,,No,78.0,-41.0,False
FB-9129,TRX-10945,4.0,4,Precio justo,NO,1,76.0,93.3,True
FB-9130,TRX-16313,5.0,1,Excelente,NO,1,18.0,-20.0,True
FB-9131,TRX-16947,3.0,4,Precio justo,NO,0,40.0,-57.9,False
FB-9132,TRX-14043,5.0,3,---,SI,0,18.0,-34.3,False
FB-9133,TRX-13970,1.0,2,Excelente,NO,No,28.0,-4.5,False
FB-9134,TRX-17827,3.0,3,Dañado,,0,46.0,-85.6,False
FB-9135,TRX-10565,2.0,3,Precio justo,,0,24.0,-39.0,False
FB-9136,TRX-15921,4.0,1,Excelente,Maybe,1,55.0,-71.4,True
FB-9137,TRX-10462,4.0,1,Excelente,NO,1,21.0,-81.9,True
FB-9138,TRX-12422,1.0,4,Dañado,SI,No,27.0,81.8,False
FB-9139,TRX-14281,5.0,3,Precio justo,,No,71.0,-43.2,False
FB-9140,TRX-19919,2.0,4,,SI,No,47.0,-58.2,False
FB-9141,TRX-17462,5.0,3,---,,1,27.0,40.1,True
FB-9142,TRX-12414,5.0,1,,,1,71.0,-88.5,True
FB-9143,TRX-14166,1.0,2,Dañado,,0,58.0,94.6,False
FB-9144,TRX-14053,3.0,4,Dañado,SI,Sí,24.0,97.0,True
FB-9145,TRX-19865,3.0,4,Dañado,,1,73.0,53.0,True
FB-9146,TRX-19475,1.0,5,,,No,37.0,97.4,False
FB-9147,TRX-12644,1.0,5,Precio justo,,No,23.0,-48.8,False
FB-9148,TRX-10202,1.0,2,No volvería,SI,1,33.0,-49.1,True
FB-9149,TRX-11912,5.0,5,,,Sí,33.0,73.8,True
FB-9150,TRX-11512,5.0,2,Excelente,,Sí,40.0,21.5,True
FB-9151,TRX-16297,2.0,3,Excelente,NO,No,20.0,44.6,False
FB-9152,TRX-16515,1.0,5,Dañado,,No,45.0,-97.2,False
FB-9153,TRX-19603,5.0,5,Dañado,Maybe,No,36.0,-7.2,False
FB-9154,TRX-11316,3.0,4,No volvería,Maybe,Sí,75.0,-44.3,True
FB-9155,TRX-18495,1.0,2,Lento,,No,78.0,-69.2,False
FB-9156,TRX-13093,3.0,4,---,,No,57.0,3.8,False
FB-9157,TRX-16929,4.0,5,Excelente,Maybe,0,20.0,-44.6,False
FB-9158,TRX-12716,2.0,3,---,Maybe,1,50.0,8.7,True
FB-9159,TRX-16993,4.0,1,Lento,SI,No,25.0,-84.4,False
FB-9160,TRX-14143,2.0,2,Dañado,Maybe,0,56.0,59.5,False
FB-9161,TRX-14951,1.0,2,Excelente,SI,0,59.0,89.9,False
FB-9162,TRX-18202,2.0,3,Excelente,Maybe,Sí,45.0,25.9,True
FB-9163,TRX-18735,5.0,3,Dañado,,Sí,46.0,-71.4,True
FB-9164,TRX-16271,3.0,2,Lento,,0,37.0,49.8,False
FB-9165,TRX-19602,5.0,2,Lento,Maybe,No,69.0,75.7,False
FB-9166,TRX-15045,1.0,3,Precio justo,Maybe,No,53.0,-26.7,False
FB-9167,TRX-16743,4.0,3,Precio justo,Maybe,Sí,38.0,2.8,True
FB-9168,TRX-11456,3.0,3,No volvería,Maybe,Sí,54.0,-87.3,True
FB-9169,TRX-11790,1.0,5,---,,Sí,35.0,9.5,True
FB-9170,TRX-19381,5.0,2,No volvería,SI,0,35.0,-90.5,False
FB-9171,TRX-15642,5.0,2,Lento,NO,0,73.0,-29.6,False
FB-9172,TRX-12338,2.0,3,Dañado,NO,1,83.0,-44.3,True
FB-9173,TRX-14407,2.0,4,Lento,SI,No,19.0,-63.4,False
FB-9174,TRX-13432,4.0,1,Excelente,Maybe,Sí,38.0,70.6,True
FB-9175,TRX-16520,2.0,2,Precio justo,SI,0,33.0,20.7,False
FB-9176,TRX-15047,2.0,5,Precio justo,,Sí,53.0,35.6,True
FB-9177,TRX-10105,2.0,1,---,SI,1,51.0,-1.5,True
FB-9178,TRX-12759,4.0,4,,NO,No,37.0,49.5,False
FB-9179,TRX-18056,1.0,5,---,SI,No,40.0,-26.0,False
FB-9180,TRX-10025,3.0,3,---,Maybe,1,50.0,-11.7,True
FB-9181,TRX-11587,1.0,4,Lento,SI,No,24.0,-83.4,False
FB-9182,TRX-11144,1.0,3,Excelente,NO,No,68.0,-36.1,False
FB-9183,TRX-16845,1.0,5,Lento,Maybe,1,62.0,-78.9,True
FB-9184,TRX-18600,5.0,5,,,1,65.0,-3.7,True
FB-9185,TRX-16829,3.0,3,---,NO,1,81.0,87.7,True
FB-9186,TRX-14724,3.0,1,---,Maybe,Sí,31.0,62.2,True
FB-9187,TRX-17060,5.0,2,Lento,Maybe,No,67.0,-12.6,False
FB-9188,TRX-12795,5.0,2,Lento,,1,26.0,-39.9,True
FB-9189,TRX-12890,2.0,5,Excelente,NO,0,61.0,-34.1,False
FB-9190,TRX-16138,5.0,4,Precio justo,NO,Sí,38.0,-5.5,True
FB-9191,TRX-13053,4.0,3,Dañado,SI,Sí,81.0,-51.4,True
FB-9192,TRX-12200,5.0,4,,SI,No,73.0,-32.4,False
FB-9193,TRX-13244,2.0,3,No volvería,Maybe,No,28.0,-1.5,False
FB-9194,TRX-17970,5.0,4,---,Maybe,1,74.0,68.2,True
FB-9195,TRX-12981,4.0,3,Excelente,Maybe,1,55.0,-80.9,True
FB-9196,TRX-18234,5.0,5,Precio justo,Maybe,Sí,45.0,-19.0,True
FB-9197,TRX-11806,1.0,1,Lento,,0,24.0,-61.9,False
FB-9198,TRX-17383,3.0,2,Dañado,SI,Sí,51.0,27.4,True
FB-9199,TRX-19291,4.0,4,No volvería,,1,19.0,14.1,True
FB-9200,TRX-13482,3.0,2,,,1,50.0,15.5,True
FB-9201,TRX-13041,4.0,4,No volvería,SI,No,61.0,6.6,False
FB-9202,TRX-13292,4.0,5,Excelente,NO,0,83.0,46.7,False
FB-9203,TRX-10966,1.0,5,Lento,SI,0,39.0,-69.2,False
FB-9204,TRX-12993,1.0,4,---,,No,75.0,-62.8,False
FB-9205,TRX-13143,3.0,4,Lento,Maybe,0,18.0,41.8,False
FB-9206,TRX-14249,2.0,4,Dañado,SI,1,54.0,-73.6,True
FB-9207,TRX-16697,3.0,5,No volvería,,0,74.0,45.4,False
FB-9208,TRX-17220,4.0,1,Excelente,,0,28.0,-67.1,False
FB-9209,TRX-11789,4.0,1,Lento,Maybe,1,78.0,98.3,True
FB-9210,TRX-12721,4.0,4,No volvería,NO,No,31.0,-91.0,False
FB-9211,TRX-11307,3.0,3,No volvería,,Sí,24.0,55.3,True
FB-9212,TRX-14802,2.0,1,Precio justo,,No,58.0,-53.6,False
FB-9213,TRX-11404,2.0,5,Dañado,NO,0,32.0,-35.3,False
FB-9214,TRX-16188,3.0,5,Lento,,0,79.0,82.4,False
FB-9215,TRX-12042,4.0,5,Precio justo,SI,1,75.0,-38.7,True
FB-9216,TRX-14534,3.0,2,Dañado,SI,1,64.0,-24.6,True
FB-9217,TRX-11052,3.0,2,Precio justo,,0,53.0,-63.6,False
FB-9218,TRX-15605,5.0,5,Lento,,1,21.0,-84.6,True
FB-9219,TRX-10486,5.0,1,Excelente,NO,0,75.0,-78.4,False
FB-9220,TRX-19595,1.0,2,Precio justo,Maybe,1,77.0,18.7,True
FB-9221,TRX-13846,1.0,3,Precio justo,SI,Sí,46.0,-90.6,True
FB-9222,TRX-17829,3.0,4,No volvería,NO,No,82.0,-54.9,False
FB-9223,TRX-17949,5.0,2,,Maybe,1,44.0,-21.3,True
FB-9224,TRX-11651,4.0,2,Lento,SI,No,24.0,-78.3,False
FB-9225,TRX-10155,1.0,1,Precio justo,SI,No,82.0,49.7,False
FB-9226,TRX-11000,4.0,1,,,Sí,58.0,94.3,True
FB-9227,TRX-14359,4.0,3,Excelente,Maybe,1,59.0,79.0,True
FB-9228,TRX-10118,1.0,3,Precio justo,,1,52.0,90.7,True
FB-9229,TRX-19542,3.0,3,Dañado,NO,1,51.0,9.0,True
FB-9230,TRX-10685,5.0,3,Excelente,Maybe,No,26.0,-70.4,False
FB-9231,TRX-11586,1.0,2,Excelente,Maybe,No,66.0,33.4,False
FB-9232,TRX-13458,2.0,3,Precio justo,,No,39.0,-88.1,False
FB-9233,TRX-18557,2.0,3,Precio justo,SI,No,54.0,-4.8,False
FB-9234,TRX-10118,4.0,5,No volvería,SI,Sí,77.0,57.9,True
FB-9235,TRX-16154,2.0,2,Lento,,Sí,29.0,71.0,True
FB-9236,TRX-19879,4.0,2,No volvería,NO,0,53.0,-40.9,False
FB-9237,TRX-18520,5.0,2,Dañado,,1,59.0,-55.6,True
FB-9238,TRX-14355,1.0,4,Lento,Maybe,No,19.0,37.9,False
FB-9239,TRX-17961,1.0,3,No volvería,SI,0,48.0,-72.2,False
FB-9240,TRX-17753,5.0,3,No volvería,NO,Sí,37.0,98.8,True
FB-9241,TRX-15521,4.0,3,Precio justo,Maybe,0,55.0,-33.6,False
FB-9242,TRX-19902,3.0,1,No volvería,,0,22.0,49.9,False
FB-9243,TRX-17036,2.0,1,Precio justo,SI,No,33.0,45.1,False
FB-9244,TRX-15514,5.0,1,Excelente,NO,1,77.0,-38.0,True
FB-9245,TRX-16074,2.0,4,Lento,SI,1,20.0,-22.8,True
FB-9246,TRX-15620,3.0,3,Precio justo,NO,Sí,50.0,68.3,True
FB-9247,TRX-15164,4.0,2,,,0,35.0,-54.4,False
FB-9248,TRX-13925,2.0,2,,NO,Sí,21.0,-88.0,True
FB-9249,TRX-15918,4.0,5,,Maybe,No,61.0,-70.5,False
FB-9250,TRX-16528,3.0,1,,SI,1,52.0,36.8,True
FB-9251,TRX-16200,4.0,4,No volvería,NO,Sí,51.0,-52.5,True
FB-9252,TRX-10937,3.0,5,,Maybe,1,54.0,13.4,True
FB-9253,TRX-15833,1.0,4,Precio justo,SI,No,33.0,-21.3,False
FB-9254,TRX-15410,2.0,2,Excelente,,Sí,77.0,73.6,True
FB-9255,TRX-11641,2.0,3,Dañado,Maybe,1,40.0,-2.5,True
FB-9256,TRX-10050,3.0,2,Dañado,Maybe,1,28.0,-72.1,True
FB-9257,TRX-17486,3.0,2,Excelente,SI,Sí,51.0,66.6,True
FB-9258,TRX-16583,5.0,1,No volvería,,Sí,75.0,-83.5,True
FB-9259,TRX-12275,3.0,2,Lento,NO,1,65.0,65.6,True
FB-9260,TRX-10420,3.0,4,Lento,Maybe,Sí,23.0,-91.7,True
FB-9261,TRX-19861,4.0,3,Precio justo,SI,No,20.0,-99.3,False
FB-9262,TRX-12013,4.0,1,---,SI,0,75.0,51.1,False
FB-9263,TRX-18693,2.0,5,Dañado,SI,No,40.0,12.0,False
FB-9264,TRX-14578,4.0,2,Excelente,NO,No,74.0,-57.0,False
FB-9265,TRX-14072,4.0,1,---,SI,No,18.0,93.2,False
FB-9266,TRX-16036,2.0,1,No volvería,NO,0,20.0,27.4,False
FB-9267,TRX-17404,1.0,1,Excelente,,0,40.0,-52.3,False
FB-9268,TRX-17785,5.0,4,Dañado,NO,Sí,18.0,-16.8,True
FB-9269,TRX-18436,4.0,5,Excelente,SI,1,22.0,82.6,True
FB-9270,TRX-16768,1.0,1,Excelente,SI,Sí,45.0,-59.3,True
FB-9271,TRX-13079,5.0,4,Excelente,Maybe,0,61.0,85.4,False
FB-9272,TRX-10051,2.0,5,Precio justo,NO,No,30.0,-56.6,False
FB-9273,TRX-15278,4.0,3,No volvería,Maybe,No,42.0,-95.3,False
FB-9274,TRX-10272,4.0,4,Lento,NO,No,46.0,-46.3,False
FB-9275,TRX-15901,3.0,1,---,SI,Sí,18.0,-89.1,True
FB-9276,TRX-10749,4.0,2,---,Maybe,1,83.0,-53.4,True
FB-9277,TRX-15333,4.0,4,No volvería,Maybe,No,51.0,-45.6,False
FB-9278,TRX-17279,1.0,3,Dañado,,0,76.0,-16.7,False
FB-9279,TRX-13826,1.0,5,---,,Sí,82.0,-43.5,True
FB-9280,TRX-19941,4.0,3,Lento,SI,1,39.0,42.3,True
FB-9281,TRX-17938,5.0,5,,SI,1,70.0,94.2,True
FB-9282,TRX-16556,2.0,4,Precio justo,Maybe,Sí,48.0,-90.5,True
FB-9283,TRX-11333,1.0,5,Lento,,Sí,83.0,2.6,True
FB-9284,TRX-15707,5.0,1,Lento,SI,1,20.0,-47.7,True
FB-9285,TRX-17010,4.0,4,Lento,SI,No,63.0,-7.5,False
FB-9286,TRX-17800,3.0,2,Excelente,,1,61.0,40.9,True
FB-9287,TRX-11645,1.0,3,Dañado,,0,58.0,75.4,False
FB-9288,TRX-16305,1.0,3,,NO,1,30.0,77.3,True
FB-9289,TRX-14814,3.0,4,Precio justo,SI,Sí,27.0,-67.4,True
FB-9290,TRX-19947,4.0,2,,,0,79.0,12.5,False
FB-9291,TRX-13196,1.0,4,Dañado,NO,Sí,23.0,-43.4,True
FB-9292,TRX-12345,4.0,1,Excelente,,No,67.0,-0.4,False
FB-9293,TRX-18520,5.0,1,Precio justo,NO,No,56.0,84.0,False
FB-9294,TRX-19369,1.0,2,---,SI,0,60.0,-87.9,False
FB-9295,TRX-18267,4.0,4,,,Sí,59.0,18.8,True
FB-9296,TRX-10520,5.0,2,Excelente,,0,57.0,-28.1,False
FB-9297,TRX-12094,1.0,2,Precio justo,SI,0,22.0,73.6,False
FB-9298,TRX-18158,2.0,1,Precio justo,Maybe,No,84.0,-56.3,False
FB-9299,TRX-11426,4.0,1,No volvería,NO,Sí,78.0,-33.4,True
FB-9300,TRX-14937,5.0,2,Excelente,NO,1,32.0,-95.9,True
FB-9301,TRX-18990,2.0,2,Dañado,,No,27.0,-14.0,False
FB-9302,TRX-17648,4.0,5,---,SI,0,18.0,26.6,False
FB-9303,TRX-12753,1.0,1,---,SI,Sí,80.0,-60.8,True
FB-9304,TRX-17311,4.0,2,,Maybe,0,33.0,27.1,False
FB-9305,TRX-11895,5.0,5,Excelente,SI,0,45.0,48.9,False
FB-9306,TRX-17899,1.0,2,,SI,0,54.0,-61.5,False
FB-9307,TRX-18858,1.0,5,Excelente,Maybe,Sí,71.0,51.1,True
FB-9308,TRX-13946,1.0,2,Excelente,NO,No,28.0,86.6,False
FB-9309,TRX-13987,3.0,4,No volvería,SI,1,54.0,-55.5,True
FB-9310,TRX-13467,5.0,1,No volvería,SI,0,55.0,-73.0,False
FB-9311,TRX-12792,2.0,2,No volvería,NO,1,51.0,-33.3,True
FB-9312,TRX-11465,1.0,3,No volvería,NO,No,39.0,-61.9,False
FB-9313,TRX-11728,5.0,3,Excelente,Maybe,0,72.0,55.0,False
FB-9314,TRX-17125,3.0,5,---,NO,Sí,21.0,-73.4,True
FB-9315,TRX-10478,3.0,1,Dañado,SI,0,61.0,-95.5,False
FB-9316,TRX-12625,1.0,5,Lento,NO,0,22.0,-29.6,False
FB-9317,TRX-15349,5.0,1,Excelente,,0,73.0,56.9,False
FB-9318,TRX-16283,3.0,3,,Maybe,0,36.0,30.3,False
FB-9319,TRX-14593,1.0,3,Dañado,SI,No,32.0,6.1,False
FB-9320,TRX-13610,4.0,5,Lento,Maybe,No,68.0,-8.4,False
FB-9321,TRX-14220,4.0,4,Lento,Maybe,Sí,42.0,29.9,True
FB-9322,TRX-17803,4.0,3,No volvería,Maybe,0,70.0,-1.6,False
FB-9323,TRX-12016,2.0,1,Lento,Maybe,Sí,84.0,55.0,True
FB-9324,TRX-12224,5.0,2,,Maybe,0,61.0,73.3,False
FB-9325,TRX-18757,4.0,2,,NO,Sí,55.0,-65.3,True
FB-9326,TRX-18060,3.0,2,Dañado,Maybe,0,78.0,-53.6,False
FB-9327,TRX-11481,2.0,3,No volvería,Maybe,No,63.0,2.7,False
FB-9328,TRX-15452,4.0,4,Excelente,Maybe,0,77.0,73.2,False
FB-9329,TRX-13666,1.0,3,Excelente,,0,49.0,83.7,False
FB-9330,TRX-19436,3.0,1,No volvería,SI,No,40.0,-74.8,False
FB-9331,TRX-19841,2.0,3,---,Maybe,Sí,36.0,-39.4,True
FB-9332,TRX-11059,2.0,3,No volvería,,1,44.0,53.9,True
FB-9333,TRX-15623,3.0,3,Lento,SI,No,51.0,86.7,False
FB-9334,TRX-16176,4.0,3,---,NO,Sí,83.0,-83.8,True
FB-9335,TRX-16252,1.0,1,Lento,Maybe,0,70.0,-6.1,False
FB-9336,TRX-19206,1.0,3,Dañado,Maybe,1,26.0,-0.9,True
FB-9337,TRX-17159,1.0,4,No volvería,,Sí,48.0,-98.3,True
FB-9338,TRX-13823,2.0,5,Excelente,Maybe,Sí,73.0,70.9,True
FB-9339,TRX-13662,4.0,1,Dañado,NO,0,53.0,-78.5,False
FB-9340,TRX-14244,3.0,4,Excelente,SI,0,42.0,67.5,False
FB-9341,TRX-11895,5.0,2,---,,Sí,18.0,-95.8,True
FB-9342,TRX-14767,1.0,2,Excelente,,0,22.0,96.6,False
FB-9343,TRX-11436,3.0,1,Dañado,Maybe,1,68.0,5.0,True
FB-9344,TRX-11824,3.0,5,Excelente,NO,0,50.0,-40.2,False
FB-9345,TRX-11460,1.0,3,No volvería,NO,1,70.0,21.3,True
FB-9346,TRX-15574,5.0,1,---,Maybe,1,78.0,-43.2,True
FB-9347,TRX-19702,2.0,3,,SI,0,52.0,-78.5,False
FB-9348,TRX-13082,2.0,3,No volvería,SI,Sí,52.0,-49.6,True
FB-9349,TRX-11902,4.0,2,Dañado,,1,44.0,68.2,True
FB-9350,TRX-19385,3.0,5,Excelente,NO,0,28.0,-50.6,False
FB-9351,TRX-16025,2.0,3,Excelente,NO,No,45.0,-17.8,False
FB-9352,TRX-12087,3.0,1,Lento,SI,1,27.0,9.9,True
FB-9353,TRX-15134,2.0,2,Precio justo,SI,Sí,52.0,74.0,True
FB-9354,TRX-16229,4.0,3,Dañado,,Sí,35.0,-97.8,True
FB-9355,TRX-19452,3.0,2,,,Sí,22.0,76.4,True
FB-9356,TRX-10027,3.0,2,Excelente,NO,No,23.0,48.2,False
FB-9357,TRX-15092,5.0,1,Dañado,,1,47.0,-22.6,True
FB-9358,TRX-11013,1.0,1,Lento,,No,82.0,98.4,False
FB-9359,TRX-19667,1.0,4,Dañado,SI,No,79.0,-88.2,False
FB-9360,TRX-18775,1.0,3,No volvería,Maybe,No,65.0,47.6,False
FB-9361,TRX-13110,4.0,2,Excelente,SI,No,41.0,44.0,False
FB-9362,TRX-16359,2.0,4,Lento,SI,1,60.0,89.4,True
FB-9363,TRX-16941,1.0,1,No volvería,SI,1,35.0,64.9,True
FB-9364,TRX-15237,2.0,5,Precio justo,Maybe,Sí,50.0,15.1,True
FB-9365,TRX-15980,1.0,2,Precio justo,Maybe,No,26.0,-53.5,False
FB-9366,TRX-12069,5.0,5,Dañado,Maybe,No,69.0,2.0,False
FB-9367,TRX-18515,2.0,5,Excelente,NO,0,28.0,-79.5,False
FB-9368,TRX-19856,4.0,2,Precio justo,Maybe,1,19.0,-2.3,True
FB-9369,TRX-19679,4.0,4,Lento,SI,0,44.0,-61.2,False
FB-9370,TRX-13639,2.0,4,Excelente,SI,1,35.0,86.9,True
FB-9371,TRX-11746,4.0,2,,NO,No,51.0,-18.7,False
FB-9372,TRX-16476,3.0,3,Lento,,0,71.0,-70.1,False
FB-9373,TRX-10150,4.0,5,Lento,NO,1,28.0,-95.3,True
FB-9374,TRX-18819,5.0,4,Lento,SI,0,83.0,-33.9,False
FB-9375,TRX-17546,5.0,2,---,SI,0,48.0,-88.4,False
FB-9376,TRX-15176,2.0,1,,Maybe,Sí,61.0,-8.1,True
FB-9377,TRX-12370,4.0,1,Precio justo,NO,Sí,73.0,-90.6,True
FB-9378,TRX-14863,2.0,2,Dañado,Maybe,No,36.0,66.7,False
FB-9379,TRX-13586,1.0,3,Precio justo,,No,49.0,-6.9,False
FB-9380,TRX-18189,3.0,1,Precio justo,Maybe,No,53.0,58.6,False
FB-9381,TRX-17467,2.0,3,---,Maybe,1,31.0,-27.2,True
FB-9382,TRX-12415,2.0,2,Dañado,Maybe,No,62.0,53.6,False
FB-9383,TRX-19854,2.0,2,No volvería,,0,18.0,-18.9,False
FB-9384,TRX-14643,2.0,5,Lento,Maybe,Sí,69.0,34.3,True
FB-9385,TRX-12389,5.0,2,,SI,0,50.0,42.6,False
FB-9386,TRX-10562,3.0,3,No volvería,,0,51.0,20.5,False
FB-9387,TRX-19812,1.0,4,Lento,Maybe,Sí,33.0,-89.0,True
FB-9388,TRX-15245,3.0,1,No volvería,NO,Sí,19.0,-26.6,True
FB-9389,TRX-15060,2.0,1,Lento,NO,No,79.0,55.3,False
FB-9390,TRX-18230,5.0,5,Dañado,Maybe,1,36.0,84.9,True
FB-9391,TRX-12022,1.0,4,---,NO,No,32.0,32.1,False
FB-9392,TRX-14480,2.0,3,Dañado,NO,No,33.0,93.5,False
FB-9393,TRX-19403,2.0,3,,,1,45.0,-45.1,True
FB-9394,TRX-17836,4.0,5,Dañado,,0,23.0,-72.7,False
FB-9395,TRX-13534,3.0,2,Excelente,SI,No,44.0,-34.4,False
FB-9396,TRX-18110,3.0,4,,,Sí,56.0,35.6,True
FB-9397,TRX-14775,3.0,1,,SI,No,28.0,-21.9,False
FB-9398,TRX-16171,4.0,4,Lento,Maybe,No,30.0,31.8,False
FB-9399,TRX-10963,5.0,5,---,,0,42.0,40.4,False
FB-9400,TRX-15458,5.0,2,Dañado,SI,No,50.0,22.8,False
FB-9401,TRX-12501,5.0,4,No volvería,,0,58.0,55.8,False
FB-9402,TRX-13450,1.0,2,Excelente,Maybe,No,54.0,-53.4,False
FB-9403,TRX-13687,4.0,4,,NO,0,31.0,-78.1,False
FB-9404,TRX-10861,4.0,1,Excelente,NO,1,38.0,-90.3,True
FB-9405,TRX-12933,5.0,3,,SI,Sí,60.0,95.2,True
FB-9406,TRX-17987,5.0,4,Dañado,,0,61.0,43.6,False
FB-9407,TRX-16419,5.0,3,Precio justo,NO,Sí,59.0,-52.3,True
FB-9408,TRX-14900,4.0,3,Dañado,,No,44.0,-4.6,False
FB-9409,TRX-12608,5.0,3,,Maybe,No,50.0,-87.6,False
FB-9410,TRX-10353,3.0,5,---,Maybe,0,48.0,32.9,False
FB-9411,TRX-18977,5.0,1,---,SI,1,33.0,93.4,True
FB-9412,TRX-16427,3.0,3,Precio justo,NO,Sí,24.0,41.2,True
FB-9413,TRX-15528,2.0,1,Dañado,NO,0,33.0,24.5,False
FB-9414,TRX-16921,2.0,4,Lento,Maybe,0,63.0,84.4,False
FB-9415,TRX-17756,4.0,1,No volvería,Maybe,Sí,21.0,2.5,True
FB-9416,TRX-15706,1.0,2,,SI,0,20.0,49.0,False
FB-9417,TRX-16412,2.0,3,,SI,Sí,36.0,86.6,True
FB-9418,TRX-16407,4.0,4,---,SI,No,46.0,29.4,False
FB-9419,TRX-11176,4.0,3,Precio justo,SI,Sí,82.0,5.2,True
FB-9420,TRX-18648,3.0,3,Precio justo,,1,38.0,16.1,True
FB-9421,TRX-14637,3.0,4,---,Maybe,Sí,72.0,53.9,True
FB-9422,TRX-14626,5.0,4,Excelente,,No,28.0,-89.6,False
FB-9423,TRX-13196,2.0,5,Precio justo,SI,Sí,53.0,-34.4,True
FB-9424,TRX-18978,3.0,5,Lento,Maybe,Sí,56.0,-89.7,True
FB-9425,TRX-16451,1.0,5,No volvería,NO,0,67.0,57.2,False
FB-9426,TRX-11594,4.0,1,Precio justo,SI,Sí,45.0,83.0,True
FB-9427,TRX-12144,5.0,2,Excelente,Maybe,No,37.0,-20.1,False
FB-9428,TRX-15298,3.0,2,,NO,No,56.0,-49.6,False
FB-9429,TRX-19509,3.0,1,No volvería,,1,42.0,-91.9,True
FB-9430,TRX-10886,3.0,5,Precio justo,SI,Sí,63.0,-98.6,True
FB-9431,TRX-14981,2.0,2,Lento,,0,49.0,9.1,False
FB-9432,TRX-17496,3.0,5,Lento,,No,80.0,-33.3,False
FB-9433,TRX-12681,4.0,4,No volvería,SI,1,61.0,92.8,True
FB-9434,TRX-19456,3.0,1,Excelente,Maybe,Sí,58.0,63.5,True
FB-9435,TRX-12253,1.0,5,Lento,Maybe,0,26.0,-9.8,False
FB-9436,TRX-17239,3.0,1,Dañado,,Sí,55.0,-60.3,True
FB-9437,TRX-17904,5.0,3,Dañado,Maybe,Sí,54.0,-23.4,True
FB-9438,TRX-14769,5.0,1,Precio justo,SI,1,59.0,-85.7,True
FB-9439,TRX-12372,1.0,1,Lento,,No,40.0,24.5,False
FB-9440,TRX-13436,5.0,5,Dañado,NO,Sí,33.0,73.0,True
FB-9441,TRX-13573,2.0,1,Precio justo,,Sí,56.0,-12.9,True
FB-9442,TRX-13205,4.0,3,Precio justo,SI,1,71.0,-3.9,True
FB-9443,TRX-10149,4.0,4,Precio justo,SI,0,44.0,87.6,False
FB-9444,TRX-15934,2.0,2,Excelente,Maybe,Sí,63.0,-38.1,True
FB-9445,TRX-19431,5.0,4,Precio justo,NO,No,63.0,-79.7,False
FB-9446,TRX-11670,1.0,1,Excelente,SI,Sí,37.0,-86.2,True
FB-9447,TRX-12418,1.0,3,Dañado,,Sí,62.0,53.6,True
FB-9448,TRX-16169,4.0,3,Precio justo,Maybe,No,49.0,-56.3,False
FB-9449,TRX-16997,1.0,4,Dañado,,1,49.0,99.8,True
FB-9450,TRX-12756,2.0,5,Lento,SI,Sí,66.0,92.6,True
FB-9451,TRX-10922,4.0,2,Excelente,Maybe,No,64.0,70.8,False
FB-9452,TRX-11573,3.0,1,---,SI,No,57.0,0.8,False
FB-9453,TRX-15825,2.0,1,---,Maybe,0,22.0,1.6,False
FB-9454,TRX-17763,2.0,4,Dañado,SI,1,79.0,86.4,True
FB-9455,TRX-12943,1.0,3,Precio justo,Maybe,No,26.0,-40.5,False
FB-9456,TRX-10859,1.0,3,Dañado,SI,Sí,35.0,-2.7,True
FB-9457,TRX-11922,1.0,5,Precio justo,,1,63.0,-19.5,True
FB-9458,TRX-18444,3.0,2,No volvería,,No,18.0,-28.3,False
FB-9459,TRX-15545,2.0,1,,,1,23.0,78.4,True
FB-9460,TRX-19722,5.0,4,Excelente,NO,Sí,38.0,44.9,True
FB-9461,TRX-17107,4.0,5,Lento,NO,0,52.0,88.9,False
FB-9462,TRX-12434,1.0,2,Dañado,Maybe,Sí,75.0,-85.6,True
FB-9463,TRX-16619,1.0,1,---,NO,1,66.0,65.5,True
FB-9464,TRX-14014,2.0,2,,NO,Sí,31.0,-34.4,True
FB-9465,TRX-10556,3.0,1,Dañado,SI,No,23.0,18.2,False
FB-9466,TRX-11946,1.0,2,No volvería,NO,1,37.0,40.7,True
FB-9467,TRX-13946,3.0,2,Precio justo,NO,Sí,40.0,-71.7,True
FB-9468,TRX-16498,3.0,4,Lento,NO,Sí,31.0,49.7,True
FB-9469,TRX-18005,5.0,5,Precio justo,NO,Sí,68.0,-31.9,True
FB-9470,TRX-14959,3.0,3,Precio justo,Maybe,0,19.0,-44.3,False
FB-9471,TRX-19767,5.0,2,Dañado,NO,0,66.0,-5.7,False
FB-9472,TRX-12826,4.0,4,Dañado,Maybe,0,24.0,56.6,False
FB-9473,TRX-16150,3.0,3,Dañado,,0,67.0,-18.2,False
FB-9474,TRX-11468,4.0,5,,NO,Sí,31.0,9.0,True
FB-9475,TRX-17596,3.0,5,Excelente,,0,37.0,-52.3,False
FB-9476,TRX-16260,5.0,2,Excelente,SI,Sí,30.0,-36.4,True
FB-9477,TRX-14509,5.0,1,Dañado,NO,No,74.0,88.3,False
FB-9478,TRX-17292,4.0,5,Precio justo,SI,No,66.0,83.8,False
FB-9479,TRX-16018,2.0,4,Lento,,No,84.0,77.5,False
FB-9480,TRX-10190,2.0,2,Lento,,1,22.0,-22.3,True
FB-9481,TRX-11966,2.0,5,Precio justo,NO,No,70.0,-94.1,False
FB-9482,TRX-11910,3.0,2,,NO,1,69.0,83.8,True
FB-9483,TRX-11353,2.0,1,---,SI,0,63.0,-19.8,False
FB-9484,TRX-11999,4.0,5,No volvería,Maybe,No,76.0,60.7,False
FB-9485,TRX-18015,2.0,2,Precio justo,,No,26.0,3.1,False
FB-9486,TRX-18351,4.0,4,Lento,,No,70.0,78.7,False
FB-9487,TRX-13685,4.0,5,No volvería,SI,0,32.0,-76.6,False
FB-9488,TRX-10377,3.0,1,,Maybe,No,21.0,66.0,False
FB-9489,TRX-19614,5.0,3,,SI,No,51.0,73.5,False
FB-9490,TRX-19387,3.0,3,No volvería,,Sí,79.0,-42.0,True
FB-9491,TRX-19381,3.0,2,Lento,,Sí,69.0,25.0,True
FB-9492,TRX-17856,1.0,5,No volvería,NO,1,53.0,-89.0,True
FB-9493,TRX-14484,2.0,5,,Maybe,Sí,75.0,-37.3,True
FB-9494,TRX-11549,2.0,1,Excelente,Maybe,0,63.0,-25.5,False
FB-9495,TRX-19713,4.0,3,Dañado,NO,0,54.0,-81.0,False
FB-9496,TRX-12967,5.0,4,,Maybe,No,83.0,-13.3,False
FB-9497,TRX-16290,2.0,3,,SI,Sí,58.0,29.6,True
FB-9498,TRX-17932,2.0,5,No volvería,Maybe,1,45.0,29.8,True
FB-9499,TRX-17105,5.0,4,No volvería,,1,71.0,-6.0,True
FB-9500,TRX-14888,3.0,4,Excelente,SI,1,47.0,-75.3,True
FB-9501,TRX-19362,2.0,1,Excelente,SI,No,48.0,-84.2,False
FB-9502,TRX-12051,1.0,2,Precio justo,,0,25.0,64.5,False
FB-9503,TRX-11629,2.0,2,---,NO,No,65.0,11.9,False
FB-9504,TRX-15328,1.0,1,Lento,,0,75.0,50.0,False
FB-9505,TRX-11040,3.0,5,Precio justo,NO,No,21.0,-93.4,False
FB-9506,TRX-18806,3.0,5,,NO,0,35.0,-11.7,False
FB-9507,TRX-13029,1.0,2,Lento,SI,1,39.0,80.8,True
FB-9508,TRX-16640,4.0,3,---,Maybe,0,44.0,41.6,False
FB-9509,TRX-10323,1.0,1,Excelente,SI,Sí,49.0,53.3,True
FB-9510,TRX-16451,4.0,3,Dañado,,Sí,57.0,-5.8,True
FB-9511,TRX-19110,5.0,1,Lento,Maybe,1,78.0,49.0,True
FB-9512,TRX-18788,5.0,1,Lento,SI,1,53.0,34.4,True
FB-9513,TRX-18684,1.0,2,Excelente,NO,No,27.0,-73.3,False
FB-9514,TRX-18004,4.0,2,No volvería,NO,Sí,20.0,-81.8,True
FB-9515,TRX-11047,3.0,3,Precio justo,SI,1,80.0,-64.7,True
FB-9516,TRX-18501,1.0,5,Dañado,,No,27.0,-84.1,False
FB-9517,TRX-19580,1.0,4,,Maybe,No,38.0,15.6,False
FB-9518,TRX-18830,4.0,3,---,SI,Sí,55.0,93.0,True
FB-9519,TRX-12033,5.0,1,Lento,NO,0,37.0,54.7,False
FB-9520,TRX-13399,3.0,4,No volvería,NO,No,32.0,49.1,False
FB-9521,TRX-11922,4.0,4,Excelente,NO,Sí,38.0,66.0,True
FB-9522,TRX-12960,4.0,4,Lento,,No,36.0,80.2,False
FB-9523,TRX-19815,3.0,4,No volvería,Maybe,No,25.0,-39.2,False
FB-9524,TRX-12948,1.0,4,,SI,1,59.0,-82.0,True
FB-9525,TRX-10087,1.0,3,Precio justo,Maybe,1,39.0,50.3,True
FB-9526,TRX-19088,2.0,2,Excelente,SI,1,34.0,-14.6,True
FB-9527,TRX-17327,3.0,2,No volvería,,Sí,29.0,89.1,True
FB-9528,TRX-15149,4.0,1,---,SI,No,80.0,86.7,False
FB-9529,TRX-12015,2.0,5,No volvería,NO,Sí,76.0,94.8,True
FB-9530,TRX-10641,2.0,3,Lento,NO,No,65.0,55.0,False
FB-9531,TRX-12110,2.0,4,,,No,44.0,22.6,False
FB-9532,TRX-19422,1.0,2,,Maybe,1,81.0,53.4,True
FB-9533,TRX-13378,5.0,1,---,NO,1,80.0,-45.0,True
FB-9534,TRX-12641,2.0,4,Precio justo,SI,No,60.0,-99.6,False
FB-9535,TRX-11438,4.0,1,,NO,No,45.0,-7.8,False
FB-9536,TRX-19215,1.0,4,---,SI,0,46.0,27.9,False
FB-9537,TRX-14206,5.0,4,---,Maybe,0,35.0,67.8,False
FB-9538,TRX-10573,5.0,2,Excelente,NO,No,63.0,-89.8,False
FB-9539,TRX-11386,2.0,2,Excelente,NO,Sí,74.0,-90.9,True
FB-9540,TRX-12043,2.0,4,Precio justo,SI,0,27.0,87.3,False
FB-9541,TRX-18292,1.0,2,Dañado,,No,69.0,-59.7,False
FB-9542,TRX-14891,2.0,3,Lento,,No,44.0,37.7,False
FB-9543,TRX-15956,1.0,4,---,NO,0,35.0,-70.6,False
FB-9544,TRX-18919,5.0,2,No volvería,Maybe,No,58.0,80.2,False
FB-9545,TRX-12811,4.0,1,---,Maybe,Sí,70.0,49.6,True
FB-9546,TRX-16931,4.0,1,Lento,,0,30.0,-89.1,False
FB-9547,TRX-10001,3.0,1,---,NO,Sí,40.0,-45.6,True
FB-9548,TRX-14068,3.0,5,Precio justo,,No,68.0,94.0,False
FB-9549,TRX-14925,3.0,1,No volvería,SI,1,57.0,69.2,True
FB-9550,TRX-10756,4.0,1,Dañado,Maybe,No,57.0,-90.5,False
FB-9551,TRX-18510,2.0,3,,,0,67.0,-38.5,False
FB-9552,TRX-14807,1.0,3,Precio justo,NO,Sí,46.0,-34.2,True
FB-9553,TRX-18750,4.0,5,Lento,,No,39.0,-4.1,False
FB-9554,TRX-17289,3.0,3,No volvería,NO,Sí,75.0,-44.8,True
FB-9555,TRX-12291,3.0,2,Excelente,,Sí,59.0,65.9,True
FB-9556,TRX-19454,2.0,1,No volvería,,0,40.0,-5.8,False
FB-9557,TRX-18035,3.0,2,No volvería,Maybe,Sí,19.0,-97.5,True
FB-9558,TRX-15127,3.0,5,Precio justo,,Sí,57.0,-22.1,True
FB-9559,TRX-18563,1.0,2,Dañado,SI,0,43.0,18.6,False
FB-9560,TRX-15769,2.0,2,No volvería,,Sí,39.0,31.9,True
FB-9561,TRX-19931,5.0,2,,NO,No,63.0,-80.7,False
FB-9562,TRX-18818,5.0,3,No volvería,NO,No,77.0,-0.5,False
FB-9563,TRX-18365,3.0,1,---,SI,Sí,32.0,-13.9,True
FB-9564,TRX-13438,3.0,2,---,SI,0,64.0,-64.8,False
FB-9565,TRX-11622,1.0,4,Dañado,NO,0,77.0,-64.0,False
FB-9566,TRX-10732,5.0,1,Dañado,,No,34.0,94.6,False
FB-9567,TRX-13884,2.0,1,,SI,1,35.0,-17.3,True
FB-9568,TRX-10601,2.0,4,No volvería,,1,83.0,28.1,True
FB-9569,TRX-13081,4.0,5,Excelente,SI,Sí,54.0,-58.8,True
FB-9570,TRX-12321,4.0,5,Excelente,,1,41.0,91.3,True
FB-9571,TRX-14910,2.0,1,Excelente,SI,Sí,32.0,89.4,True
FB-9572,TRX-13526,4.0,3,Precio justo,NO,Sí,68.0,58.7,True
FB-9573,TRX-12198,1.0,5,Precio justo,,1,41.0,-12.8,True
FB-9574,TRX-19865,3.0,5,Excelente,SI,No,40.0,-17.0,False
FB-9575,TRX-19045,2.0,2,Excelente,,No,64.0,78.0,False
FB-9576,TRX-13539,5.0,2,Excelente,Maybe,0,79.0,73.7,False
FB-9577,TRX-19695,5.0,5,Dañado,Maybe,0,80.0,84.9,False
FB-9578,TRX-15882,2.0,3,---,SI,No,29.0,-45.4,False
FB-9579,TRX-14544,4.0,2,Lento,Maybe,1,27.0,32.4,True
FB-9580,TRX-12105,4.0,3,Precio justo,SI,No,72.0,34.4,False
FB-9581,TRX-16914,2.0,1,---,SI,No,62.0,-28.0,False
FB-9582,TRX-11218,2.0,3,Precio justo,Maybe,No,54.0,-81.1,False
FB-9583,TRX-19008,2.0,2,Precio justo,NO,Sí,26.0,-79.1,True
FB-9584,TRX-14177,1.0,4,Lento,SI,0,73.0,68.6,False
FB-9585,TRX-14270,5.0,3,No volvería,SI,Sí,66.0,-31.7,True
FB-9586,TRX-16255,1.0,5,Precio justo,Maybe,0,83.0,78.1,False
FB-9587,TRX-12675,1.0,3,No volvería,,1,75.0,-42.7,True
FB-9588,TRX-16554,3.0,3,Dañado,Maybe,No,70.0,-59.5,False
FB-9589,TRX-17472,1.0,3,---,SI,1,40.0,-21.4,True
FB-9590,TRX-11364,5.0,5,Excelente,,No,29.0,44.8,False
FB-9591,TRX-14164,4.0,3,Excelente,,No,46.0,24.0,False
FB-9592,TRX-16968,5.0,4,Dañado,Maybe,1,44.0,-70.0,True
FB-9593,TRX-12346,2.0,5,Excelente,,Sí,37.0,96.2,True
FB-9594,TRX-18780,2.0,4,Dañado,NO,1,71.0,95.7,True
FB-9595,TRX-13338,2.0,4,Excelente,NO,1,65.0,-45.6,True
FB-9596,TRX-11156,1.0,4,Dañado,NO,1,73.0,6.0,True
FB-9597,TRX-14413,3.0,5,Dañado,SI,Sí,39.0,-54.5,True
FB-9598,TRX-13156,4.0,2,Excelente,Maybe,No,40.0,98.4,False
FB-9599,TRX-16097,1.0,5,No volvería,Maybe,No,51.0,-30.3,False
FB-9600,TRX-19234,2.0,3,Precio justo,SI,Sí,50.0,80.4,True
FB-9601,TRX-18379,5.0,4,Precio justo,SI,Sí,21.0,-14.2,True
FB-9602,TRX-19911,2.0,3,---,Maybe,0,33.0,43.2,False
FB-9603,TRX-12687,5.0,4,Lento,SI,No,45.0,81.1,False
FB-9604,TRX-16876,4.0,4,,Maybe,No,39.0,24.2,False
FB-9605,TRX-12514,2.0,3,,,Sí,25.0,-53.8,True
FB-9606,TRX-15183,4.0,1,Lento,,No,70.0,59.5,False
FB-9607,TRX-17104,2.0,4,Excelente,,No,26.0,81.8,False
FB-9608,TRX-16208,2.0,1,Precio justo,Maybe,1,59.0,-82.2,True
FB-9609,TRX-10424,5.0,5,,SI,0,71.0,-25.3,False
FB-9610,TRX-19889,3.0,4,Lento,SI,Sí,42.0,98.5,True
FB-9611,TRX-14055,5.0,4,Precio justo,SI,No,27.0,30.4,False
FB-9612,TRX-11270,1.0,5,---,SI,Sí,29.0,-65.2,True
FB-9613,TRX-14425,4.0,3,Dañado,SI,Sí,25.0,68.6,True
FB-9614,TRX-12041,4.0,3,No volvería,SI,No,18.0,-5.8,False
FB-9615,TRX-18707,3.0,1,Dañado,Maybe,0,42.0,72.4,False
FB-9616,TRX-11802,2.0,5,Lento,NO,1,62.0,52.7,True
FB-9617,TRX-18984,4.0,4,Lento,SI,1,64.0,44.4,True
FB-9618,TRX-16664,3.0,1,Excelente,Maybe,0,28.0,-46.0,False
FB-9619,TRX-11080,1.0,3,No volvería,Maybe,1,79.0,11.7,True
FB-9620,TRX-15396,4.0,4,,Maybe,Sí,53.0,71.1,True
FB-9621,TRX-11457,1.0,3,---,Maybe,0,57.0,70.8,False
FB-9622,TRX-15944,5.0,1,---,SI,1,22.0,-65.9,True
FB-9623,TRX-15464,4.0,3,No volvería,,0,74.0,-19.8,False
FB-9624,TRX-14476,4.0,3,Precio justo,,No,33.0,-8.0,False
FB-9625,TRX-12397,2.0,5,Excelente,Maybe,No,28.0,-3.8,False
FB-9626,TRX-13698,1.0,1,No volvería,NO,No,71.0,-8.4,False
FB-9627,TRX-14483,5.0,4,Lento,SI,Sí,49.0,-80.8,True
FB-9628,TRX-10161,3.0,3,Dañado,NO,1,67.0,80.7,True
FB-9629,TRX-11604,5.0,3,Dañado,,1,79.0,56.3,True
FB-9630,TRX-16179,4.0,2,---,NO,Sí,24.0,-13.7,True
FB-9631,TRX-13640,1.0,1,,Maybe,1,77.0,90.3,True
FB-9632,TRX-16203,4.0,1,No volvería,NO,1,56.0,8.3,True
FB-9633,TRX-11720,3.0,4,Dañado,SI,1,68.0,-88.4,True
FB-9634,TRX-12023,3.0,5,Lento,Maybe,Sí,24.0,-11.4,True
FB-9635,TRX-12879,4.0,4,---,SI,0,56.0,-58.7,False
FB-9636,TRX-18625,4.0,1,Precio justo,,0,53.0,99.6,False
FB-9637,TRX-15022,4.0,3,Lento,,1,29.0,-75.2,True
FB-9638,TRX-19647,1.0,5,---,SI,No,70.0,-38.8,False
FB-9639,TRX-18021,2.0,5,No volvería,NO,0,78.0,35.7,False
FB-9640,TRX-11565,3.0,1,---,NO,No,40.0,-55.3,False
FB-9641,TRX-18666,1.0,1,,SI,Sí,40.0,-77.6,True
FB-9642,TRX-15716,3.0,4,---,Maybe,1,46.0,-22.8,True
FB-9643,TRX-19374,4.0,2,Lento,SI,Sí,67.0,79.1,True
FB-9644,TRX-14620,3.0,1,Lento,NO,1,41.0,15.4,True
FB-9645,TRX-19036,5.0,1,Dañado,,1,39.0,49.1,True
FB-9646,TRX-14440,3.0,4,,,1,29.0,-43.0,True
FB-9647,TRX-19952,5.0,1,Precio justo,SI,No,82.0,78.6,False
FB-9648,TRX-11623,1.0,4,,NO,0,47.0,12.2,False
FB-9649,TRX-10785,1.0,1,Excelente,,1,53.0,-29.2,True
FB-9650,TRX-12797,3.0,3,No volvería,SI,Sí,59.0,31.0,True
FB-9651,TRX-15210,5.0,1,No volvería,NO,1,41.0,-18.6,True
FB-9652,TRX-16382,3.0,2,Lento,SI,No,56.0,-44.6,False
FB-9653,TRX-12960,1.0,5,Dañado,,0,55.0,53.4,False
FB-9654,TRX-15655,3.0,4,Dañado,NO,1,49.0,-78.5,True
FB-9655,TRX-18711,2.0,2,No volvería,Maybe,0,75.0,32.8,False
FB-9656,TRX-19038,2.0,4,,,No,71.0,5.1,False
FB-9657,TRX-19742,5.0,2,Excelente,Maybe,0,49.0,2.7,False
FB-9658,TRX-16597,5.0,4,Excelente,,1,27.0,-31.5,True
FB-9659,TRX-17812,3.0,4,Precio justo,Maybe,No,74.0,-45.0,False
FB-9660,TRX-19704,2.0,5,Lento,Maybe,0,47.0,38.1,False
FB-9661,TRX-12090,2.0,1,No volvería,SI,1,70.0,62.2,True
FB-9662,TRX-14244,5.0,4,,SI,No,65.0,-22.8,False
FB-9663,TRX-10155,4.0,4,Excelente,NO,0,60.0,-71.2,False
FB-9664,TRX-18414,3.0,5,---,SI,1,18.0,-95.7,True
FB-9665,TRX-12547,3.0,4,Excelente,SI,1,56.0,16.0,True
FB-9666,TRX-12070,1.0,4,Dañado,NO,No,29.0,-50.0,False
FB-9667,TRX-12337,5.0,3,Precio justo,SI,No,67.0,-17.4,False
FB-9668,TRX-16206,1.0,3,No volvería,,1,26.0,11.5,True
FB-9669,TRX-19298,4.0,3,Precio justo,Maybe,1,66.0,44.7,True
FB-9670,TRX-14380,1.0,5,Excelente,Maybe,No,21.0,-15.3,False
FB-9671,TRX-10866,4.0,4,Precio justo,SI,No,41.0,40.5,False
FB-9672,TRX-16064,1.0,5,---,SI,1,77.0,82.7,True
FB-9673,TRX-14081,5.0,5,Excelente,NO,No,45.0,-44.5,False
FB-9674,TRX-19972,4.0,2,,SI,Sí,69.0,39.4,True
FB-9675,TRX-16852,3.0,1,Dañado,,0,37.0,-39.2,False
FB-9676,TRX-17500,5.0,2,,Maybe,1,80.0,-86.4,True
FB-9677,TRX-12999,5.0,1,Lento,NO,Sí,47.0,-83.4,True
FB-9678,TRX-17191,2.0,2,---,NO,1,84.0,40.5,True
FB-9679,TRX-15799,3.0,4,No volvería,NO,0,36.0,-70.1,False
FB-9680,TRX-17678,1.0,5,Lento,SI,No,38.0,99.3,False
FB-9681,TRX-18228,5.0,2,Precio justo,SI,Sí,57.0,8.7,True
FB-9682,TRX-14699,1.0,2,Excelente,SI,No,38.0,-37.5,False
FB-9683,TRX-14519,5.0,4,Lento,NO,Sí,72.0,21.0,True
FB-9684,TRX-17008,3.0,5,Dañado,NO,0,50.0,-82.0,False
FB-9685,TRX-18529,5.0,1,---,Maybe,1,55.0,-89.4,True
FB-9686,TRX-13748,1.0,2,,Maybe,No,26.0,7.4,False
FB-9687,TRX-15000,1.0,1,Precio justo,SI,Sí,67.0,-64.1,True
FB-9688,TRX-11424,3.0,3,Precio justo,SI,Sí,49.0,-85.5,True
FB-9689,TRX-15007,1.0,2,---,Maybe,Sí,58.0,25.6,True
FB-9690,TRX-16660,4.0,5,Lento,,0,40.0,-10.2,False
FB-9691,TRX-15123,5.0,3,Precio justo,Maybe,1,59.0,-0.6,True
FB-9692,TRX-11476,4.0,3,No volvería,SI,1,33.0,52.9,True
FB-9693,TRX-11302,2.0,2,Lento,SI,0,38.0,37.6,False
FB-9694,TRX-11256,2.0,2,Lento,SI,No,80.0,61.1,False
FB-9695,TRX-13932,5.0,3,,SI,1,31.0,-82.3,True
FB-9696,TRX-11534,1.0,2,Dañado,Maybe,0,64.0,-83.5,False
FB-9697,TRX-12705,3.0,5,---,SI,Sí,59.0,15.4,True
FB-9698,TRX-19425,2.0,5,Precio justo,SI,Sí,45.0,84.6,True
FB-9699,TRX-10940,1.0,3,Dañado,Maybe,No,43.0,49.2,False
FB-9700,TRX-11385,3.0,2,Precio justo,,Sí,69.0,40.3,True
FB-9701,TRX-14683,5.0,3,Lento,Maybe,0,73.0,-29.2,False
FB-9702,TRX-19079,1.0,5,---,SI,0,25.0,13.8,False
FB-9703,TRX-18074,4.0,2,Precio justo,SI,Sí,20.0,39.2,True
FB-9704,TRX-10175,5.0,5,---,NO,0,83.0,1.1,False
FB-9705,TRX-16946,2.0,2,---,SI,Sí,18.0,-53.9,True
FB-9706,TRX-18334,5.0,4,Dañado,,Sí,18.0,35.8,True
FB-9707,TRX-12235,5.0,5,---,SI,No,59.0,3.0,False
FB-9708,TRX-17858,3.0,1,Lento,Maybe,0,67.0,-50.0,False
FB-9709,TRX-18156,2.0,2,,SI,0,68.0,5.6,False
FB-9710,TRX-18437,3.0,4,Precio justo,SI,Sí,65.0,-31.4,True
FB-9711,TRX-18722,5.0,4,Dañado,NO,No,84.0,-86.7,False
FB-9712,TRX-12042,1.0,4,---,SI,No,56.0,-5.5,False
FB-9713,TRX-16643,4.0,5,,SI,Sí,54.0,93.8,True
FB-9714,TRX-10227,4.0,1,Precio justo,Maybe,1,53.0,-50.2,True
FB-9715,TRX-13115,3.0,4,,,No,52.0,-11.8,False
FB-9716,TRX-10119,1.0,3,Dañado,NO,Sí,83.0,64.3,True
FB-9717,TRX-16962,4.0,2,No volvería,,0,48.0,90.0,False
FB-9718,TRX-18754,1.0,2,Dañado,,1,57.0,-88.8,True
FB-9719,TRX-15653,3.0,1,Excelente,SI,Sí,50.0,49.9,True
FB-9720,TRX-14001,2.0,1,---,NO,Sí,83.0,-35.6,True
FB-9721,TRX-18652,1.0,5,Precio justo,SI,Sí,44.0,-78.5,True
FB-9722,TRX-19981,1.0,3,Excelente,SI,0,67.0,51.1,False
FB-9723,TRX-10693,2.0,2,No volvería,Maybe,1,43.0,-5.8,True
FB-9724,TRX-19951,5.0,4,Dañado,SI,Sí,39.0,-58.6,True
FB-9725,TRX-17350,5.0,4,,NO,No,83.0,43.5,False
FB-9726,TRX-12761,5.0,2,Lento,NO,0,33.0,-55.8,False
FB-9727,TRX-18577,3.0,3,Lento,SI,1,42.0,25.8,True
FB-9728,TRX-13687,5.0,3,,NO,No,33.0,-33.1,False
FB-9729,TRX-12864,3.0,4,Dañado,,Sí,53.0,-54.6,True
FB-9730,TRX-11230,2.0,2,No volvería,,1,31.0,-92.1,True
FB-9731,TRX-16013,1.0,4,,,No,57.0,-68.7,False
FB-9732,TRX-12184,4.0,5,---,Maybe,No,26.0,86.9,False
FB-9733,TRX-18416,4.0,2,Dañado,,Sí,57.0,-9.9,True
FB-9734,TRX-15788,3.0,3,,,1,62.0,69.0,True
FB-9735,TRX-10834,3.0,4,Lento,NO,0,18.0,52.1,False
FB-9736,TRX-16925,1.0,1,Lento,NO,Sí,46.0,38.4,True
FB-9737,TRX-18118,2.0,1,Lento,,0,25.0,47.4,False
FB-9738,TRX-16211,1.0,5,---,SI,1,75.0,-66.5,True
FB-9739,TRX-12793,3.0,1,Dañado,NO,No,36.0,-50.7,False
FB-9740,TRX-16115,1.0,5,No volvería,Maybe,Sí,64.0,55.7,True
FB-9741,TRX-11855,3.0,5,No volvería,NO,Sí,44.0,33.6,True
FB-9742,TRX-15537,4.0,3,---,Maybe,0,71.0,62.3,False
FB-9743,TRX-14092,1.0,3,No volvería,,No,74.0,37.2,False
FB-9744,TRX-18832,2.0,2,---,,Sí,72.0,57.1,True
FB-9745,TRX-11931,4.0,4,,Maybe,No,22.0,16.5,False
FB-9746,TRX-14752,2.0,1,---,Maybe,Sí,59.0,63.4,True
FB-9747,TRX-14901,2.0,4,Lento,Maybe,0,45.0,-35.3,False
FB-9748,TRX-17915,3.0,4,Precio justo,NO,1,29.0,-86.4,True
FB-9749,TRX-14809,2.0,5,,,0,62.0,-59.7,False
FB-9750,TRX-14337,5.0,1,Dañado,NO,0,51.0,-69.7,False
FB-9751,TRX-13490,2.0,3,---,SI,No,75.0,-5.5,False
FB-9752,TRX-10036,1.0,4,Lento,Maybe,1,30.0,80.9,True
FB-9753,TRX-19319,3.0,5,No volvería,SI,No,26.0,-37.8,False
FB-9754,TRX-16449,3.0,3,Dañado,Maybe,Sí,66.0,3.4,True
FB-9755,TRX-13562,5.0,5,,Maybe,Sí,27.0,63.0,True
FB-9756,TRX-14994,3.0,4,No volvería,,No,46.0,74.2,False
FB-9757,TRX-18446,3.0,4,Excelente,Maybe,1,66.0,-44.4,True
FB-9758,TRX-10580,4.0,4,Lento,NO,No,68.0,4.7,False
FB-9759,TRX-17586,4.0,1,---,Maybe,Sí,68.0,-48.7,True
FB-9760,TRX-17999,4.0,1,No volvería,Maybe,1,83.0,-16.1,True
FB-9761,TRX-10942,5.0,4,Excelente,SI,0,28.0,-21.5,False
FB-9762,TRX-15828,3.0,1,No volvería,,Sí,38.0,-87.2,True
FB-9763,TRX-10096,3.0,5,Lento,,Sí,67.0,-94.5,True
FB-9764,TRX-17542,3.0,5,Precio justo,Maybe,No,26.0,23.6,False
FB-9765,TRX-15382,2.0,2,No volvería,SI,No,60.0,-65.6,False
FB-9766,TRX-14888,3.0,3,No volvería,NO,1,55.0,-70.3,True
FB-9767,TRX-15798,3.0,5,,NO,1,61.0,-28.4,True
FB-9768,TRX-11755,1.0,3,Excelente,Maybe,0,70.0,-53.7,False
FB-9769,TRX-10084,1.0,2,Lento,Maybe,1,77.0,49.1,True
FB-9770,TRX-15729,3.0,2,No volvería,SI,1,43.0,29.9,True
FB-9771,TRX-13050,2.0,3,,,No,73.0,92.5,False
FB-9772,TRX-16587,2.0,4,,SI,1,73.0,-19.6,True
FB-9773,TRX-15808,5.0,3,Dañado,NO,No,63.0,-94.7,False
FB-9774,TRX-10145,5.0,5,---,Maybe,No,37.0,69.4,False
FB-9775,TRX-11660,3.0,3,,Maybe,No,54.0,-75.5,False
FB-9776,TRX-17058,4.0,5,Lento,SI,Sí,53.0,-46.2,True
FB-9777,TRX-18061,2.0,5,Excelente,,No,60.0,26.1,False
FB-9778,TRX-13236,4.0,5,Excelente,SI,No,70.0,-7.7,False
FB-9779,TRX-11388,5.0,4,---,,No,73.0,38.4,False
FB-9780,TRX-18668,2.0,4,Excelente,,No,61.0,-61.2,False
FB-9781,TRX-18426,4.0,2,Lento,NO,Sí,84.0,17.1,True
FB-9782,TRX-12518,3.0,1,,,Sí,52.0,-9.2,True
FB-9783,TRX-16729,4.0,4,Lento,NO,Sí,18.0,17.5,True
FB-9784,TRX-12029,5.0,4,No volvería,Maybe,Sí,59.0,76.4,True
FB-9785,TRX-17985,2.0,2,Excelente,SI,Sí,82.0,6.7,True
FB-9786,TRX-10113,2.0,2,,NO,0,43.0,48.2,False
FB-9787,TRX-12549,2.0,2,Excelente,SI,Sí,84.0,48.8,True
FB-9788,TRX-14098,3.0,3,,NO,1,78.0,32.4,True
FB-9789,TRX-13704,2.0,5,,Maybe,Sí,62.0,-3.3,True
FB-9790,TRX-17711,4.0,4,Lento,NO,1,50.0,-99.3,True
FB-9791,TRX-16477,1.0,5,Lento,NO,1,75.0,-75.8,True
FB-9792,TRX-16132,1.0,1,Dañado,SI,No,26.0,8.6,False
FB-9793,TRX-14903,3.0,2,Excelente,NO,0,36.0,-91.2,False
FB-9794,TRX-15971,4.0,1,,SI,1,47.0,-90.9,True
FB-9795,TRX-17017,3.0,2,Lento,Maybe,1,80.0,-74.8,True
FB-9796,TRX-12984,1.0,2,Lento,Maybe,0,70.0,-53.4,False
FB-9797,TRX-18788,2.0,1,No volvería,NO,1,28.0,99.9,True
FB-9798,TRX-14415,1.0,5,Excelente,,0,43.0,-75.9,False
FB-9799,TRX-11780,1.0,1,---,Maybe,1,43.0,-45.8,True
FB-9800,TRX-17185,3.0,3,Dañado,,Sí,50.0,36.6,True
FB-9801,TRX-17198,1.0,4,Lento,,1,31.0,35.3,True
FB-9802,TRX-12651,3.0,4,---,SI,Sí,33.0,75.0,True
FB-9803,TRX-12291,5.0,5,No volvería,,0,56.0,22.1,False
FB-9804,TRX-15795,3.0,5,,,Sí,47.0,-46.8,True
FB-9805,TRX-17110,5.0,5,No volvería,,No,30.0,-52.2,False
FB-9806,TRX-10095,3.0,1,---,SI,Sí,82.0,66.0,True
FB-9807,TRX-15885,1.0,1,Precio justo,NO,1,19.0,-80.4,True
FB-9808,TRX-13251,2.0,1,,,Sí,40.0,-3.8,True
FB-9809,TRX-11813,4.0,2,,Maybe,0,51.0,-3.4,False
FB-9810,TRX-13105,5.0,1,,SI,No,82.0,47.8,False
FB-9811,TRX-14667,3.0,4,Excelente,,0,59.0,99.1,False
FB-9812,TRX-10659,2.0,4,No volvería,,1,59.0,-0.7,True
FB-9813,TRX-12190,4.0,2,Dañado,SI,1,56.0,55.1,True
FB-9814,TRX-16464,2.0,1,Excelente,SI,0,39.0,70.3,False
FB-9815,TRX-16898,5.0,1,Dañado,SI,No,52.0,-93.2,False
FB-9816,TRX-15426,5.0,3,,,0,61.0,27.2,False
FB-9817,TRX-10517,4.0,3,No volvería,SI,No,65.0,76.9,False
FB-9818,TRX-12626,4.0,4,Excelente,,1,67.0,44.1,True
FB-9819,TRX-13260,5.0,5,No volvería,Maybe,1,76.0,54.7,True
FB-9820,TRX-17852,5.0,4,No volvería,,No,50.0,62.2,False
FB-9821,TRX-14354,1.0,2,No volvería,NO,1,33.0,-96.1,True
FB-9822,TRX-11946,4.0,1,,,1,22.0,85.8,True
FB-9823,TRX-16899,4.0,3,Lento,,1,61.0,81.2,True
FB-9824,TRX-18012,5.0,4,,,0,31.0,20.3,False
FB-9825,TRX-19013,3.0,2,Lento,NO,1,74.0,-30.2,True
FB-9826,TRX-18119,1.0,5,---,SI,Sí,64.0,-26.2,True
FB-9827,TRX-12087,3.0,4,Dañado,,0,36.0,7.0,False
FB-9828,TRX-15322,5.0,1,---,Maybe,Sí,79.0,-41.7,True
FB-9829,TRX-16551,1.0,1,---,Maybe,1,27.0,13.2,True
FB-9830,TRX-18222,1.0,3,---,SI,No,73.0,23.6,False
FB-9831,TRX-16370,5.0,2,Lento,Maybe,No,28.0,45.7,False
FB-9832,TRX-12153,2.0,5,Dañado,NO,0,24.0,-86.8,False
FB-9833,TRX-11797,2.0,5,Lento,SI,1,70.0,-86.6,True
FB-9834,TRX-11767,4.0,2,,SI,1,33.0,84.5,True
FB-9835,TRX-10346,5.0,3,No volvería,NO,1,77.0,48.9,True
FB-9836,TRX-12066,5.0,1,---,NO,0,68.0,-31.6,False
FB-9837,TRX-12548,3.0,5,---,Maybe,0,26.0,-95.1,False
FB-9838,TRX-15638,5.0,2,Lento,Maybe,Sí,66.0,21.9,True
FB-9839,TRX-18192,2.0,3,Precio justo,NO,0,53.0,-50.2,False
FB-9840,TRX-10223,5.0,1,,Maybe,No,26.0,-88.4,False
FB-9841,TRX-13874,3.0,2,No volvería,,1,49.0,51.0,True
FB-9842,TRX-10852,4.0,3,Precio justo,NO,Sí,74.0,95.3,True
FB-9843,TRX-15605,1.0,4,No volvería,Maybe,0,74.0,49.4,False
FB-9844,TRX-17039,4.0,2,,Maybe,Sí,61.0,-77.6,True
FB-9845,TRX-19782,3.0,5,,SI,1,36.0,-26.5,True
FB-9846,TRX-10131,5.0,2,Lento,SI,0,60.0,-50.4,False
FB-9847,TRX-17116,2.0,1,Excelente,,1,81.0,-25.2,True
FB-9848,TRX-17867,5.0,2,Dañado,NO,1,30.0,11.5,True
FB-9849,TRX-14742,1.0,1,No volvería,,No,27.0,27.0,False
FB-9850,TRX-14623,2.0,3,Excelente,NO,Sí,65.0,-38.4,True
FB-9851,TRX-17961,4.0,4,Excelente,NO,No,37.0,34.9,False
FB-9852,TRX-11353,3.0,1,Lento,Maybe,No,23.0,36.9,False
FB-9853,TRX-17027,4.0,3,No volvería,SI,Sí,61.0,98.6,True
FB-9854,TRX-14059,1.0,3,---,SI,Sí,65.0,-3.8,True
FB-9855,TRX-12498,1.0,4,Excelente,NO,Sí,81.0,-34.3,True
FB-9856,TRX-18376,5.0,5,Dañado,Maybe,Sí,46.0,71.6,True
FB-9857,TRX-13061,5.0,5,Precio justo,NO,No,26.0,-66.4,False
FB-9858,TRX-14087,5.0,2,---,SI,0,40.0,-10.6,False
FB-9859,TRX-14606,1.0,5,Lento,,Sí,72.0,25.3,True
FB-9860,TRX-11884,2.0,2,,SI,0,45.0,-71.5,False
FB-9861,TRX-14317,4.0,1,Lento,,0,64.0,-89.1,False
FB-9862,TRX-14052,4.0,1,---,SI,1,32.0,-20.6,True
FB-9863,TRX-17031,3.0,2,Lento,SI,0,75.0,-30.0,False
FB-9864,TRX-13250,3.0,4,Dañado,NO,1,35.0,49.0,True
FB-9865,TRX-17764,2.0,4,,,No,57.0,6.6,False
FB-9866,TRX-11688,5.0,5,Lento,,1,35.0,-95.5,True
FB-9867,TRX-18230,5.0,1,Dañado,NO,Sí,24.0,83.8,True
FB-9868,TRX-12968,2.0,1,,NO,Sí,19.0,72.2,True
FB-9869,TRX-13091,4.0,4,Excelente,Maybe,Sí,68.0,-85.1,True
FB-9870,TRX-19686,5.0,3,No volvería,,0,52.0,-49.0,False
FB-9871,TRX-12436,4.0,4,Excelente,SI,Sí,27.0,24.8,True
FB-9872,TRX-13758,1.0,4,No volvería,NO,1,37.0,-63.9,True
FB-9873,TRX-11973,3.0,3,---,,Sí,74.0,94.8,True
FB-9874,TRX-12167,5.0,5,Lento,NO,Sí,30.0,-15.9,True
FB-9875,TRX-16574,3.0,2,Excelente,,1,41.0,40.9,True
FB-9876,TRX-10628,2.0,5,Dañado,SI,0,59.0,2.2,False
FB-9877,TRX-14486,1.0,3,---,NO,0,80.0,-38.3,False
FB-9878,TRX-13148,5.0,3,Lento,Maybe,0,63.0,39.4,False
FB-9879,TRX-12395,5.0,5,Excelente,SI,1,78.0,-4.9,True
FB-9880,TRX-16984,4.0,2,Excelente,NO,No,80.0,27.2,False
FB-9881,TRX-10289,3.0,5,Dañado,Maybe,1,37.0,-21.4,True
FB-9882,TRX-13270,1.0,1,Dañado,NO,0,33.0,99.5,False
FB-9883,TRX-11489,4.0,1,Excelente,SI,No,52.0,-58.7,False
FB-9884,TRX-10834,1.0,1,,SI,No,26.0,-63.4,False
FB-9885,TRX-16231,1.0,2,Dañado,SI,Sí,53.0,-98.1,True
FB-9886,TRX-16673,2.0,2,---,Maybe,1,31.0,74.1,True
FB-9887,TRX-18601,2.0,3,Precio justo,,0,60.0,-68.6,False
FB-9888,TRX-15020,4.0,4,,SI,0,40.0,-50.7,False
FB-9889,TRX-13791,4.0,2,,SI,0,66.0,-58.7,False
FB-9890,TRX-13633,4.0,4,---,,No,18.0,95.8,False
FB-9891,TRX-15507,1.0,1,Precio justo,Maybe,0,67.0,70.6,False
FB-9892,TRX-16980,5.0,1,Dañado,Maybe,No,75.0,49.8,False
FB-9893,TRX-17851,2.0,4,Excelente,,Sí,46.0,-22.4,True
FB-9894,TRX-11005,5.0,5,Dañado,SI,No,19.0,-98.6,False
FB-9895,TRX-18353,3.0,3,---,Maybe,Sí,33.0,93.6,True
FB-9896,TRX-16997,2.0,3,Dañado,,1,44.0,-59.3,True
FB-9897,TRX-10846,3.0,5,No volvería,Maybe,1,53.0,-86.8,True
FB-9898,TRX-14985,3.0,4,Precio justo,NO,No,43.0,-23.9,False
FB-9899,TRX-11803,4.0,4,Lento,NO,0,24.0,-44.3,False
FB-9900,TRX-14411,1.0,2,Lento,,Sí,55.0,88.8,True
FB-9901,TRX-15956,5.0,1,Lento,SI,1,55.0,-94.5,True
FB-9902,TRX-14596,3.0,1,---,NO,Sí,42.0,95.8,True
FB-9903,TRX-15751,4.0,4,Dañado,SI,No,69.0,17.3,False
FB-9904,TRX-16849,1.0,2,Lento,Maybe,1,73.0,-40.0,True
FB-9905,TRX-14046,2.0,2,No volvería,,No,67.0,73.6,False
FB-9906,TRX-15240,3.0,3,Dañado,NO,No,75.0,-16.6,False
FB-9907,TRX-10779,4.0,3,Excelente,,0,23.0,6.5,False
FB-9908,TRX-12977,4.0,4,Excelente,,0,46.0,-71.5,False
FB-9909,TRX-10669,4.0,3,Dañado,,1,84.0,76.1,True
FB-9910,TRX-10008,2.0,2,,,No,53.0,75.7,False
FB-9911,TRX-10854,1.0,5,Precio justo,,Sí,23.0,50.3,True
FB-9912,TRX-15269,5.0,1,Precio justo,Maybe,Sí,18.0,45.2,True
FB-9913,TRX-13473,5.0,4,Excelente,NO,No,46.0,-60.0,False
FB-9914,TRX-14674,3.0,3,Lento,,No,29.0,-11.5,False
FB-9915,TRX-17734,1.0,3,---,NO,0,73.0,-81.6,False
FB-9916,TRX-14590,3.0,2,No volvería,NO,0,23.0,18.3,False
FB-9917,TRX-19937,5.0,3,Dañado,Maybe,Sí,76.0,-57.8,True
FB-9918,TRX-11650,2.0,1,---,NO,Sí,69.0,-40.3,True
FB-9919,TRX-17059,1.0,4,No volvería,NO,No,54.0,63.1,False
FB-9920,TRX-13028,1.0,3,No volvería,NO,0,59.0,97.0,False
FB-9921,TRX-14133,3.0,5,,Maybe,1,56.0,-24.0,True
FB-9922,TRX-18049,3.0,5,No volvería,SI,1,56.0,58.9,True
FB-9923,TRX-15956,2.0,4,Dañado,NO,Sí,72.0,-73.6,True
FB-9924,TRX-15476,1.0,5,Lento,NO,Sí,63.0,5.8,True
FB-9925,TRX-14986,5.0,5,---,NO,1,70.0,10.2,True
FB-9926,TRX-11827,5.0,3,,SI,0,78.0,77.6,False
FB-9927,TRX-11587,4.0,5,Dañado,SI,0,27.0,-51.7,False
FB-9928,TRX-10223,5.0,3,,Maybe,0,24.0,-87.2,False
FB-9929,TRX-19040,4.0,1,Excelente,,No,52.0,-30.0,False
FB-9930,TRX-12134,4.0,2,---,NO,No,24.0,49.2,False
FB-9931,TRX-15426,3.0,3,---,,1,55.0,-90.8,True
FB-9932,TRX-15907,5.0,2,Lento,SI,0,25.0,-70.8,False
FB-9933,TRX-15920,4.0,3,Excelente,,1,60.0,-90.9,True
FB-9934,TRX-19648,5.0,3,No volvería,Maybe,No,59.0,-0.7,False
FB-9935,TRX-18664,5.0,4,Lento,SI,No,43.0,65.0,False
FB-9936,TRX-19907,5.0,3,No volvería,NO,1,23.0,-46.7,True
FB-9937,TRX-16088,2.0,5,Excelente,,No,75.0,-93.7,False
FB-9938,TRX-13903,4.0,5,,SI,No,27.0,-64.7,False
FB-9939,TRX-14521,5.0,3,Dañado,SI,Sí,29.0,-83.3,True
FB-9940,TRX-13441,3.0,1,,,1,46.0,10.7,True
FB-9941,TRX-19573,2.0,5,,,1,38.0,0.0,True
FB-9942,TRX-16292,4.0,2,Lento,,Sí,38.0,-51.0,True
FB-9943,TRX-11429,1.0,1,No volvería,SI,No,59.0,68.5,False
FB-9944,TRX-11742,4.0,2,---,NO,No,46.0,-17.8,False
FB-9945,TRX-12137,2.0,3,Precio justo,SI,Sí,31.0,93.8,True
FB-9946,TRX-19860,3.0,3,No volvería,NO,1,42.0,-53.4,True
FB-9947,TRX-11971,2.0,3,Excelente,,No,56.0,24.5,False
FB-9948,TRX-10672,5.0,5,Excelente,,Sí,76.0,59.1,True
FB-9949,TRX-19610,2.0,1,---,Maybe,0,79.0,-62.2,False
FB-9950,TRX-13120,3.0,2,,NO,0,44.0,58.7,False
FB-9951,TRX-13160,1.0,4,,,1,22.0,76.9,True
FB-9952,TRX-17303,1.0,1,Dañado,NO,Sí,21.0,33.5,True
FB-9953,TRX-11616,5.0,2,Lento,NO,Sí,69.0,79.2,True
FB-9954,TRX-11226,5.0,4,---,NO,0,23.0,-21.5,False
FB-9955,TRX-18955,1.0,1,Precio justo,NO,1,46.0,-19.6,True
FB-9956,TRX-15618,3.0,1,Excelente,SI,1,72.0,-96.3,True
FB-9957,TRX-14939,2.0,3,Lento,Maybe,No,84.0,59.8,False
FB-9958,TRX-17769,1.0,1,Precio justo,NO,1,53.0,-93.4,True
FB-9959,TRX-13309,5.0,2,---,NO,0,34.0,-47.2,False
FB-9960,TRX-18741,5.0,3,---,Maybe,Sí,54.0,24.0,True
FB-9961,TRX-12517,3.0,1,---,,1,66.0,21.5,True
FB-9962,TRX-10717,4.0,3,Dañado,NO,Sí,81.0,-3.9,True
FB-9963,TRX-12094,5.0,4,Lento,,0,74.0,23.5,False
FB-9964,TRX-13140,3.0,2,No volvería,SI,No,38.0,-35.5,False
FB-9965,TRX-16851,1.0,4,,Maybe,No,83.0,-59.3,False
FB-9966,TRX-19019,4.0,2,,SI,1,28.0,-41.4,True
FB-9967,TRX-14137,1.0,5,---,,Sí,34.0,-50.5,True
FB-9968,TRX-19180,3.0,4,Precio justo,Maybe,Sí,78.0,-14.2,True
FB-9969,TRX-15690,1.0,5,No volvería,SI,0,46.0,51.7,False
FB-9970,TRX-15996,2.0,3,---,,No,38.0,-35.0,False
FB-9971,TRX-17347,3.0,4,,,0,68.0,-28.8,False
FB-9972,TRX-11923,4.0,1,No volvería,Maybe,1,45.0,39.5,True
FB-9973,TRX-17145,5.0,2,,Maybe,0,32.0,82.7,False
FB-9974,TRX-11109,1.0,1,Precio justo,,Sí,21.0,-47.9,True
FB-9975,TRX-17910,3.0,1,No volvería,,1,55.0,47.1,True
FB-9976,TRX-16864,1.0,3,Precio justo,SI,1,84.0,24.8,True
FB-9977,TRX-18581,3.0,3,No volvería,SI,No,46.0,4.3,False
FB-9978,TRX-18255,3.0,1,Dañado,,0,28.0,-96.2,False
FB-9979,TRX-10358,4.0,1,Dañado,NO,0,68.0,-23.9,False
FB-9980,TRX-12735,1.0,1,---,Maybe,1,53.0,-58.9,True
FB-9981,TRX-19816,1.0,2,Lento,Maybe,1,74.0,-72.0,True
FB-9982,TRX-14491,3.0,3,No volvería,Maybe,0,22.0,-44.9,False
FB-9983,TRX-12112,2.0,4,Dañado,,0,33.0,30.6,False
FB-9984,TRX-14745,5.0,3,Dañado,SI,No,42.0,7.7,False
FB-9985,TRX-10744,5.0,1,---,SI,Sí,47.0,-12.6,True
FB-9986,TRX-19276,2.0,4,Dañado,Maybe,1,68.0,-71.0,True
FB-9987,TRX-10996,4.0,4,Excelente,NO,Sí,20.0,55.7,True
FB-9988,TRX-13116,2.0,4,No volvería,Maybe,1,54.0,-3.8,True
FB-9989,TRX-16512,2.0,3,Lento,Maybe,0,20.0,29.0,False
FB-9990,TRX-18110,4.0,1,Dañado,Maybe,0,75.0,-92.6,False
FB-9991,TRX-18723,3.0,1,Precio justo,NO,0,38.0,78.5,False
FB-9992,TRX-18412,1.0,5,Excelente,Maybe,Sí,35.0,3.6,True
FB-9993,TRX-11228,5.0,2,No volvería,SI,Sí,75.0,-30.1,True
FB-9994,TRX-12711,5.0,3,,NO,Sí,27.0,65.4,True
FB-9995,TRX-17172,5.0,5,---,NO,Sí,37.0,62.3,True
FB-9996,TRX-18344,2.0,5,Lento,SI,0,57.0,-56.0,False
FB-9997,TRX-16293,3.0,5,Dañado,,Sí,46.0,-25.8,True
FB-9998,TRX-19215,3.0,3,Precio justo,NO,Sí,53.0,21.1,True
FB-9999,TRX-16393,2.0,2,Excelente,NO,0,49.0,99.7,False
FB-10000,TRX-16567,4.0,4,Precio justo,NO,No,50.0,57.3,False
FB-10001,TRX-19948,4.0,2,Precio justo,,Sí,36.0,-90.0,True
FB-10002,TRX-14448,3.0,2,Excelente,Maybe,1,29.0,47.2,True
FB-10003,TRX-13390,2.0,1,Precio justo,,0,54.0,-1.9,False
FB-10004,TRX-13015,5.0,5,Dañado,SI,No,63.0,-96.3,False
FB-10005,TRX-10058,1.0,5,---,SI,Sí,48.0,-9.4,True
FB-10006,TRX-12621,3.0,4,Excelente,SI,Sí,34.0,-34.5,True
FB-10007,TRX-19369,5.0,1,No volvería,NO,Sí,21.0,-79.1,True
FB-10008,TRX-13568,3.0,4,Excelente,Maybe,0,32.0,6.6,False
FB-10009,TRX-19701,1.0,3,,Maybe,Sí,62.0,88.3,True
FB-10010,TRX-10145,4.0,1,Lento,NO,No,29.0,74.9,False
FB-10011,TRX-18401,3.0,5,,Maybe,No,23.0,12.1,False
FB-10012,TRX-17461,2.0,4,,,No,39.0,-58.7,False
FB-10013,TRX-18254,4.0,1,---,SI,Sí,79.0,-77.1,True
FB-10014,TRX-18602,4.0,1,Dañado,SI,Sí,58.0,36.8,True
FB-10015,TRX-14240,5.0,2,No volvería,NO,0,33.0,-21.6,False
FB-10016,TRX-14971,2.0,1,---,NO,0,63.0,4.4,False
FB-10017,TRX-13609,3.0,1,---,NO,1,79.0,55.5,True
FB-10018,TRX-14855,3.0,5,---,NO,No,75.0,20.5,False
FB-10019,TRX-14399,2.0,3,,SI,Sí,53.0,-84.7,True
FB-10020,TRX-19046,4.0,4,Dañado,NO,1,20.0,97.2,True
FB-10021,TRX-11951,3.0,3,Dañado,SI,0,46.0,-71.2,False
FB-10022,TRX-12803,3.0,1,Excelente,Maybe,1,20.0,96.0,True
FB-10023,TRX-13668,3.0,5,,,0,68.0,1.5,False
FB-10024,TRX-10747,1.0,5,No volvería,Maybe,1,27.0,67.8,True
FB-10025,TRX-18741,2.0,5,Excelente,,0,63.0,-75.2,False
FB-10026,TRX-13902,1.0,5,Lento,NO,1,23.0,72.3,True
FB-10027,TRX-14781,1.0,2,Lento,SI,Sí,49.0,-74.1,True
FB-10028,TRX-10640,5.0,1,Lento,,No,78.0,78.0,False
FB-10029,TRX-12427,3.0,2,Excelente,SI,No,81.0,-11.5,False
FB-10030,TRX-14550,1.0,2,Excelente,Maybe,No,81.0,72.3,False
FB-10031,TRX-12178,2.0,1,Lento,NO,1,56.0,-44.9,True
FB-10032,TRX-14430,5.0,5,Excelente,NO,Sí,18.0,41.6,True
FB-10033,TRX-10844,5.0,4,Precio justo,,Sí,68.0,54.8,True
FB-10034,TRX-14079,4.0,5,Precio justo,Maybe,No,71.0,-0.0,False
FB-10035,TRX-13440,4.0,5,Precio justo,NO,No,37.0,73.0,False
FB-10036,TRX-18758,5.0,2,Dañado,Maybe,No,54.0,36.6,False
FB-10037,TRX-11903,2.0,3,No volvería,Maybe,No,75.0,-37.1,False
FB-10038,TRX-10022,1.0,5,,SI,1,18.0,85.9,True
FB-10039,TRX-15692,4.0,1,No volvería,Maybe,0,71.0,-32.0,False
FB-10040,TRX-19914,1.0,1,No volvería,Maybe,No,30.0,46.2,False
FB-10041,TRX-16047,2.0,1,Lento,Maybe,Sí,19.0,38.5,True
FB-10042,TRX-15317,1.0,2,---,Maybe,1,57.0,-73.6,True
FB-10043,TRX-11363,5.0,4,Precio justo,NO,1,73.0,-14.4,True
FB-10044,TRX-18999,4.0,4,,SI,No,39.0,14.9,False
FB-10045,TRX-14326,2.0,4,Precio justo,,Sí,76.0,-62.7,True
FB-10046,TRX-12189,5.0,5,Excelente,SI,0,72.0,-80.1,False
FB-10047,TRX-16690,2.0,5,Dañado,NO,Sí,32.0,9.2,True
FB-10048,TRX-14831,4.0,3,Dañado,NO,No,47.0,-69.3,False
FB-10049,TRX-15318,1.0,3,Precio justo,,No,42.0,57.6,False
FB-10050,TRX-10938,2.0,3,Excelente,NO,1,56.0,71.1,True
FB-10051,TRX-10170,4.0,2,Precio justo,NO,1,51.0,-81.2,True
FB-10052,TRX-15824,5.0,4,Lento,SI,Sí,66.0,40.6,True
FB-10053,TRX-13592,4.0,5,---,SI,0,70.0,46.4,False
FB-10054,TRX-14582,1.0,3,Lento,SI,Sí,55.0,-86.8,True
FB-10055,TRX-12895,4.0,2,No volvería,,Sí,67.0,19.3,True
FB-10056,TRX-14194,5.0,3,,SI,Sí,76.0,24.3,True
FB-10057,TRX-10256,5.0,5,,,0,79.0,2.4,False
FB-10058,TRX-18804,2.0,3,,NO,Sí,43.0,38.0,True
FB-10059,TRX-19556,5.0,2,---,,No,83.0,-50.6,False
FB-10060,TRX-11743,3.0,2,No volvería,,No,79.0,-47.7,False
FB-10061,TRX-16258,5.0,3,Precio justo,Maybe,Sí,69.0,84.8,True
FB-10062,TRX-14216,1.0,5,---,Maybe,1,79.0,35.8,True
FB-10063,TRX-19901,5.0,2,---,NO,1,59.0,-20.6,True
FB-10064,TRX-19025,2.0,4,No volvería,NO,0,30.0,34.3,False
FB-10065,TRX-13377,5.0,2,---,SI,No,53.0,49.6,False
FB-10066,TRX-17244,4.0,1,Precio justo,,0,44.0,-39.6,False
FB-10067,TRX-13614,4.0,3,Dañado,Maybe,1,20.0,3.9,True
FB-10068,TRX-15312,4.0,4,Lento,SI,Sí,62.0,-77.1,True
FB-10069,TRX-14403,3.0,5,---,Maybe,0,52.0,20.2,False
FB-10070,TRX-13341,2.0,4,Excelente,SI,0,54.0,37.6,False
FB-10071,TRX-19529,4.0,2,Excelente,Maybe,0,31.0,48.6,False
FB-10072,TRX-16479,4.0,2,Dañado,SI,1,46.0,92.1,True
FB-10073,TRX-12550,4.0,1,---,,Sí,79.0,-66.6,True
FB-10074,TRX-17308,2.0,4,,SI,0,31.0,-86.1,False
FB-10075,TRX-13796,4.0,2,---,NO,No,48.0,88.5,False
FB-10076,TRX-17109,3.0,5,Precio justo,SI,1,65.0,29.7,True
FB-10077,TRX-16039,4.0,5,,Maybe,1,55.0,12.6,True
FB-10078,TRX-12430,1.0,4,Lento,,1,72.0,-15.3,True
FB-10079,TRX-17848,3.0,4,Precio justo,SI,0,22.0,-11.8,False
FB-10080,TRX-11535,1.0,1,Precio justo,SI,1,35.0,-40.6,True
FB-10081,TRX-18125,4.0,4,Dañado,NO,1,32.0,24.9,True
FB-10082,TRX-12973,4.0,5,Dañado,Maybe,Sí,68.0,-96.9,True
FB-10083,TRX-17526,2.0,4,No volvería,NO,1,70.0,8.8,True
FB-10084,TRX-13031,1.0,2,Dañado,SI,0,26.0,-88.4,False
FB-10085,TRX-12885,1.0,2,No volvería,,1,36.0,44.8,True
FB-10086,TRX-13094,5.0,4,,Maybe,Sí,42.0,92.4,True
FB-10087,TRX-19333,5.0,3,,SI,1,66.0,-63.0,True
FB-10088,TRX-18036,5.0,4,---,SI,0,76.0,-45.1,False
FB-10089,TRX-12955,5.0,1,Excelente,Maybe,No,25.0,7.7,False
FB-10090,TRX-14621,1.0,5,No volvería,NO,1,38.0,-2.0,True
FB-10091,TRX-10344,2.0,5,No volvería,,0,57.0,63.3,False
FB-10092,TRX-15081,5.0,4,,NO,1,74.0,-74.9,True
FB-10093,TRX-12669,1.0,3,Excelente,NO,1,76.0,10.6,True
FB-10094,TRX-12911,2.0,5,Lento,,0,43.0,84.4,False
FB-10095,TRX-16458,2.0,3,Precio justo,SI,1,59.0,33.4,True
FB-10096,TRX-19958,5.0,5,,Maybe,0,76.0,-46.2,False
FB-10097,TRX-13077,1.0,2,Precio justo,Maybe,No,47.0,-87.5,False
FB-10098,TRX-11137,3.0,1,Dañado,NO,1,64.0,-16.2,True
FB-10099,TRX-12351,1.0,5,Dañado,NO,No,78.0,-6.6,False
FB-10100,TRX-11180,3.0,4,Lento,SI,0,24.0,-73.4,False
FB-10101,TRX-16986,2.0,2,---,,1,71.0,-4.0,True
FB-10102,TRX-14018,4.0,3,Dañado,,1,37.0,35.3,True
FB-10103,TRX-17455,5.0,1,Precio justo,Maybe,1,33.0,-4.9,True
FB-10104,TRX-16594,2.0,3,,,Sí,19.0,-54.7,True
FB-10105,TRX-11642,3.0,3,,NO,1,27.0,91.7,True
FB-10106,TRX-18630,3.0,5,No volvería,SI,Sí,60.0,-77.0,True
FB-10107,TRX-12249,3.0,2,No volvería,SI,No,45.0,21.7,False
FB-10108,TRX-10193,3.0,1,---,NO,0,27.0,45.9,False
FB-10109,TRX-19884,1.0,2,Dañado,Maybe,Sí,39.0,-46.0,True
FB-10110,TRX-11633,2.0,2,Precio justo,NO,1,51.0,-24.1,True
FB-10111,TRX-16191,3.0,5,,SI,1,33.0,-12.7,True
FB-10112,TRX-16291,2.0,3,Excelente,SI,Sí,72.0,29.4,True
FB-10113,TRX-10339,2.0,2,Excelente,SI,Sí,81.0,2.5,True
FB-10114,TRX-11802,4.0,3,,,Sí,70.0,-61.8,True
FB-10115,TRX-10222,1.0,2,,NO,No,59.0,78.5,False
FB-10116,TRX-10716,4.0,1,,Maybe,1,47.0,-27.1,True
FB-10117,TRX-12165,5.0,4,No volvería,NO,0,77.0,-23.5,False
FB-10118,TRX-14068,5.0,4,Precio justo,NO,Sí,19.0,60.0,True
FB-10119,TRX-11369,5.0,4,,NO,0,51.0,7.1,False
FB-10120,TRX-14385,4.0,5,---,,Sí,59.0,-53.7,True
FB-10121,TRX-12336,2.0,5,No volvería,NO,Sí,38.0,82.9,True
FB-10122,TRX-19824,5.0,3,Precio justo,SI,No,51.0,61.0,False
FB-10123,TRX-10221,5.0,5,,Maybe,Sí,49.0,20.0,True
FB-10124,TRX-10153,4.0,4,---,,0,47.0,2.4,False
FB-10125,TRX-11742,2.0,5,Excelente,,1,81.0,35.1,True
FB-10126,TRX-18886,5.0,4,,,1,36.0,-27.8,True
FB-10127,TRX-15544,1.0,2,Dañado,,No,47.0,38.8,False
FB-10128,TRX-11392,5.0,4,Lento,SI,1,75.0,-92.3,True
FB-10129,TRX-13314,4.0,4,Dañado,SI,1,58.0,-20.0,True
FB-10130,TRX-12281,4.0,1,Precio justo,Maybe,Sí,44.0,23.5,True
FB-10131,TRX-17871,1.0,1,No volvería,NO,No,33.0,24.3,False
FB-10132,TRX-19221,2.0,1,No volvería,,0,42.0,-85.7,False
FB-10133,TRX-17279,1.0,1,Excelente,NO,Sí,78.0,43.9,True
FB-10134,TRX-12672,5.0,4,,NO,No,84.0,-83.0,False
FB-10135,TRX-15036,4.0,3,Excelente,Maybe,No,28.0,48.2,False
FB-10136,TRX-15435,2.0,1,Dañado,,1,49.0,82.4,True
FB-10137,TRX-17846,5.0,5,,NO,1,54.0,95.1,True
FB-10138,TRX-12531,1.0,5,---,Maybe,No,69.0,20.7,False
FB-10139,TRX-13994,5.0,5,Dañado,NO,Sí,51.0,42.8,True
FB-10140,TRX-10915,1.0,4,---,Maybe,Sí,67.0,-53.2,True
FB-10141,TRX-18905,3.0,2,Lento,SI,1,51.0,-25.1,True
FB-10142,TRX-14382,3.0,2,Precio justo,Maybe,Sí,26.0,-97.6,True
FB-10143,TRX-18906,4.0,1,Dañado,Maybe,1,59.0,59.6,True
FB-10144,TRX-12016,2.0,5,Dañado,SI,0,56.0,37.9,False
FB-10145,TRX-10347,4.0,1,Excelente,,0,47.0,-48.4,False
FB-10146,TRX-10729,5.0,4,,Maybe,No,20.0,-2.0,False
FB-10147,TRX-11684,3.0,5,Precio justo,Maybe,Sí,19.0,45.7,True
FB-10148,TRX-18923,4.0,1,Excelente,NO,0,84.0,33.3,False
FB-10149,TRX-14861,1.0,3,---,Maybe,1,84.0,-35.9,True
FB-10150,TRX-11680,2.0,4,---,Maybe,1,34.0,-26.1,True
FB-10151,TRX-18381,3.0,4,Lento,NO,No,80.0,-69.2,False
FB-10152,TRX-16804,2.0,4,Dañado,,0,20.0,-72.5,False
FB-10153,TRX-12323,2.0,3,,SI,1,27.0,-19.0,True
FB-10154,TRX-10019,3.0,2,Dañado,SI,No,72.0,-4.1,False
FB-10155,TRX-13675,1.0,2,Dañado,Maybe,0,37.0,90.1,False
FB-10156,TRX-10393,1.0,3,No volvería,,Sí,18.0,1.1,True
FB-10157,TRX-13713,1.0,2,---,SI,1,59.0,-62.0,True
FB-10158,TRX-16998,2.0,3,Precio justo,NO,No,30.0,-66.2,False
FB-10159,TRX-16314,1.0,1,Excelente,Maybe,0,25.0,-30.9,False
FB-10160,TRX-12414,5.0,3,Excelente,Maybe,No,41.0,83.8,False
FB-10161,TRX-15788,5.0,2,---,,Sí,39.0,58.8,True
FB-10162,TRX-14699,1.0,3,Excelente,Maybe,Sí,64.0,-1.2,True
FB-10163,TRX-13700,1.0,3,Lento,,0,50.0,91.2,False
FB-10164,TRX-16303,3.0,5,No volvería,SI,Sí,77.0,-56.9,True
FB-10165,TRX-11841,3.0,3,Lento,SI,Sí,43.0,-13.1,True
FB-10166,TRX-18057,4.0,2,Precio justo,,0,61.0,-99.8,False
FB-10167,TRX-12778,2.0,4,Excelente,SI,No,20.0,73.3,False
FB-10168,TRX-11804,2.0,1,Excelente,SI,No,77.0,-68.4,False
FB-10169,TRX-13678,3.0,3,Excelente,SI,Sí,27.0,91.5,True
FB-10170,TRX-11666,5.0,2,Dañado,,1,23.0,1.4,True
FB-10171,TRX-14617,4.0,2,---,NO,1,34.0,98.8,True
FB-10172,TRX-15854,3.0,5,---,NO,0,76.0,8.3,False
FB-10173,TRX-11249,4.0,2,Dañado,SI,Sí,24.0,-8.9,True
FB-10174,TRX-15467,2.0,4,,NO,0,31.0,-5.6,False
FB-10175,TRX-11939,2.0,2,Excelente,SI,Sí,50.0,67.2,True
FB-10176,TRX-15906,2.0,4,---,Maybe,Sí,35.0,-27.5,True
FB-10177,TRX-11389,5.0,1,Excelente,NO,0,42.0,70.7,False
FB-10178,TRX-10710,3.0,3,Dañado,Maybe,1,84.0,77.3,True
FB-10179,TRX-19904,4.0,1,Lento,SI,Sí,63.0,-42.2,True
FB-10180,TRX-12475,3.0,3,No volvería,NO,No,57.0,85.4,False
FB-10181,TRX-12917,2.0,1,Lento,NO,Sí,75.0,-61.9,True
FB-10182,TRX-17022,2.0,4,---,Maybe,1,22.0,65.3,True
FB-10183,TRX-18691,3.0,3,No volvería,SI,No,62.0,-66.3,False
FB-10184,TRX-15486,1.0,3,---,NO,No,71.0,43.5,False
FB-10185,TRX-19824,1.0,1,Dañado,,No,81.0,95.1,False
FB-10186,TRX-12971,3.0,5,,SI,1,69.0,-84.8,True
FB-10187,TRX-16967,2.0,5,,,No,18.0,-60.7,False
FB-10188,TRX-12461,4.0,1,Excelente,NO,Sí,62.0,-29.4,True
FB-10189,TRX-14940,1.0,2,---,NO,Sí,79.0,-28.0,True
FB-10190,TRX-14702,3.0,1,Excelente,,Sí,63.0,-63.6,True
FB-10191,TRX-15707,5.0,4,Excelente,NO,1,50.0,-0.6,True
FB-10192,TRX-11702,3.0,4,---,NO,Sí,54.0,58.1,True
FB-10193,TRX-14441,2.0,2,Lento,SI,Sí,77.0,60.5,True
FB-10194,TRX-18179,3.0,5,Excelente,SI,Sí,66.0,-6.8,True
FB-10195,TRX-16047,1.0,4,No volvería,SI,1,34.0,-37.3,True
FB-10196,TRX-14348,1.0,4,Excelente,Maybe,No,40.0,-51.7,False
FB-10197,TRX-11251,3.0,3,Dañado,SI,Sí,54.0,43.1,True
FB-10198,TRX-10035,4.0,3,Excelente,NO,1,83.0,-83.0,True
FB-10199,TRX-12435,3.0,2,Lento,NO,No,31.0,9.1,False
FB-10200,TRX-12401,4.0,4,Lento,Maybe,No,50.0,8.3,False
FB-10201,TRX-15247,1.0,1,---,NO,0,18.0,-77.4,False
FB-10202,TRX-12421,5.0,5,Dañado,Maybe,Sí,59.0,-5.8,True
FB-10203,TRX-16399,4.0,2,---,SI,No,58.0,-50.0,False
FB-10204,TRX-17318,3.0,1,Precio justo,,0,56.0,-66.7,False
FB-10205,TRX-17838,2.0,1,---,,No,61.0,-83.6,False
FB-10206,TRX-11102,2.0,2,Lento,,1,51.0,-61.3,True
FB-10207,TRX-11854,3.0,2,Precio justo,,Sí,71.0,29.0,True
FB-10208,TRX-19467,1.0,4,Dañado,,No,63.0,45.9,False
FB-10209,TRX-17003,1.0,5,Excelente,Maybe,1,50.0,-54.3,True
FB-10210,TRX-14562,1.0,4,,NO,1,76.0,14.8,True
FB-10211,TRX-12370,3.0,1,Precio justo,Maybe,Sí,54.0,-25.7,True
FB-10212,TRX-11481,2.0,4,Dañado,NO,No,25.0,8.3,False
FB-10213,TRX-15292,5.0,4,Precio justo,SI,Sí,47.0,-50.8,True
FB-10214,TRX-12089,2.0,5,Precio justo,Maybe,1,37.0,-90.8,True
FB-10215,TRX-12979,1.0,3,---,SI,0,82.0,-34.6,False
FB-10216,TRX-16308,3.0,5,Excelente,NO,No,66.0,-67.9,False
FB-10217,TRX-15777,3.0,4,,NO,No,75.0,46.9,False
FB-10218,TRX-15231,5.0,3,Lento,NO,Sí,79.0,46.1,True
FB-10219,TRX-18097,2.0,1,Precio justo,NO,No,24.0,-85.5,False
FB-10220,TRX-16944,1.0,5,No volvería,,1,53.0,-20.7,True
FB-10221,TRX-17885,5.0,2,Excelente,NO,No,76.0,-81.4,False
FB-10222,TRX-16782,1.0,1,---,NO,Sí,51.0,43.0,True
FB-10223,TRX-19858,2.0,3,No volvería,SI,Sí,80.0,-96.3,True
FB-10224,TRX-15463,5.0,1,Excelente,SI,1,41.0,-12.4,True
FB-10225,TRX-12264,1.0,2,Excelente,,1,78.0,-69.5,True
FB-10226,TRX-14028,4.0,2,,,0,26.0,33.0,False
FB-10227,TRX-16278,3.0,5,Lento,,Sí,40.0,-57.2,True
FB-10228,TRX-16859,2.0,5,No volvería,,0,65.0,-18.7,False
FB-10229,TRX-19000,3.0,4,Precio justo,,0,73.0,-99.0,False
FB-10230,TRX-18144,1.0,4,Excelente,SI,No,56.0,97.8,False
FB-10231,TRX-18826,5.0,1,,SI,0,23.0,50.8,False
FB-10232,TRX-18745,1.0,2,No volvería,Maybe,0,20.0,-67.1,False
FB-10233,TRX-18070,4.0,1,No volvería,,0,55.0,-11.2,False
FB-10234,TRX-18724,4.0,3,Lento,NO,0,25.0,-0.4,False
FB-10235,TRX-18785,2.0,3,No volvería,,0,57.0,-54.8,False
FB-10236,TRX-13770,3.0,4,Precio justo,Maybe,1,26.0,-83.0,True
FB-10237,TRX-16301,1.0,1,No volvería,Maybe,0,81.0,13.9,False
FB-10238,TRX-11369,4.0,3,Lento,NO,1,66.0,67.0,True
FB-10239,TRX-19518,5.0,4,---,SI,1,50.0,14.4,True
FB-10240,TRX-16911,1.0,1,Excelente,Maybe,No,23.0,26.2,False
FB-10241,TRX-18633,2.0,2,No volvería,NO,1,46.0,18.2,True
FB-10242,TRX-19467,5.0,3,No volvería,NO,1,36.0,-8.7,True
FB-10243,TRX-13593,3.0,3,Dañado,Maybe,1,44.0,-70.5,True
FB-10244,TRX-11429,2.0,2,Precio justo,Maybe,Sí,26.0,-59.5,True
FB-10245,TRX-13853,3.0,4,,SI,1,35.0,-34.4,True
FB-10246,TRX-15926,3.0,3,Precio justo,NO,Sí,30.0,-41.2,True
FB-10247,TRX-10046,4.0,2,,NO,Sí,49.0,4.3,True
FB-10248,TRX-13330,3.0,4,,SI,No,43.0,-15.8,False
FB-10249,TRX-10281,5.0,5,Precio justo,Maybe,1,69.0,27.4,True
FB-10250,TRX-15937,3.0,4,,NO,1,39.0,68.1,True
FB-10251,TRX-19148,5.0,3,No volvería,SI,1,45.0,-90.2,True
FB-10252,TRX-17764,5.0,4,Precio justo,NO,No,72.0,-7.5,False
FB-10253,TRX-12188,1.0,3,Precio justo,NO,Sí,45.0,-56.9,True
FB-10254,TRX-11804,4.0,4,---,Maybe,Sí,46.0,82.0,True
FB-10255,TRX-10976,4.0,5,Dañado,NO,No,82.0,8.9,False
FB-10256,TRX-15723,5.0,4,Lento,Maybe,0,48.0,76.8,False
FB-10257,TRX-15912,1.0,5,Lento,NO,1,42.0,34.1,True
FB-10258,TRX-12283,3.0,3,Excelente,NO,0,80.0,-72.9,False
FB-10259,TRX-14828,3.0,4,,NO,Sí,70.0,69.4,True
FB-10260,TRX-17543,3.0,2,,SI,Sí,35.0,-36.5,True
FB-10261,TRX-12361,4.0,5,,Maybe,Sí,54.0,48.7,True
FB-10262,TRX-19035,3.0,1,,SI,0,78.0,1.7,False
FB-10263,TRX-16898,1.0,5,Dañado,,0,68.0,46.0,False
FB-10264,TRX-13973,1.0,4,,NO,1,22.0,5.5,True
FB-10265,TRX-13452,3.0,5,,,0,72.0,85.6,False
FB-10266,TRX-13679,4.0,4,No volvería,Maybe,No,61.0,2.0,False
FB-10267,TRX-10915,2.0,3,,SI,No,27.0,-87.9,False
FB-10268,TRX-12257,5.0,3,,SI,1,42.0,-9.6,True
FB-10269,TRX-11920,3.0,2,Excelente,Maybe,1,78.0,93.5,True
FB-10270,TRX-12344,3.0,1,Precio justo,Maybe,0,72.0,57.9,False
FB-10271,TRX-16184,5.0,3,Excelente,SI,0,27.0,26.3,False
FB-10272,TRX-10431,2.0,2,Lento,,1,37.0,-69.7,True
FB-10273,TRX-16958,3.0,1,Excelente,Maybe,0,59.0,-63.4,False
FB-10274,TRX-16089,3.0,2,Excelente,NO,1,80.0,44.5,True
FB-10275,TRX-10886,2.0,3,,,Sí,20.0,46.1,True
FB-10276,TRX-11736,5.0,1,Dañado,SI,Sí,60.0,-25.3,True
FB-10277,TRX-19529,1.0,3,Precio justo,Maybe,1,21.0,98.9,True
FB-10278,TRX-11208,3.0,4,No volvería,Maybe,Sí,45.0,38.3,True
FB-10279,TRX-17812,3.0,1,,,0,58.0,78.9,False
FB-10280,TRX-19730,4.0,2,No volvería,Maybe,No,55.0,-90.7,False
FB-10281,TRX-12591,2.0,4,Dañado,NO,1,28.0,24.7,True
FB-10282,TRX-10494,3.0,2,---,SI,1,49.0,49.9,True
FB-10283,TRX-12406,4.0,3,,,Sí,57.0,59.5,True
FB-10284,TRX-15984,1.0,3,Dañado,,1,71.0,34.5,True
FB-10285,TRX-12314,2.0,4,,NO,Sí,20.0,21.2,True
FB-10286,TRX-11294,1.0,4,,Maybe,1,30.0,49.2,True
FB-10287,TRX-14014,4.0,1,No volvería,,0,73.0,-92.3,False
FB-10288,TRX-11262,5.0,2,,SI,Sí,68.0,50.3,True
FB-10289,TRX-10204,2.0,5,Excelente,Maybe,No,54.0,-34.1,False
FB-10290,TRX-19325,5.0,3,Precio justo,,0,31.0,52.2,False
FB-10291,TRX-16823,4.0,5,No volvería,,1,53.0,55.4,True
FB-10292,TRX-12452,2.0,5,Excelente,SI,Sí,49.0,-44.7,True
FB-10293,TRX-12988,3.0,4,Excelente,,0,58.0,43.0,False
FB-10294,TRX-17696,4.0,2,Lento,Maybe,1,57.0,-34.2,True
FB-10295,TRX-12295,4.0,5,Dañado,NO,Sí,49.0,45.0,True
FB-10296,TRX-18641,1.0,2,,,0,29.0,-62.0,False
FB-10297,TRX-14907,5.0,4,---,NO,Sí,71.0,-84.5,True
FB-10298,TRX-17703,2.0,5,,SI,1,74.0,17.6,True
FB-10299,TRX-16742,2.0,5,No volvería,NO,0,25.0,-61.4,False
FB-10300,TRX-15526,3.0,3,No volvería,,1,59.0,78.9,True
FB-10301,TRX-17274,2.0,5,,SI,0,61.0,-68.3,False
FB-10302,TRX-10216,3.0,1,Precio justo,Maybe,1,48.0,21.4,True
FB-10303,TRX-14698,2.0,4,---,NO,1,24.0,39.4,True
FB-10304,TRX-11822,1.0,1,,,Sí,43.0,-99.5,True
FB-10305,TRX-12554,4.0,5,,Maybe,Sí,45.0,73.9,True
FB-10306,TRX-10983,2.0,5,---,NO,0,19.0,45.3,False
FB-10307,TRX-10526,4.0,1,No volvería,Maybe,0,61.0,53.9,False
FB-10308,TRX-19898,5.0,3,Excelente,,1,34.0,-88.7,True
FB-10309,TRX-12843,4.0,3,Excelente,,Sí,32.0,-29.6,True
FB-10310,TRX-18245,5.0,1,Precio justo,NO,1,49.0,28.5,True
FB-10311,TRX-12627,2.0,1,---,NO,1,40.0,-54.2,True
FB-10312,TRX-10178,1.0,4,Excelente,,0,43.0,66.4,False
FB-10313,TRX-16494,1.0,3,Excelente,Maybe,No,81.0,-18.3,False
FB-10314,TRX-16940,4.0,2,No volvería,NO,1,73.0,60.2,True
FB-10315,TRX-17443,1.0,5,---,,1,38.0,75.2,True
FB-10316,TRX-19079,5.0,5,Dañado,SI,Sí,54.0,-4.9,True
FB-10317,TRX-14227,1.0,1,No volvería,Maybe,No,60.0,-54.6,False
FB-10318,TRX-19372,1.0,2,Lento,SI,No,25.0,-23.8,False
FB-10319,TRX-18222,1.0,3,Precio justo,SI,1,31.0,-0.1,True
FB-10320,TRX-15014,3.0,3,,Maybe,1,83.0,-8.9,True
FB-10321,TRX-13724,3.0,3,Excelente,SI,No,44.0,-99.1,False
FB-10322,TRX-16941,4.0,1,---,SI,1,25.0,-83.1,True
FB-10323,TRX-12569,2.0,1,No volvería,SI,No,76.0,-8.7,False
FB-10324,TRX-14453,2.0,5,No volvería,,0,27.0,-12.6,False
FB-10325,TRX-11506,5.0,5,,SI,Sí,64.0,78.0,True
FB-10326,TRX-18544,5.0,3,,SI,0,27.0,-44.7,False
FB-10327,TRX-16185,4.0,5,Excelente,Maybe,0,33.0,95.5,False
FB-10328,TRX-12050,3.0,5,Precio justo,Maybe,Sí,20.0,94.5,True
FB-10329,TRX-13471,1.0,3,No volvería,SI,0,40.0,-62.3,False
FB-10330,TRX-16560,3.0,1,Dañado,SI,1,19.0,-95.1,True
FB-10331,TRX-10917,3.0,5,,SI,0,82.0,-60.4,False
FB-10332,TRX-13586,4.0,1,Excelente,,0,80.0,-16.1,False
FB-10333,TRX-16427,3.0,2,Precio justo,SI,1,75.0,-26.5,True
FB-10334,TRX-13009,2.0,1,Lento,Maybe,1,54.0,-5.3,True
FB-10335,TRX-19163,3.0,4,,Maybe,0,78.0,38.4,False
FB-10336,TRX-19913,2.0,4,Excelente,SI,0,37.0,3.6,False
FB-10337,TRX-11264,5.0,3,Lento,SI,1,77.0,-31.0,True
FB-10338,TRX-17674,5.0,4,Excelente,Maybe,Sí,38.0,35.1,True
FB-10339,TRX-17821,4.0,2,No volvería,SI,1,42.0,-33.2,True
FB-10340,TRX-15131,1.0,1,Precio justo,SI,Sí,64.0,-29.5,True
FB-10341,TRX-16637,3.0,1,Dañado,,1,57.0,-31.4,True
FB-10342,TRX-16233,1.0,5,Lento,SI,1,68.0,-39.2,True
FB-10343,TRX-12700,2.0,5,---,,Sí,38.0,40.1,True
FB-10344,TRX-10895,1.0,5,Lento,NO,Sí,24.0,-65.0,True
FB-10345,TRX-16086,3.0,1,---,,Sí,23.0,54.9,True
FB-10346,TRX-16950,1.0,1,Excelente,SI,0,83.0,84.5,False
FB-10347,TRX-13190,1.0,5,Lento,SI,Sí,20.0,-44.7,True
FB-10348,TRX-14422,1.0,1,---,Maybe,1,58.0,40.8,True
FB-10349,TRX-11776,4.0,2,Excelente,SI,1,28.0,20.8,True
FB-10350,TRX-11710,1.0,5,Excelente,SI,No,77.0,-40.1,False
FB-10351,TRX-11274,3.0,4,Lento,SI,1,39.0,-52.7,True
FB-10352,TRX-15942,3.0,5,Lento,,No,67.0,88.8,False
FB-10353,TRX-19882,1.0,4,---,,0,65.0,39.4,False
FB-10354,TRX-15496,4.0,3,No volvería,NO,Sí,70.0,28.9,True
FB-10355,TRX-10459,2.0,4,No volvería,,Sí,59.0,99.4,True
FB-10356,TRX-13924,1.0,2,,Maybe,No,26.0,-29.3,False
FB-10357,TRX-14623,4.0,1,No volvería,,0,19.0,-54.2,False
FB-10358,TRX-12666,5.0,2,Precio justo,SI,No,80.0,-34.0,False
FB-10359,TRX-18873,3.0,3,Dañado,,Sí,40.0,-66.0,True
FB-10360,TRX-11744,5.0,2,No volvería,SI,1,21.0,85.0,True
FB-10361,TRX-11070,3.0,2,No volvería,Maybe,Sí,69.0,39.4,True
FB-10362,TRX-13471,2.0,3,Excelente,NO,0,70.0,21.0,False
FB-10363,TRX-19783,4.0,2,Dañado,NO,0,71.0,61.3,False
FB-10364,TRX-10179,2.0,3,Lento,NO,No,69.0,3.2,False
FB-10365,TRX-15064,5.0,1,Precio justo,NO,Sí,56.0,-61.8,True
FB-10366,TRX-13075,4.0,5,Lento,SI,0,53.0,-69.1,False
FB-10367,TRX-19038,5.0,1,Excelente,SI,Sí,48.0,4.5,True
FB-10368,TRX-13305,1.0,1,Precio justo,,Sí,50.0,61.1,True
FB-10369,TRX-10530,5.0,1,No volvería,SI,No,26.0,-55.7,False
FB-10370,TRX-13937,2.0,2,---,NO,1,39.0,41.0,True
FB-10371,TRX-14410,2.0,1,Dañado,SI,Sí,53.0,-50.0,True
FB-10372,TRX-11393,1.0,3,Dañado,Maybe,Sí,69.0,-13.4,True
FB-10373,TRX-19340,4.0,3,No volvería,Maybe,1,26.0,-87.8,True
FB-10374,TRX-19253,5.0,3,Lento,Maybe,No,81.0,0.6,False
FB-10375,TRX-10735,5.0,3,Lento,NO,1,29.0,-66.1,True
FB-10376,TRX-19236,5.0,1,No volvería,,Sí,33.0,68.9,True
FB-10377,TRX-17926,4.0,4,No volvería,SI,No,26.0,91.5,False
FB-10378,TRX-10748,2.0,5,Dañado,,1,51.0,-83.2,True
FB-10379,TRX-10787,1.0,4,Lento,SI,No,24.0,6.8,False
FB-10380,TRX-15154,4.0,2,,NO,0,49.0,40.8,False
FB-10381,TRX-11527,1.0,1,Precio justo,Maybe,No,66.0,-86.9,False
FB-10382,TRX-15056,3.0,4,Precio justo,NO,Sí,71.0,10.7,True
FB-10383,TRX-10138,1.0,1,Excelente,Maybe,0,59.0,87.3,False
FB-10384,TRX-15843,3.0,3,Excelente,,Sí,18.0,5.3,True
FB-10385,TRX-14626,1.0,2,Excelente,,No,37.0,24.2,False
FB-10386,TRX-16523,3.0,4,---,NO,1,55.0,-34.5,True
FB-10387,TRX-18195,5.0,5,Lento,NO,No,29.0,23.0,False
FB-10388,TRX-13192,4.0,3,Precio justo,SI,No,76.0,77.6,False
FB-10389,TRX-15152,5.0,3,Lento,,1,67.0,-34.1,True
FB-10390,TRX-16400,2.0,2,No volvería,Maybe,No,24.0,54.4,False
FB-10391,TRX-15830,4.0,3,Dañado,,1,44.0,14.1,True
FB-10392,TRX-12122,5.0,3,,SI,Sí,30.0,-48.6,True
FB-10393,TRX-11595,1.0,4,Excelente,NO,0,37.0,-21.7,False
FB-10394,TRX-15428,4.0,3,No volvería,Maybe,Sí,35.0,-28.4,True
FB-10395,TRX-16672,1.0,2,No volvería,SI,0,75.0,-6.3,False
FB-10396,TRX-18250,5.0,1,,NO,1,40.0,-77.4,True
FB-10397,TRX-11654,4.0,2,Dañado,Maybe,0,19.0,-69.8,False
FB-10398,TRX-18227,5.0,2,Precio justo,SI,Sí,61.0,-24.3,True
FB-10399,TRX-12460,2.0,1,Precio justo,NO,No,67.0,12.4,False
FB-10400,TRX-10388,3.0,4,---,,No,50.0,23.6,False
FB-10401,TRX-19620,5.0,5,No volvería,NO,Sí,76.0,82.1,True
FB-10402,TRX-16260,2.0,5,Dañado,NO,1,61.0,13.8,True
FB-10403,TRX-17814,5.0,2,Precio justo,SI,Sí,82.0,46.0,True
FB-10404,TRX-19606,4.0,4,---,SI,No,51.0,-3.7,False
FB-10405,TRX-10612,1.0,4,Excelente,SI,0,48.0,4.7,False
FB-10406,TRX-14753,4.0,4,Lento,NO,0,31.0,18.0,False
FB-10407,TRX-12641,5.0,4,Dañado,NO,1,69.0,4.4,True
FB-10408,TRX-12482,5.0,2,,,1,36.0,-38.1,True
FB-10409,TRX-17587,5.0,3,---,SI,0,46.0,95.5,False
FB-10410,TRX-11290,3.0,5,No volvería,,No,72.0,23.7,False
FB-10411,TRX-11528,2.0,5,Lento,Maybe,0,47.0,-30.8,False
FB-10412,TRX-13794,1.0,1,Precio justo,,Sí,76.0,59.7,True
FB-10413,TRX-13533,2.0,2,Precio justo,SI,0,70.0,-67.2,False
FB-10414,TRX-12307,5.0,5,,Maybe,Sí,83.0,98.5,True
FB-10415,TRX-12638,5.0,2,Dañado,NO,Sí,56.0,57.8,True
FB-10416,TRX-18218,2.0,2,Lento,NO,No,42.0,-80.5,False
FB-10417,TRX-18459,2.0,4,Precio justo,Maybe,Sí,62.0,69.7,True
FB-10418,TRX-19973,2.0,1,Dañado,SI,Sí,25.0,-48.3,True
FB-10419,TRX-18573,3.0,2,Lento,,1,76.0,27.6,True
FB-10420,TRX-15593,2.0,5,---,NO,Sí,19.0,-67.0,True
FB-10421,TRX-17331,5.0,5,---,Maybe,Sí,32.0,42.2,True
FB-10422,TRX-12149,1.0,1,No volvería,,Sí,37.0,51.5,True
FB-10423,TRX-15554,4.0,2,No volvería,,Sí,28.0,70.3,True
FB-10424,TRX-14765,2.0,4,---,NO,No,58.0,-2.4,False
FB-10425,TRX-15903,2.0,1,Precio justo,SI,0,21.0,10.7,False
FB-10426,TRX-17059,2.0,2,---,SI,0,65.0,-57.0,False
FB-10427,TRX-10655,1.0,1,Dañado,Maybe,0,18.0,3.1,False
FB-10428,TRX-16350,2.0,4,Excelente,Maybe,Sí,78.0,6.4,True
FB-10429,TRX-13917,2.0,3,Precio justo,SI,1,44.0,61.8,True
FB-10430,TRX-13421,2.0,3,Excelente,Maybe,1,51.0,42.2,True
FB-10431,TRX-19943,1.0,3,Lento,SI,Sí,19.0,39.7,True
FB-10432,TRX-11228,4.0,4,Dañado,NO,No,40.0,-94.1,False
FB-10433,TRX-12496,5.0,4,,,1,53.0,9.3,True
FB-10434,TRX-19288,1.0,1,Precio justo,Maybe,No,27.0,98.5,False
FB-10435,TRX-18151,2.0,5,No volvería,NO,0,80.0,50.4,False
FB-10436,TRX-11595,3.0,4,---,SI,0,68.0,67.0,False
FB-10437,TRX-10244,1.0,4,Lento,Maybe,1,38.0,-1.3,True
FB-10438,TRX-12336,2.0,3,,NO,1,35.0,66.4,True
FB-10439,TRX-15071,2.0,3,---,Maybe,Sí,40.0,63.4,True
FB-10440,TRX-18964,5.0,3,Lento,NO,No,73.0,6.0,False
FB-10441,TRX-11428,1.0,5,Lento,SI,0,61.0,13.7,False
FB-10442,TRX-18174,1.0,3,Excelente,,1,69.0,-89.6,True
FB-10443,TRX-11541,5.0,3,Excelente,NO,No,38.0,70.6,False
FB-10444,TRX-17451,3.0,5,,SI,1,39.0,-73.2,True
FB-10445,TRX-15139,3.0,3,Lento,Maybe,Sí,30.0,-39.8,True
FB-10446,TRX-12780,4.0,1,---,,No,79.0,48.9,False
FB-10447,TRX-14843,4.0,1,Precio justo,,0,79.0,-39.8,False
FB-10448,TRX-12645,5.0,2,Excelente,Maybe,1,37.0,1.1,True
FB-10449,TRX-11116,1.0,1,Dañado,,No,78.0,-69.2,False
FB-10450,TRX-14589,2.0,5,---,Maybe,Sí,41.0,-41.7,True
FB-10451,TRX-19445,3.0,3,No volvería,Maybe,No,59.0,46.9,False
FB-10452,TRX-15952,1.0,2,Precio justo,SI,Sí,52.0,-16.3,True
FB-10453,TRX-15789,4.0,4,,Maybe,1,56.0,12.6,True
FB-10454,TRX-11461,3.0,4,,SI,Sí,59.0,-28.6,True
FB-10455,TRX-11165,2.0,1,---,NO,0,82.0,86.1,False
FB-10456,TRX-12935,4.0,2,Dañado,NO,No,29.0,71.2,False
FB-10457,TRX-17548,2.0,4,,Maybe,0,18.0,-77.5,False
FB-10458,TRX-14226,4.0,4,---,SI,1,56.0,95.5,True
FB-10459,TRX-17753,2.0,4,,NO,0,57.0,61.9,False
FB-10460,TRX-14194,3.0,1,Excelente,SI,0,23.0,-68.3,False
FB-10461,TRX-17242,5.0,1,No volvería,NO,No,46.0,-91.7,False
FB-10462,TRX-12301,2.0,2,Lento,Maybe,0,64.0,78.6,False
FB-10463,TRX-12031,3.0,1,---,NO,No,67.0,51.6,False
FB-10464,TRX-19318,1.0,1,No volvería,Maybe,1,40.0,-44.9,True
FB-10465,TRX-17999,1.0,5,Lento,Maybe,0,25.0,90.4,False
FB-10466,TRX-10648,4.0,1,,NO,No,19.0,81.2,False
FB-10467,TRX-15955,5.0,2,Dañado,Maybe,Sí,21.0,-57.4,True
FB-10468,TRX-14696,4.0,1,Dañado,SI,No,68.0,-20.2,False
FB-10469,TRX-16568,2.0,1,Precio justo,SI,0,38.0,-90.5,False
FB-10470,TRX-16701,5.0,5,Dañado,SI,0,70.0,-38.3,False
FB-10471,TRX-12113,2.0,2,Excelente,,No,43.0,-0.8,False
FB-10472,TRX-17222,3.0,4,Excelente,NO,No,47.0,-87.3,False
FB-10473,TRX-16008,5.0,5,No volvería,NO,No,50.0,-32.6,False
FB-10474,TRX-18396,1.0,1,,,0,39.0,-69.8,False
FB-10475,TRX-15138,3.0,3,Lento,NO,1,23.0,84.7,True
FB-10476,TRX-16122,3.0,5,,SI,1,47.0,65.9,True
FB-10477,TRX-11367,2.0,5,No volvería,,Sí,74.0,53.3,True
FB-10478,TRX-16769,4.0,2,Precio justo,,0,25.0,54.9,False
FB-10479,TRX-18289,2.0,4,,SI,0,34.0,-97.1,False
FB-10480,TRX-17374,3.0,4,Precio justo,NO,0,49.0,20.5,False
FB-10481,TRX-14306,5.0,4,,Maybe,No,65.0,18.2,False
FB-10482,TRX-10699,1.0,5,Excelente,Maybe,0,26.0,98.5,False
FB-10483,TRX-10934,3.0,3,Precio justo,NO,No,61.0,26.5,False
FB-10484,TRX-14011,4.0,2,,Maybe,Sí,20.0,30.1,True
FB-10485,TRX-19188,4.0,3,Excelente,,Sí,61.0,-23.8,True
FB-10486,TRX-10130,5.0,4,Lento,Maybe,0,67.0,0.1,False
FB-10487,TRX-12532,4.0,5,---,NO,0,65.0,-20.9,False
FB-10488,TRX-11725,5.0,4,No volvería,NO,Sí,24.0,82.3,True
FB-10489,TRX-14762,4.0,3,,NO,0,27.0,-59.4,False
FB-10490,TRX-16157,2.0,4,Precio justo,,0,35.0,-69.9,False
FB-10491,TRX-12592,1.0,1,Lento,NO,0,50.0,99.4,False
FB-10492,TRX-19341,1.0,2,Precio justo,Maybe,1,81.0,86.2,True
FB-10493,TRX-16541,3.0,3,Dañado,NO,0,56.0,18.6,False
FB-10494,TRX-11195,3.0,1,---,NO,1,73.0,54.6,True
FB-10495,TRX-13654,2.0,4,Precio justo,NO,No,67.0,-77.8,False
FB-10496,TRX-16360,2.0,2,Lento,,0,45.0,53.7,False
FB-10497,TRX-17573,1.0,2,Precio justo,,0,83.0,-7.0,False
FB-10498,TRX-11531,3.0,2,Dañado,,1,48.0,65.4,True
FB-10499,TRX-15716,3.0,5,---,,No,28.0,3.1,False
FB-10500,TRX-17632,1.0,2,---,SI,1,40.0,45.4,True
FB-10501,TRX-17675,5.0,1,Precio justo,SI,No,64.0,-32.1,False
FB-10502,TRX-18767,2.0,3,---,Maybe,1,81.0,46.4,True
FB-10503,TRX-17616,3.0,1,Lento,NO,1,77.0,-45.6,True
FB-10504,TRX-11787,1.0,4,---,,Sí,40.0,90.9,True
FB-10505,TRX-11406,2.0,5,---,,1,52.0,34.1,True
FB-10506,TRX-12953,1.0,5,Excelente,NO,Sí,69.0,-4.3,True
FB-10507,TRX-11775,5.0,4,---,NO,0,66.0,21.2,False
FB-10508,TRX-16503,4.0,3,Lento,SI,0,49.0,23.3,False
FB-10509,TRX-17096,3.0,5,Excelente,NO,Sí,55.0,70.9,True
FB-10510,TRX-13268,2.0,4,---,SI,0,63.0,11.7,False
FB-10511,TRX-16578,1.0,4,Excelente,NO,0,79.0,12.7,False
FB-10512,TRX-15385,1.0,4,No volvería,NO,No,49.0,17.3,False
FB-10513,TRX-11056,2.0,4,,,Sí,43.0,54.6,True
FB-10514,TRX-15198,3.0,2,Lento,,0,32.0,-1.8,False
FB-10515,TRX-15610,3.0,3,---,SI,1,38.0,-57.4,True
FB-10516,TRX-19901,1.0,4,No volvería,NO,1,84.0,-16.4,True
FB-10517,TRX-17967,3.0,2,Excelente,,No,47.0,-24.9,False
FB-10518,TRX-13483,4.0,2,Precio justo,SI,1,22.0,-88.3,True
FB-10519,TRX-17802,5.0,1,Excelente,,Sí,69.0,60.0,True
FB-10520,TRX-11873,5.0,4,Lento,Maybe,0,33.0,67.3,False
FB-10521,TRX-14560,4.0,2,Lento,SI,1,23.0,-46.6,True
FB-10522,TRX-17447,3.0,1,Lento,Maybe,No,57.0,-35.2,False
FB-10523,TRX-10627,1.0,1,Lento,NO,No,43.0,-35.8,False
FB-10524,TRX-18930,3.0,4,---,SI,Sí,73.0,3.5,True
FB-10525,TRX-12551,2.0,5,Precio justo,Maybe,Sí,18.0,-6.2,True
FB-10526,TRX-17699,2.0,2,---,NO,No,75.0,77.4,False
FB-10527,TRX-12384,3.0,5,No volvería,SI,1,71.0,-1.3,True
FB-10528,TRX-13497,4.0,1,Dañado,NO,0,37.0,-64.4,False
FB-10529,TRX-15245,2.0,5,No volvería,Maybe,No,56.0,49.5,False
FB-10530,TRX-19309,5.0,5,Excelente,SI,0,21.0,73.6,False
FB-10531,TRX-10513,1.0,4,Lento,NO,No,55.0,21.9,False
FB-10532,TRX-19848,4.0,1,Lento,NO,Sí,63.0,52.9,True
FB-10533,TRX-16230,2.0,3,Dañado,,Sí,59.0,-55.1,True
FB-10534,TRX-11022,1.0,2,---,Maybe,No,47.0,80.0,False
FB-10535,TRX-15922,5.0,4,---,SI,Sí,53.0,-84.9,True
FB-10536,TRX-17046,2.0,4,No volvería,SI,1,39.0,79.8,True
FB-10537,TRX-17756,2.0,3,Excelente,NO,No,57.0,-27.2,False
FB-10538,TRX-13496,1.0,4,Lento,Maybe,0,35.0,-82.0,False
FB-10539,TRX-10886,1.0,1,---,NO,1,22.0,-63.7,True
FB-10540,TRX-13465,3.0,4,,NO,0,61.0,97.8,False
FB-10541,TRX-10375,2.0,4,Dañado,SI,No,22.0,-25.4,False
FB-10542,TRX-16929,5.0,3,Dañado,NO,Sí,56.0,54.8,True
FB-10543,TRX-14421,1.0,2,,SI,0,38.0,-4.6,False
FB-10544,TRX-14129,4.0,2,Excelente,SI,1,77.0,15.3,True
FB-10545,TRX-12885,2.0,5,Dañado,,Sí,49.0,27.3,True
FB-10546,TRX-11369,4.0,1,,SI,0,84.0,20.6,False
FB-10547,TRX-12322,2.0,3,Dañado,,1,30.0,99.7,True
FB-10548,TRX-11134,1.0,2,No volvería,NO,Sí,23.0,10.3,True
FB-10549,TRX-14487,3.0,3,Lento,SI,0,65.0,24.3,False
FB-10550,TRX-16636,3.0,5,No volvería,SI,0,40.0,-30.1,False
FB-10551,TRX-11338,2.0,2,Dañado,,1,39.0,-51.9,True
FB-10552,TRX-14887,1.0,3,Precio justo,,Sí,62.0,-10.2,True
FB-10553,TRX-17396,1.0,1,Excelente,SI,No,75.0,22.8,False
FB-10554,TRX-16876,1.0,1,---,Maybe,0,57.0,-37.1,False
FB-10555,TRX-18597,4.0,5,Dañado,Maybe,Sí,66.0,-0.1,True
FB-10556,TRX-13507,1.0,2,Dañado,,Sí,51.0,63.0,True
FB-10557,TRX-14250,4.0,2,,SI,1,18.0,-15.2,True
FB-10558,TRX-13015,5.0,1,No volvería,NO,Sí,39.0,15.6,True
FB-10559,TRX-10880,3.0,5,Excelente,NO,Sí,84.0,85.0,True
FB-10560,TRX-11514,1.0,4,,Maybe,0,74.0,24.6,False
FB-10561,TRX-17021,5.0,1,Lento,Maybe,1,83.0,-37.8,True
FB-10562,TRX-15603,1.0,1,Excelente,NO,Sí,67.0,14.0,True
FB-10563,TRX-14864,5.0,3,Dañado,,1,41.0,72.2,True
FB-10564,TRX-12695,1.0,5,No volvería,SI,No,83.0,-69.4,False
FB-10565,TRX-13253,3.0,4,---,Maybe,No,29.0,64.7,False
FB-10566,TRX-15722,1.0,5,Precio justo,SI,Sí,22.0,-79.9,True
FB-10567,TRX-16866,4.0,5,Dañado,,0,27.0,91.4,False
FB-10568,TRX-17890,1.0,1,Excelente,,0,39.0,-68.1,False
FB-10569,TRX-17790,2.0,1,,Maybe,1,24.0,-6.8,True
FB-10570,TRX-18773,4.0,1,,,1,21.0,90.2,True
FB-10571,TRX-12632,5.0,3,---,NO,Sí,83.0,-58.2,True
FB-10572,TRX-17156,1.0,4,Excelente,,Sí,74.0,28.4,True
FB-10573,TRX-15811,1.0,4,Precio justo,Maybe,No,43.0,47.5,False
FB-10574,TRX-19344,1.0,5,Excelente,,No,39.0,-92.4,False
FB-10575,TRX-16375,2.0,1,,,0,79.0,18.8,False
FB-10576,TRX-10162,3.0,5,Excelente,Maybe,No,36.0,52.0,False
FB-10577,TRX-19189,3.0,1,,Maybe,0,58.0,93.9,False
FB-10578,TRX-19783,4.0,5,---,SI,0,39.0,-72.2,False
FB-10579,TRX-13253,4.0,5,No volvería,NO,0,44.0,72.7,False
FB-10580,TRX-11274,2.0,3,Excelente,Maybe,Sí,19.0,25.9,True
FB-10581,TRX-19477,2.0,3,Lento,,Sí,38.0,45.5,True
FB-10582,TRX-12369,2.0,5,Precio justo,SI,No,39.0,48.1,False
FB-10583,TRX-15304,5.0,1,Dañado,,Sí,26.0,44.8,True
FB-10584,TRX-15185,2.0,5,---,NO,0,48.0,84.6,False
FB-10585,TRX-10232,2.0,1,Precio justo,,Sí,62.0,-75.4,True
FB-10586,TRX-12465,2.0,2,,SI,1,18.0,-43.3,True
FB-10587,TRX-17514,2.0,4,Dañado,NO,No,32.0,80.7,False
FB-10588,TRX-12416,3.0,5,No volvería,,0,47.0,-8.7,False
FB-10589,TRX-18182,1.0,2,Excelente,SI,Sí,30.0,-18.8,True
FB-10590,TRX-15184,1.0,5,,,Sí,51.0,7.8,True
FB-10591,TRX-11861,3.0,3,Dañado,NO,0,42.0,-37.9,False
FB-10592,TRX-16658,2.0,4,Dañado,,No,74.0,19.5,False
FB-10593,TRX-14305,5.0,5,No volvería,,Sí,50.0,75.9,True
FB-10594,TRX-18531,5.0,3,,SI,1,33.0,-20.9,True
FB-10595,TRX-10060,4.0,3,Precio justo,,1,44.0,-58.4,True
FB-10596,TRX-17381,1.0,2,,Maybe,0,43.0,-68.8,False
FB-10597,TRX-12059,4.0,3,Precio justo,NO,Sí,79.0,39.5,True
FB-10598,TRX-17361,2.0,2,Precio justo,SI,No,36.0,-85.3,False
FB-10599,TRX-19476,4.0,1,Excelente,Maybe,1,39.0,-85.0,True
FB-10600,TRX-11596,2.0,1,No volvería,Maybe,No,50.0,92.3,False
FB-10601,TRX-10597,4.0,1,Dañado,NO,Sí,74.0,33.4,True
FB-10602,TRX-13581,3.0,1,Precio justo,SI,1,52.0,-62.2,True
FB-10603,TRX-13074,2.0,5,Precio justo,Maybe,No,31.0,26.5,False
FB-10604,TRX-16884,5.0,2,Precio justo,,1,24.0,15.8,True
FB-10605,TRX-18947,2.0,1,Lento,Maybe,No,27.0,55.8,False
FB-10606,TRX-12721,5.0,3,Excelente,NO,1,65.0,-15.3,True
FB-10607,TRX-19845,5.0,2,Precio justo,Maybe,0,63.0,-96.6,False
FB-10608,TRX-16185,4.0,5,,SI,Sí,43.0,-12.0,True
FB-10609,TRX-13541,1.0,1,Lento,Maybe,0,35.0,38.3,False
FB-10610,TRX-15703,1.0,2,---,Maybe,1,82.0,91.5,True
FB-10611,TRX-13436,1.0,4,No volvería,NO,No,20.0,68.0,False
FB-10612,TRX-13131,5.0,1,Dañado,Maybe,0,46.0,-95.4,False
FB-10613,TRX-19450,1.0,2,Precio justo,Maybe,0,22.0,-51.1,False
FB-10614,TRX-10235,2.0,1,Excelente,SI,Sí,32.0,10.0,True
FB-10615,TRX-16066,2.0,4,Precio justo,NO,0,43.0,-88.9,False
FB-10616,TRX-15960,2.0,3,Excelente,NO,Sí,53.0,19.1,True
FB-10617,TRX-10265,5.0,3,Lento,NO,1,21.0,-14.2,True
FB-10618,TRX-14947,5.0,4,Excelente,NO,0,46.0,33.7,False
FB-10619,TRX-15029,1.0,2,,,1,56.0,-55.9,True
FB-10620,TRX-18226,4.0,5,No volvería,,1,39.0,-62.6,True
FB-10621,TRX-12043,5.0,1,Excelente,,No,79.0,83.0,False
FB-10622,TRX-18177,3.0,5,,NO,0,82.0,-31.3,False
FB-10623,TRX-17471,2.0,1,Dañado,NO,No,63.0,94.2,False
FB-10624,TRX-16783,2.0,5,Lento,,1,71.0,-68.1,True
FB-10625,TRX-16723,1.0,1,Excelente,NO,No,23.0,50.7,False
FB-10626,TRX-15762,4.0,3,Precio justo,Maybe,0,28.0,-59.7,False
FB-10627,TRX-15770,2.0,1,---,SI,No,18.0,43.2,False
FB-10628,TRX-18887,5.0,1,No volvería,NO,Sí,82.0,-47.5,True
FB-10629,TRX-16977,4.0,4,---,Maybe,No,24.0,-33.7,False
FB-10630,TRX-18571,2.0,4,Dañado,Maybe,1,60.0,28.3,True
FB-10631,TRX-15502,1.0,1,Excelente,,Sí,59.0,-93.3,True
FB-10632,TRX-11857,1.0,1,Excelente,SI,1,51.0,-50.7,True
FB-10633,TRX-12880,1.0,2,Dañado,NO,No,24.0,71.5,False
FB-10634,TRX-17517,5.0,3,Dañado,NO,Sí,48.0,-37.7,True
FB-10635,TRX-17018,1.0,1,Excelente,SI,1,73.0,91.2,True
FB-10636,TRX-16113,3.0,1,Precio justo,Maybe,Sí,18.0,-71.4,True
FB-10637,TRX-12898,5.0,3,Precio justo,NO,No,43.0,44.3,False
FB-10638,TRX-19056,3.0,2,Precio justo,NO,No,46.0,-67.4,False
FB-10639,TRX-19746,1.0,4,Excelente,SI,1,52.0,52.8,True
FB-10640,TRX-12664,4.0,4,Lento,Maybe,0,54.0,-57.4,False
FB-10641,TRX-18892,5.0,3,Excelente,Maybe,No,27.0,73.2,False
FB-10642,TRX-17141,3.0,1,Lento,Maybe,1,21.0,24.8,True
FB-10643,TRX-16251,5.0,4,Precio justo,NO,No,78.0,76.2,False
FB-10644,TRX-14669,3.0,1,Excelente,Maybe,1,24.0,25.6,True
FB-10645,TRX-17167,5.0,5,,SI,0,66.0,61.3,False
FB-10646,TRX-14640,2.0,1,Precio justo,,Sí,78.0,74.0,True
FB-10647,TRX-11625,3.0,4,Excelente,,Sí,31.0,-6.2,True
FB-10648,TRX-11435,3.0,1,Precio justo,SI,1,41.0,34.7,True
FB-10649,TRX-11700,5.0,1,Dañado,SI,1,68.0,-94.7,True
FB-10650,TRX-11468,4.0,2,,SI,No,48.0,-0.7,False
FB-10651,TRX-10269,2.0,2,Excelente,Maybe,0,19.0,-57.5,False
FB-10652,TRX-16738,3.0,1,Lento,SI,No,60.0,-77.1,False
FB-10653,TRX-11698,1.0,3,Precio justo,NO,0,68.0,99.3,False
FB-10654,TRX-18133,1.0,3,,,0,28.0,99.4,False
FB-10655,TRX-18924,5.0,3,,NO,Sí,66.0,-57.4,True
FB-10656,TRX-11633,4.0,3,,NO,0,33.0,79.5,False
FB-10657,TRX-17276,2.0,4,No volvería,Maybe,1,58.0,79.4,True
FB-10658,TRX-18247,3.0,3,Lento,Maybe,0,47.0,95.3,False
FB-10659,TRX-19522,1.0,4,No volvería,,0,62.0,-21.5,False
FB-10660,TRX-10534,3.0,3,Precio justo,Maybe,1,33.0,86.4,True
FB-10661,TRX-14749,1.0,1,,Maybe,Sí,48.0,56.4,True
FB-10662,TRX-16891,5.0,3,---,,Sí,28.0,47.0,True
FB-10663,TRX-13471,5.0,1,Excelente,SI,0,25.0,-50.4,False
FB-10664,TRX-13651,3.0,1,Excelente,,0,29.0,-1.9,False
FB-10665,TRX-17448,5.0,2,Excelente,,No,78.0,57.6,False
FB-10666,TRX-19037,2.0,5,No volvería,SI,1,55.0,69.4,True
FB-10667,TRX-16243,5.0,5,,SI,Sí,72.0,-60.4,True
FB-10668,TRX-11875,2.0,1,---,,No,30.0,-37.8,False
FB-10669,TRX-13204,5.0,5,---,SI,0,52.0,-67.5,False
FB-10670,TRX-17693,3.0,5,Precio justo,SI,0,79.0,-69.7,False
FB-10671,TRX-12038,2.0,3,Dañado,,No,37.0,-57.3,False
FB-10672,TRX-15744,4.0,5,---,SI,0,71.0,81.9,False
FB-10673,TRX-17601,3.0,5,Excelente,NO,1,84.0,-27.5,True
FB-10674,TRX-16765,2.0,5,Precio justo,Maybe,No,80.0,-0.5,False
FB-10675,TRX-16484,1.0,2,Dañado,Maybe,0,26.0,-97.7,False
FB-10676,TRX-10124,1.0,5,Dañado,,No,78.0,50.6,False
FB-10677,TRX-16138,4.0,3,---,SI,1,67.0,-42.3,True
FB-10678,TRX-13668,1.0,4,Precio justo,NO,Sí,76.0,40.8,True
FB-10679,TRX-18315,3.0,2,Excelente,SI,1,65.0,-60.2,True
FB-10680,TRX-14646,2.0,3,Excelente,SI,Sí,34.0,-24.6,True
FB-10681,TRX-14384,3.0,1,Lento,SI,No,69.0,3.5,False
FB-10682,TRX-14333,5.0,3,Precio justo,,No,68.0,26.3,False
FB-10683,TRX-15036,5.0,4,,Maybe,1,83.0,-67.0,True
FB-10684,TRX-16794,1.0,2,Dañado,Maybe,0,74.0,-13.5,False
FB-10685,TRX-13957,4.0,4,No volvería,NO,No,32.0,-97.6,False
FB-10686,TRX-10068,4.0,1,No volvería,NO,0,19.0,-73.5,False
FB-10687,TRX-16792,5.0,1,,SI,Sí,44.0,-34.4,True
FB-10688,TRX-10535,4.0,1,---,NO,0,69.0,87.4,False
FB-10689,TRX-10254,4.0,3,Excelente,NO,0,68.0,76.7,False
FB-10690,TRX-10430,1.0,3,Lento,NO,0,55.0,4.8,False
FB-10691,TRX-12512,3.0,5,,SI,Sí,36.0,20.9,True
FB-10692,TRX-16134,3.0,1,---,SI,No,47.0,-42.3,False
FB-10693,TRX-18502,2.0,4,---,Maybe,No,30.0,34.0,False
FB-10694,TRX-19829,3.0,1,No volvería,,1,44.0,-52.6,True
FB-10695,TRX-15201,3.0,2,Excelente,SI,1,63.0,-99.5,True
FB-10696,TRX-15490,1.0,3,Lento,Maybe,Sí,36.0,92.6,True
FB-10697,TRX-12792,1.0,1,No volvería,NO,Sí,36.0,-23.7,True
FB-10698,TRX-19374,3.0,5,Dañado,NO,0,58.0,4.5,False
FB-10699,TRX-17045,2.0,1,No volvería,,No,32.0,-80.0,False
FB-10700,TRX-13962,3.0,5,No volvería,SI,1,45.0,5.5,True
FB-10701,TRX-19105,3.0,3,No volvería,,Sí,45.0,80.5,True
FB-10702,TRX-16412,3.0,3,---,Maybe,1,67.0,75.5,True
FB-10703,TRX-13156,5.0,5,No volvería,,No,50.0,15.6,False
FB-10704,TRX-16444,2.0,2,Excelente,,No,61.0,71.3,False
FB-10705,TRX-10845,3.0,3,Precio justo,NO,Sí,72.0,-27.2,True
FB-10706,TRX-19467,1.0,5,Dañado,NO,Sí,26.0,-61.5,True
FB-10707,TRX-17030,3.0,3,---,NO,0,53.0,-15.7,False
FB-10708,TRX-12111,4.0,1,Precio justo,Maybe,No,19.0,61.9,False
FB-10709,TRX-16396,5.0,4,Excelente,Maybe,1,60.0,41.4,True
FB-10710,TRX-12846,5.0,2,No volvería,SI,1,43.0,-23.1,True
FB-10711,TRX-16604,5.0,4,---,SI,Sí,40.0,-31.7,True
FB-10712,TRX-15212,2.0,2,Lento,NO,No,77.0,92.9,False
FB-10713,TRX-18475,5.0,1,Lento,NO,Sí,23.0,-47.3,True
FB-10714,TRX-12595,3.0,5,Precio justo,,Sí,78.0,-38.4,True
FB-10715,TRX-17166,2.0,5,---,SI,Sí,82.0,-30.5,True
FB-10716,TRX-13784,4.0,5,,,No,58.0,56.6,False
FB-10717,TRX-11631,1.0,1,Lento,Maybe,0,43.0,70.0,False
FB-10718,TRX-12069,5.0,4,Precio justo,Maybe,0,30.0,-56.6,False
FB-10719,TRX-18261,3.0,3,Dañado,Maybe,Sí,33.0,-18.5,True
FB-10720,TRX-11939,2.0,5,Lento,SI,0,61.0,73.1,False
FB-10721,TRX-19452,3.0,3,---,Maybe,1,47.0,-37.3,True
FB-10722,TRX-16422,5.0,4,,SI,1,19.0,-19.2,True
FB-10723,TRX-14263,1.0,3,No volvería,NO,Sí,55.0,10.7,True
FB-10724,TRX-19058,2.0,3,Excelente,,0,40.0,28.3,False
FB-10725,TRX-12605,3.0,3,Dañado,,0,46.0,-39.3,False
FB-10726,TRX-15282,2.0,1,---,Maybe,Sí,74.0,15.2,True
FB-10727,TRX-13338,5.0,4,Lento,,0,74.0,44.9,False
FB-10728,TRX-11527,5.0,3,---,Maybe,1,32.0,-82.0,True
FB-10729,TRX-11528,4.0,5,Lento,SI,1,83.0,99.9,True
FB-10730,TRX-10420,4.0,5,---,Maybe,No,84.0,86.5,False
FB-10731,TRX-17166,5.0,4,---,Maybe,1,35.0,-69.4,True
FB-10732,TRX-10189,2.0,1,Precio justo,,1,78.0,-33.6,True
FB-10733,TRX-19720,3.0,3,Dañado,,Sí,56.0,-43.7,True
FB-10734,TRX-12507,3.0,1,Excelente,SI,0,24.0,-95.6,False
FB-10735,TRX-10455,2.0,4,Excelente,,0,43.0,0.4,False
FB-10736,TRX-18907,1.0,2,Precio justo,SI,No,41.0,-68.4,False
FB-10737,TRX-11290,2.0,5,Precio justo,,1,54.0,-72.7,True
FB-10738,TRX-19368,5.0,3,Precio justo,Maybe,0,40.0,-57.9,False
FB-10739,TRX-16265,5.0,3,Lento,NO,1,50.0,51.9,True
FB-10740,TRX-10414,4.0,4,---,,Sí,19.0,-74.2,True
FB-10741,TRX-12138,3.0,4,Dañado,,Sí,47.0,25.7,True
FB-10742,TRX-17433,4.0,1,Excelente,,Sí,78.0,-41.8,True
FB-10743,TRX-15867,3.0,5,No volvería,SI,No,29.0,-86.3,False
FB-10744,TRX-13056,2.0,1,Excelente,SI,1,66.0,95.6,True
FB-10745,TRX-13927,1.0,4,,,No,23.0,29.5,False
FB-10746,TRX-13633,3.0,5,Dañado,SI,1,27.0,-59.3,True
FB-10747,TRX-14864,1.0,4,Precio justo,SI,Sí,78.0,1.2,True
FB-10748,TRX-13175,1.0,1,Lento,SI,0,67.0,-22.3,False
FB-10749,TRX-18772,1.0,1,Excelente,SI,0,80.0,-64.9,False
FB-10750,TRX-14018,2.0,1,No volvería,SI,No,21.0,92.2,False
FB-10751,TRX-16194,1.0,2,Lento,Maybe,No,21.0,71.9,False
FB-10752,TRX-14267,1.0,1,Excelente,,0,54.0,-26.2,False
FB-10753,TRX-10847,5.0,3,---,NO,1,72.0,62.2,True
FB-10754,TRX-14505,5.0,1,Dañado,,1,50.0,-62.1,True
FB-10755,TRX-11359,3.0,4,---,NO,No,69.0,-85.0,False
FB-10756,TRX-12355,5.0,1,Excelente,NO,1,80.0,5.3,True
FB-10757,TRX-10379,3.0,4,No volvería,SI,No,39.0,-21.5,False
FB-10758,TRX-19492,1.0,4,Lento,,No,73.0,-86.0,False
FB-10759,TRX-11694,5.0,5,Excelente,,0,75.0,26.1,False
FB-10760,TRX-11817,4.0,2,No volvería,SI,Sí,42.0,63.9,True
FB-10761,TRX-17522,2.0,4,---,NO,No,18.0,5.5,False
FB-10762,TRX-19763,5.0,4,Excelente,Maybe,0,45.0,-89.2,False
FB-10763,TRX-12010,2.0,3,Excelente,SI,Sí,65.0,-24.5,True
FB-10764,TRX-11754,5.0,1,---,NO,Sí,83.0,-49.8,True
FB-10765,TRX-12323,5.0,2,,NO,1,72.0,-70.3,True
FB-10766,TRX-14627,4.0,2,Precio justo,NO,0,19.0,-0.2,False
FB-10767,TRX-14292,1.0,5,---,NO,No,50.0,-86.9,False
FB-10768,TRX-12959,3.0,4,No volvería,Maybe,Sí,66.0,-87.4,True
FB-10769,TRX-11520,5.0,4,Excelente,SI,No,53.0,55.3,False
FB-10770,TRX-11267,5.0,3,,Maybe,1,47.0,-14.5,True
FB-10771,TRX-18097,2.0,2,Lento,,1,35.0,48.9,True
FB-10772,TRX-15921,1.0,1,Dañado,Maybe,0,53.0,-34.7,False
FB-10773,TRX-13407,5.0,5,---,,1,41.0,-30.0,True
FB-10774,TRX-16402,5.0,5,Precio justo,SI,0,18.0,-14.3,False
FB-10775,TRX-11649,3.0,5,,Maybe,1,63.0,-39.1,True
FB-10776,TRX-18045,1.0,5,Precio justo,,0,41.0,11.8,False
FB-10777,TRX-10359,1.0,2,Precio justo,SI,1,38.0,-85.4,True
FB-10778,TRX-16778,5.0,4,Dañado,SI,Sí,46.0,11.5,True
FB-10779,TRX-11205,1.0,2,---,NO,No,81.0,42.7,False
FB-10780,TRX-17971,1.0,1,No volvería,,No,27.0,98.4,False
FB-10781,TRX-11250,3.0,5,Lento,Maybe,No,30.0,27.5,False
FB-10782,TRX-13445,4.0,2,Dañado,Maybe,0,28.0,41.8,False
FB-10783,TRX-16879,3.0,1,Lento,SI,Sí,75.0,19.0,True
FB-10784,TRX-16148,4.0,3,Lento,NO,0,23.0,90.2,False
FB-10785,TRX-15137,3.0,5,Precio justo,NO,0,68.0,62.0,False
FB-10786,TRX-17387,5.0,4,Excelente,NO,0,27.0,23.0,False
FB-10787,TRX-12639,3.0,4,Lento,SI,1,81.0,-33.5,True
FB-10788,TRX-12945,1.0,4,Lento,SI,Sí,52.0,-35.1,True
FB-10789,TRX-14894,1.0,1,Lento,,1,34.0,50.7,True
FB-10790,TRX-10166,2.0,2,Lento,Maybe,0,20.0,85.7,False
FB-10791,TRX-12927,5.0,5,Precio justo,Maybe,Sí,47.0,97.1,True
FB-10792,TRX-19294,1.0,5,Lento,,No,44.0,-47.5,False
FB-10793,TRX-19939,5.0,5,Excelente,,Sí,62.0,18.4,True
FB-10794,TRX-10515,3.0,5,,SI,0,21.0,40.4,False
FB-10795,TRX-11920,1.0,3,No volvería,Maybe,1,50.0,-17.4,True
FB-10796,TRX-15616,5.0,5,No volvería,Maybe,Sí,60.0,-78.2,True
FB-10797,TRX-15681,3.0,3,Lento,Maybe,Sí,48.0,-42.8,True
FB-10798,TRX-17928,4.0,2,Precio justo,SI,Sí,36.0,3.1,True
FB-10799,TRX-19830,2.0,4,Excelente,SI,No,28.0,-77.0,False
FB-10800,TRX-18953,3.0,3,---,,No,50.0,-37.4,False
FB-10801,TRX-10082,4.0,4,Excelente,SI,1,54.0,-48.5,True
FB-10802,TRX-12595,5.0,4,Lento,SI,Sí,78.0,-29.1,True
FB-10803,TRX-18548,4.0,1,Precio justo,Maybe,No,19.0,37.4,False
FB-10804,TRX-14169,1.0,3,---,Maybe,0,67.0,-4.8,False
FB-10805,TRX-11992,5.0,5,No volvería,,1,44.0,-24.8,True
FB-10806,TRX-13159,2.0,1,,SI,0,67.0,-45.0,False
FB-10807,TRX-19930,2.0,5,Dañado,Maybe,Sí,41.0,37.7,True
FB-10808,TRX-10484,5.0,4,Lento,Maybe,0,45.0,34.9,False
FB-10809,TRX-18781,1.0,1,Lento,,0,73.0,-10.7,False
FB-10810,TRX-10377,5.0,5,Lento,Maybe,No,51.0,-44.2,False
FB-10811,TRX-18486,5.0,5,Precio justo,,1,50.0,61.8,True
FB-10812,TRX-18384,5.0,2,---,Maybe,1,40.0,70.4,True
FB-10813,TRX-12496,3.0,1,---,,1,25.0,69.2,True
FB-10814,TRX-13543,2.0,1,Dañado,,Sí,50.0,-21.5,True
FB-10815,TRX-15978,2.0,4,Precio justo,,1,81.0,-49.2,True
FB-10816,TRX-11880,1.0,4,Lento,NO,1,36.0,69.2,True
FB-10817,TRX-13554,2.0,1,Dañado,NO,No,29.0,95.9,False
FB-10818,TRX-10483,1.0,2,Excelente,SI,No,21.0,-61.3,False
FB-10819,TRX-15366,1.0,2,Excelente,SI,0,80.0,27.3,False
FB-10820,TRX-12270,2.0,4,,Maybe,No,61.0,-34.1,False
FB-10821,TRX-13600,5.0,3,Dañado,NO,0,38.0,-2.8,False
FB-10822,TRX-11367,5.0,5,Lento,,No,29.0,14.4,False
FB-10823,TRX-12073,3.0,4,Precio justo,SI,No,35.0,7.7,False
FB-10824,TRX-14384,1.0,2,Lento,SI,0,56.0,52.3,False
FB-10825,TRX-14483,4.0,1,Dañado,,No,50.0,94.3,False
FB-10826,TRX-17890,4.0,2,,,1,56.0,-82.8,True
FB-10827,TRX-13264,2.0,1,---,NO,1,48.0,36.7,True
FB-10828,TRX-11506,2.0,4,Lento,,Sí,44.0,4.7,True
FB-10829,TRX-15710,4.0,5,---,SI,0,58.0,-20.7,False
FB-10830,TRX-19035,3.0,5,Lento,SI,Sí,44.0,32.4,True
FB-10831,TRX-14822,1.0,4,Excelente,NO,1,27.0,77.2,True
FB-10832,TRX-17652,1.0,5,No volvería,Maybe,No,40.0,22.1,False
FB-10833,TRX-18123,2.0,5,Precio justo,NO,Sí,50.0,64.1,True
FB-10834,TRX-17144,2.0,3,,SI,1,43.0,-40.9,True
FB-10835,TRX-18399,5.0,3,Lento,NO,1,48.0,-12.5,True
FB-10836,TRX-16552,3.0,3,Excelente,Maybe,Sí,44.0,-65.1,True
FB-10837,TRX-13163,1.0,1,No volvería,SI,No,30.0,14.5,False
FB-10838,TRX-14097,5.0,3,Excelente,,0,65.0,47.9,False
FB-10839,TRX-12833,4.0,4,Lento,SI,Sí,72.0,15.9,True
FB-10840,TRX-13242,5.0,3,Precio justo,,No,75.0,82.4,False
FB-10841,TRX-14605,4.0,4,No volvería,SI,0,64.0,71.9,False
FB-10842,TRX-16436,4.0,3,Lento,Maybe,0,64.0,-15.1,False
FB-10843,TRX-11685,1.0,5,Dañado,,1,61.0,14.5,True
FB-10844,TRX-19562,5.0,3,,SI,Sí,22.0,29.4,True
FB-10845,TRX-19626,1.0,4,,,0,23.0,61.5,False
FB-10846,TRX-15105,3.0,4,Lento,SI,1,36.0,-85.1,True
FB-10847,TRX-12714,3.0,4,Excelente,Maybe,0,26.0,61.5,False
FB-10848,TRX-13372,3.0,3,Lento,NO,0,52.0,-86.7,False
FB-10849,TRX-17992,3.0,1,Dañado,Maybe,0,51.0,43.9,False
FB-10850,TRX-17101,3.0,4,,NO,1,80.0,-6.9,True
FB-10851,TRX-17309,4.0,1,Dañado,SI,0,44.0,-52.6,False
FB-10852,TRX-16942,3.0,3,Lento,Maybe,1,63.0,41.4,True
FB-10853,TRX-19770,1.0,1,---,Maybe,1,62.0,74.1,True
FB-10854,TRX-14451,5.0,1,Dañado,NO,0,29.0,65.7,False
FB-10855,TRX-15222,5.0,4,Excelente,Maybe,0,56.0,-61.2,False
FB-10856,TRX-11762,1.0,3,Dañado,NO,1,19.0,20.8,True
FB-10857,TRX-19949,2.0,4,,NO,0,64.0,32.6,False
FB-10858,TRX-16275,2.0,5,Dañado,NO,Sí,70.0,-89.5,True
FB-10859,TRX-17033,2.0,2,---,Maybe,No,23.0,-34.4,False
FB-10860,TRX-13272,2.0,1,---,,0,73.0,-79.1,False
FB-10861,TRX-19292,4.0,3,Precio justo,SI,0,39.0,-16.6,False
FB-10862,TRX-15782,4.0,1,Excelente,Maybe,No,28.0,45.5,False
FB-10863,TRX-16126,5.0,3,,,Sí,57.0,61.1,True
FB-10864,TRX-11052,5.0,4,Dañado,NO,1,59.0,52.6,True
FB-10865,TRX-17363,4.0,2,,,No,24.0,-45.7,False
FB-10866,TRX-12740,4.0,2,Lento,,1,48.0,-70.3,True
FB-10867,TRX-10553,5.0,2,Dañado,SI,No,73.0,74.5,False
FB-10868,TRX-18378,1.0,2,No volvería,,1,53.0,48.5,True
FB-10869,TRX-14146,4.0,1,No volvería,Maybe,1,53.0,51.1,True
FB-10870,TRX-19615,1.0,3,,SI,Sí,20.0,-45.8,True
FB-10871,TRX-16714,3.0,5,Excelente,SI,1,74.0,14.4,True
FB-10872,TRX-14808,1.0,3,No volvería,SI,Sí,48.0,79.6,True
FB-10873,TRX-19894,1.0,1,---,NO,Sí,81.0,66.8,True
FB-10874,TRX-18691,4.0,4,No volvería,NO,0,47.0,-46.5,False
FB-10875,TRX-15771,3.0,5,Dañado,SI,1,60.0,90.2,True
FB-10876,TRX-16525,2.0,5,Excelente,SI,No,57.0,-24.3,False
FB-10877,TRX-10490,1.0,5,Precio justo,NO,1,23.0,14.5,True
FB-10878,TRX-11878,3.0,1,Dañado,NO,0,42.0,46.3,False
FB-10879,TRX-12947,3.0,2,Precio justo,NO,0,43.0,-49.8,False
FB-10880,TRX-15286,4.0,2,Lento,NO,1,84.0,-21.3,True
FB-10881,TRX-17035,3.0,2,,NO,Sí,39.0,85.9,True
FB-10882,TRX-13046,2.0,3,---,NO,No,59.0,-84.8,False
FB-10883,TRX-15861,4.0,2,No volvería,Maybe,No,62.0,-95.9,False
FB-10884,TRX-14019,1.0,5,Dañado,NO,1,24.0,92.9,True
FB-10885,TRX-11190,4.0,2,Excelente,,0,54.0,75.0,False
FB-10886,TRX-13525,1.0,5,No volvería,,1,45.0,60.1,True
FB-10887,TRX-16089,4.0,5,Lento,SI,1,80.0,-33.3,True
FB-10888,TRX-16094,3.0,3,,,1,78.0,-24.7,True
FB-10889,TRX-12376,2.0,2,No volvería,,Sí,67.0,79.5,True
FB-10890,TRX-15151,4.0,4,---,Maybe,Sí,23.0,95.0,True
FB-10891,TRX-12003,5.0,2,---,NO,0,81.0,-87.7,False
FB-10892,TRX-10157,3.0,4,No volvería,NO,Sí,46.0,-6.4,True
FB-10893,TRX-15219,4.0,3,Precio justo,,Sí,48.0,-19.9,True
FB-10894,TRX-10178,3.0,1,---,NO,0,23.0,47.4,False
FB-10895,TRX-15388,5.0,3,Lento,NO,Sí,80.0,-1.3,True
FB-10896,TRX-13502,3.0,3,Excelente,SI,No,51.0,-84.3,False
FB-10897,TRX-17624,3.0,4,---,SI,No,41.0,-66.5,False
FB-10898,TRX-19297,4.0,3,No volvería,Maybe,0,75.0,-38.5,False
FB-10899,TRX-15268,3.0,5,No volvería,SI,0,76.0,57.5,False
FB-10900,TRX-13811,4.0,3,,NO,Sí,41.0,54.7,True
FB-10901,TRX-19201,2.0,3,---,NO,No,79.0,54.3,False
FB-10902,TRX-11085,5.0,4,Excelente,Maybe,1,19.0,55.4,True
FB-10903,TRX-16317,1.0,3,Excelente,,Sí,67.0,-16.7,True
FB-10904,TRX-14646,5.0,3,---,Maybe,No,52.0,22.9,False
FB-10905,TRX-19859,3.0,2,Dañado,NO,1,60.0,-71.0,True
FB-10906,TRX-13476,4.0,5,Dañado,,Sí,52.0,-55.1,True
FB-10907,TRX-18638,1.0,5,---,SI,Sí,23.0,-35.3,True
FB-10908,TRX-13562,1.0,5,No volvería,Maybe,Sí,73.0,2.7,True
FB-10909,TRX-11686,3.0,3,Dañado,,No,40.0,-63.2,False
FB-10910,TRX-19190,1.0,5,No volvería,Maybe,1,47.0,74.9,True
FB-10911,TRX-14555,4.0,2,Excelente,SI,No,59.0,24.3,False
FB-10912,TRX-19959,3.0,1,Dañado,,No,37.0,7.4,False
FB-10913,TRX-11225,5.0,1,,Maybe,No,28.0,-96.8,False
FB-10914,TRX-19403,3.0,2,Lento,SI,No,74.0,12.5,False
FB-10915,TRX-16909,3.0,1,Lento,NO,1,44.0,83.2,True
FB-10916,TRX-17130,1.0,1,Excelente,,0,70.0,-55.2,False
FB-10917,TRX-15206,2.0,4,No volvería,SI,No,24.0,-55.9,False
FB-10918,TRX-15244,1.0,3,Lento,Maybe,1,65.0,82.9,True
FB-10919,TRX-13246,2.0,4,Dañado,NO,1,54.0,66.5,True
FB-10920,TRX-13229,3.0,4,Precio justo,Maybe,No,58.0,36.1,False
FB-10921,TRX-10813,3.0,2,No volvería,,1,43.0,46.6,True
FB-10922,TRX-18092,5.0,1,Dañado,SI,Sí,80.0,-88.2,True
FB-10923,TRX-18169,1.0,2,No volvería,Maybe,No,20.0,52.3,False
FB-10924,TRX-10766,5.0,5,,Maybe,1,74.0,48.9,True
FB-10925,TRX-14496,4.0,4,,SI,Sí,71.0,-90.0,True
FB-10926,TRX-16901,3.0,1,Dañado,,Sí,75.0,57.9,True
FB-10927,TRX-11953,5.0,3,---,,Sí,37.0,28.2,True
FB-10928,TRX-12033,4.0,4,Excelente,,Sí,68.0,14.3,True
FB-10929,TRX-17418,2.0,1,Excelente,NO,1,57.0,2.9,True
FB-10930,TRX-12803,1.0,5,Excelente,NO,Sí,34.0,2.7,True
FB-10931,TRX-19853,4.0,2,Excelente,,1,58.0,-53.1,True
FB-10932,TRX-15355,1.0,1,Dañado,Maybe,No,82.0,-99.4,False
FB-10933,TRX-19685,3.0,1,Lento,SI,No,30.0,92.0,False
FB-10934,TRX-16272,2.0,4,Dañado,Maybe,0,81.0,-7.7,False
FB-10935,TRX-13873,3.0,1,Dañado,NO,0,69.0,-91.3,False
FB-10936,TRX-19443,4.0,5,Precio justo,SI,Sí,29.0,-33.8,True
FB-10937,TRX-10348,2.0,3,Precio justo,Maybe,0,81.0,-25.4,False
FB-10938,TRX-14670,4.0,5,,,0,61.0,74.2,False
FB-10939,TRX-10292,1.0,1,---,Maybe,0,29.0,-31.5,False
FB-10940,TRX-19433,3.0,3,Dañado,SI,Sí,43.0,75.9,True
FB-10941,TRX-10076,1.0,5,Excelente,Maybe,0,59.0,-11.5,False
FB-10942,TRX-17565,2.0,3,---,NO,Sí,45.0,-66.6,True
FB-10943,TRX-14659,5.0,4,Precio justo,SI,1,61.0,-42.8,True
FB-10944,TRX-12147,1.0,1,Precio justo,Maybe,0,65.0,69.6,False
FB-10945,TRX-16599,2.0,3,---,NO,Sí,67.0,-67.9,True
FB-10946,TRX-10606,2.0,2,---,NO,No,28.0,23.0,False
FB-10947,TRX-18740,4.0,4,---,NO,No,53.0,45.1,False
FB-10948,TRX-18642,1.0,1,Dañado,Maybe,1,46.0,-37.6,True
FB-10949,TRX-10640,3.0,4,No volvería,Maybe,0,57.0,60.7,False
FB-10950,TRX-15527,1.0,2,Precio justo,SI,0,34.0,-37.4,False
FB-10951,TRX-10266,4.0,1,Excelente,,Sí,54.0,-45.6,True
FB-10952,TRX-11137,2.0,4,,,0,66.0,-85.0,False
FB-10953,TRX-17698,3.0,4,---,SI,0,70.0,17.1,False
FB-10954,TRX-11558,5.0,3,Dañado,,Sí,40.0,6.5,True
FB-10955,TRX-16800,3.0,3,No volvería,,1,71.0,32.5,True
FB-10956,TRX-14931,1.0,4,Lento,SI,1,27.0,-6.4,True
FB-10957,TRX-14500,3.0,3,---,SI,0,64.0,-58.9,False
FB-10958,TRX-15196,1.0,1,Excelente,SI,Sí,44.0,-79.3,True
FB-10959,TRX-15665,3.0,3,Excelente,NO,1,49.0,-0.2,True
FB-10960,TRX-16559,1.0,1,Dañado,SI,1,73.0,7.5,True
FB-10961,TRX-11306,2.0,1,---,NO,1,68.0,86.5,True
FB-10962,TRX-19116,2.0,1,Lento,Maybe,1,63.0,-1.1,True
FB-10963,TRX-15131,1.0,1,Excelente,SI,Sí,52.0,86.5,True
FB-10964,TRX-18090,1.0,4,Excelente,,1,48.0,27.1,True
FB-10965,TRX-10771,5.0,5,---,,No,52.0,-69.9,False
FB-10966,TRX-16444,1.0,5,Dañado,,1,79.0,-82.8,True
FB-10967,TRX-14889,4.0,1,Excelente,,No,53.0,92.3,False
FB-10968,TRX-17447,1.0,5,,NO,No,77.0,-59.2,False
FB-10969,TRX-18082,2.0,1,No volvería,Maybe,1,66.0,-30.5,True
FB-10970,TRX-11989,3.0,5,Lento,SI,0,37.0,-92.9,False
FB-10971,TRX-16126,2.0,2,Precio justo,SI,1,65.0,-45.0,True
FB-10972,TRX-11683,4.0,3,Precio justo,Maybe,0,55.0,91.3,False
FB-10973,TRX-10479,3.0,5,Lento,,1,72.0,-81.7,True
FB-10974,TRX-13670,2.0,1,,SI,Sí,28.0,79.7,True
FB-10975,TRX-10783,1.0,3,No volvería,Maybe,Sí,66.0,-86.9,True
FB-10976,TRX-10170,1.0,3,Dañado,,No,29.0,30.2,False
FB-10977,TRX-12273,3.0,4,Dañado,SI,Sí,63.0,-0.9,True
FB-10978,TRX-11722,5.0,4,Precio justo,,0,48.0,46.1,False
FB-10979,TRX-15289,4.0,5,Excelente,Maybe,0,57.0,55.5,False
FB-10980,TRX-17138,2.0,4,Lento,NO,No,44.0,35.6,False
FB-10981,TRX-13708,2.0,1,No volvería,,1,42.0,-60.7,True
FB-10982,TRX-12788,4.0,4,Dañado,,Sí,67.0,26.9,True
FB-10983,TRX-11442,2.0,2,Lento,NO,1,52.0,23.6,True
FB-10984,TRX-13131,3.0,5,Excelente,Maybe,1,60.0,70.1,True
FB-10985,TRX-16043,5.0,3,Precio justo,Maybe,Sí,69.0,-77.2,True
FB-10986,TRX-18807,3.0,3,Excelente,NO,1,22.0,20.7,True
FB-10987,TRX-10080,5.0,2,No volvería,,0,56.0,-58.8,False
FB-10988,TRX-10860,1.0,1,,NO,No,80.0,32.7,False
FB-10989,TRX-14254,5.0,3,,NO,0,36.0,3.7,False
FB-10990,TRX-10705,5.0,2,Precio justo,NO,Sí,35.0,-62.0,True
FB-10991,TRX-11815,5.0,4,Excelente,SI,Sí,46.0,-75.4,True
FB-10992,TRX-10786,2.0,5,---,NO,Sí,34.0,39.7,True
FB-10993,TRX-14985,5.0,2,---,,Sí,32.0,63.6,True
FB-10994,TRX-11229,4.0,2,,,1,57.0,-26.0,True
FB-10995,TRX-14320,1.0,4,---,,1,20.0,24.4,True
FB-10996,TRX-15395,1.0,1,No volvería,NO,No,55.0,61.2,False
FB-10997,TRX-16218,2.0,4,,SI,Sí,26.0,44.7,True
FB-10998,TRX-14422,3.0,4,No volvería,SI,Sí,65.0,45.9,True
FB-10999,TRX-12790,4.0,3,No volvería,SI,1,74.0,11.6,True
FB-11000,TRX-12257,3.0,2,Lento,NO,1,50.0,-72.6,True
FB-11001,TRX-19559,3.0,2,No volvería,Maybe,0,66.0,89.4,False
FB-11002,TRX-17548,5.0,4,Dañado,NO,No,19.0,-38.6,False
FB-11003,TRX-11964,3.0,4,No volvería,Maybe,1,50.0,-77.1,True
FB-11004,TRX-12069,4.0,2,Excelente,SI,No,33.0,72.7,False
FB-11005,TRX-15231,2.0,2,Dañado,,Sí,22.0,76.5,True
FB-11006,TRX-12424,2.0,2,Precio justo,SI,Sí,70.0,75.2,True
FB-11007,TRX-19570,5.0,1,,,0,80.0,3.3,False
FB-11008,TRX-16771,4.0,4,,,0,73.0,-38.2,False
FB-11009,TRX-17320,2.0,4,Dañado,SI,0,49.0,62.4,False
FB-11010,TRX-12004,5.0,3,Excelente,NO,1,32.0,85.5,True
FB-11011,TRX-18548,3.0,3,---,Maybe,No,78.0,-97.9,False
FB-11012,TRX-18644,4.0,5,,,1,29.0,81.1,True
FB-11013,TRX-13940,2.0,2,,NO,Sí,34.0,-52.7,True
FB-11014,TRX-19468,4.0,2,Precio justo,NO,Sí,27.0,58.9,True
FB-11015,TRX-17830,2.0,5,Excelente,SI,0,61.0,62.1,False
FB-11016,TRX-18029,2.0,4,---,SI,0,45.0,12.4,False
FB-11017,TRX-14596,4.0,2,Excelente,SI,No,37.0,-12.5,False
FB-11018,TRX-15274,2.0,3,Lento,SI,1,69.0,-55.1,True
FB-11019,TRX-17908,3.0,1,Lento,,Sí,25.0,-52.0,True
FB-11020,TRX-13700,5.0,4,Excelente,SI,Sí,44.0,-0.5,True
FB-11021,TRX-11504,1.0,1,No volvería,SI,0,56.0,-71.5,False
FB-11022,TRX-14322,4.0,1,Lento,NO,1,80.0,35.3,True
FB-11023,TRX-14853,4.0,5,---,NO,Sí,55.0,-93.7,True
FB-11024,TRX-11356,5.0,1,,Maybe,Sí,68.0,-94.6,True
FB-11025,TRX-15783,3.0,2,Excelente,NO,1,24.0,2.0,True
FB-11026,TRX-19150,1.0,5,Dañado,SI,0,50.0,-46.8,False
FB-11027,TRX-13971,3.0,3,Excelente,SI,No,64.0,-4.5,False
FB-11028,TRX-13373,4.0,1,Excelente,Maybe,0,52.0,11.5,False
FB-11029,TRX-11278,1.0,2,Precio justo,SI,1,80.0,-37.7,True
FB-11030,TRX-11231,2.0,2,---,Maybe,1,20.0,75.8,True
FB-11031,TRX-18103,4.0,3,Lento,Maybe,1,58.0,-0.8,True
FB-11032,TRX-10987,3.0,5,Precio justo,SI,Sí,49.0,64.5,True
FB-11033,TRX-13481,5.0,5,No volvería,NO,1,64.0,78.6,True
FB-11034,TRX-10215,2.0,5,Excelente,NO,No,55.0,77.9,False
FB-11035,TRX-13541,1.0,3,Lento,NO,0,23.0,-86.9,False
FB-11036,TRX-17670,4.0,3,Lento,Maybe,Sí,79.0,-91.0,True
FB-11037,TRX-16308,5.0,3,---,NO,1,25.0,18.4,True
FB-11038,TRX-13078,5.0,5,,Maybe,1,71.0,-18.0,True
FB-11039,TRX-17989,3.0,1,Lento,,1,42.0,54.3,True
FB-11040,TRX-11712,5.0,3,Excelente,Maybe,No,44.0,90.7,False
FB-11041,TRX-15577,3.0,3,Excelente,SI,No,30.0,-86.5,False
FB-11042,TRX-13418,1.0,5,,SI,0,22.0,26.1,False
FB-11043,TRX-19675,4.0,3,Dañado,NO,0,75.0,20.9,False
FB-11044,TRX-18644,1.0,1,Precio justo,SI,No,45.0,73.8,False
FB-11045,TRX-18420,3.0,5,Precio justo,NO,No,54.0,-37.3,False
FB-11046,TRX-15134,1.0,3,---,,No,54.0,3.1,False
FB-11047,TRX-15108,4.0,3,Excelente,Maybe,0,24.0,88.1,False
FB-11048,TRX-17438,4.0,4,---,SI,Sí,63.0,99.1,True
FB-11049,TRX-12523,5.0,4,---,NO,0,75.0,13.5,False
FB-11050,TRX-18265,3.0,2,No volvería,,1,73.0,-58.4,True
FB-11051,TRX-11731,1.0,2,,SI,0,23.0,58.7,False
FB-11052,TRX-12130,5.0,3,Lento,SI,No,47.0,-25.0,False
FB-11053,TRX-13584,5.0,4,Excelente,,Sí,26.0,82.5,True
FB-11054,TRX-15957,1.0,2,Excelente,Maybe,0,82.0,59.1,False
FB-11055,TRX-16317,3.0,5,Excelente,SI,Sí,67.0,88.0,True
FB-11056,TRX-17412,3.0,4,Lento,,1,32.0,-57.0,True
FB-11057,TRX-18412,4.0,1,---,NO,Sí,75.0,-16.9,True
FB-11058,TRX-13326,3.0,1,Lento,SI,0,23.0,-50.1,False
FB-11059,TRX-16556,5.0,1,,Maybe,1,63.0,88.1,True
FB-11060,TRX-13079,4.0,1,Excelente,Maybe,0,27.0,46.9,False
FB-11061,TRX-11124,2.0,4,Dañado,,No,61.0,-95.1,False
FB-11062,TRX-14552,4.0,5,Precio justo,Maybe,0,54.0,-44.1,False
FB-11063,TRX-16931,5.0,1,,NO,No,71.0,47.5,False
FB-11064,TRX-12690,1.0,5,Dañado,,1,56.0,36.2,True
FB-11065,TRX-15032,1.0,2,Dañado,,1,77.0,-92.4,True
FB-11066,TRX-19457,1.0,2,Excelente,Maybe,0,58.0,-22.9,False
FB-11067,TRX-11672,5.0,3,---,Maybe,1,65.0,58.7,True
FB-11068,TRX-12413,4.0,4,Lento,,0,19.0,-32.2,False
FB-11069,TRX-17552,1.0,1,Precio justo,NO,Sí,41.0,-52.0,True
FB-11070,TRX-11755,3.0,5,Dañado,NO,Sí,27.0,42.0,True
FB-11071,TRX-11805,2.0,5,No volvería,NO,0,59.0,30.6,False
FB-11072,TRX-13941,1.0,4,Lento,NO,Sí,23.0,-94.9,True
FB-11073,TRX-10271,1.0,2,---,NO,No,20.0,81.2,False
FB-11074,TRX-17550,2.0,4,,,No,79.0,-2.7,False
FB-11075,TRX-13064,3.0,5,Lento,,0,51.0,71.5,False
FB-11076,TRX-14370,2.0,4,Precio justo,SI,1,55.0,-21.9,True
FB-11077,TRX-10468,1.0,2,Precio justo,Maybe,Sí,71.0,-24.9,True
FB-11078,TRX-17802,1.0,2,Precio justo,NO,No,42.0,-75.6,False
FB-11079,TRX-18698,4.0,1,Excelente,Maybe,1,83.0,59.6,True
FB-11080,TRX-17416,5.0,1,Lento,,No,53.0,-99.2,False
FB-11081,TRX-15766,4.0,1,Excelente,SI,No,82.0,-42.1,False
FB-11082,TRX-14351,4.0,2,Excelente,,0,61.0,-85.5,False
FB-11083,TRX-11938,4.0,5,---,SI,0,53.0,42.4,False
FB-11084,TRX-19016,4.0,1,Excelente,,Sí,61.0,43.3,True
FB-11085,TRX-11377,4.0,4,---,NO,No,52.0,-37.3,False
FB-11086,TRX-15806,3.0,5,Lento,Maybe,No,77.0,40.4,False
FB-11087,TRX-17069,5.0,3,,Maybe,1,64.0,-50.3,True
FB-11088,TRX-13474,5.0,1,No volvería,SI,0,33.0,-37.2,False
FB-11089,TRX-12467,5.0,3,Dañado,SI,0,53.0,61.4,False
FB-11090,TRX-16503,3.0,1,Lento,,No,76.0,47.8,False
FB-11091,TRX-18227,3.0,5,---,SI,1,78.0,54.8,True
FB-11092,TRX-17059,3.0,3,Lento,NO,1,63.0,-77.5,True
FB-11093,TRX-18321,1.0,2,Precio justo,,0,31.0,-73.5,False
FB-11094,TRX-15467,5.0,1,Dañado,NO,1,37.0,-39.4,True
FB-11095,TRX-10870,2.0,4,Precio justo,SI,No,45.0,-79.3,False
FB-11096,TRX-17230,4.0,3,No volvería,Maybe,Sí,23.0,4.3,True
FB-11097,TRX-14466,1.0,4,,NO,1,39.0,6.2,True
FB-11098,TRX-16058,1.0,3,Excelente,,Sí,25.0,-30.5,True
FB-11099,TRX-11602,4.0,5,Precio justo,Maybe,No,18.0,-17.1,False
FB-11100,TRX-10805,1.0,4,No volvería,SI,1,78.0,-80.1,True
FB-11101,TRX-16267,3.0,1,Dañado,NO,No,78.0,35.8,False
FB-11102,TRX-16923,1.0,2,Excelente,SI,0,56.0,-47.0,False
FB-11103,TRX-13177,5.0,5,No volvería,NO,0,67.0,55.4,False
FB-11104,TRX-14816,5.0,3,Precio justo,Maybe,1,26.0,54.2,True
FB-11105,TRX-13103,2.0,1,No volvería,,1,26.0,18.2,True
FB-11106,TRX-16597,5.0,3,No volvería,SI,No,51.0,-12.2,False
FB-11107,TRX-12894,4.0,4,---,Maybe,0,40.0,-58.6,False
FB-11108,TRX-19732,4.0,4,---,Maybe,1,26.0,87.5,True
FB-11109,TRX-14520,5.0,2,Excelente,,0,67.0,79.2,False
FB-11110,TRX-18676,3.0,4,Lento,,0,75.0,50.4,False
FB-11111,TRX-19952,5.0,5,No volvería,Maybe,0,60.0,83.6,False
FB-11112,TRX-18087,3.0,3,Excelente,NO,Sí,19.0,79.8,True
FB-11113,TRX-18497,4.0,3,,Maybe,No,83.0,4.4,False
FB-11114,TRX-17103,5.0,5,,Maybe,Sí,46.0,-58.0,True
FB-11115,TRX-11788,2.0,4,Excelente,NO,Sí,62.0,-59.2,True
FB-11116,TRX-10817,4.0,4,Dañado,SI,0,74.0,-0.6,False
FB-11117,TRX-14078,2.0,5,Dañado,Maybe,0,39.0,45.0,False
FB-11118,TRX-11819,4.0,2,Lento,NO,1,60.0,-19.1,True
FB-11119,TRX-13597,1.0,1,Precio justo,SI,Sí,76.0,-19.2,True
FB-11120,TRX-11887,1.0,1,No volvería,NO,0,23.0,-85.4,False
FB-11121,TRX-10870,1.0,4,No volvería,NO,1,74.0,55.8,True
FB-11122,TRX-10584,2.0,1,Excelente,NO,No,45.0,-65.7,False
FB-11123,TRX-19424,3.0,1,Excelente,SI,1,18.0,79.7,True
FB-11124,TRX-14361,4.0,1,Excelente,SI,Sí,40.0,-65.2,True
FB-11125,TRX-13911,1.0,4,,Maybe,Sí,25.0,48.5,True
FB-11126,TRX-11078,2.0,3,Dañado,Maybe,Sí,78.0,49.1,True
FB-11127,TRX-18718,4.0,4,,Maybe,0,18.0,72.3,False
FB-11128,TRX-11655,1.0,4,,Maybe,0,28.0,4.3,False
FB-11129,TRX-14513,1.0,2,Excelente,Maybe,No,25.0,-19.5,False
FB-11130,TRX-13710,1.0,2,Lento,SI,Sí,68.0,-80.6,True
FB-11131,TRX-16628,2.0,4,Excelente,,1,48.0,67.0,True
FB-11132,TRX-16421,3.0,5,Precio justo,NO,0,53.0,-16.6,False
FB-11133,TRX-16437,1.0,5,,Maybe,0,46.0,97.8,False
FB-11134,TRX-11659,1.0,2,Excelente,NO,Sí,53.0,-40.2,True
FB-11135,TRX-13602,3.0,2,---,NO,0,55.0,-12.4,False
FB-11136,TRX-14395,3.0,3,No volvería,Maybe,Sí,30.0,-16.7,True
FB-11137,TRX-18112,5.0,2,No volvería,NO,No,57.0,-4.5,False
FB-11138,TRX-13370,1.0,1,---,NO,0,69.0,-55.5,False
FB-11139,TRX-12802,4.0,4,Excelente,,1,41.0,-45.2,True
FB-11140,TRX-13335,5.0,4,No volvería,NO,0,78.0,-7.9,False
FB-11141,TRX-15695,4.0,4,---,NO,No,29.0,54.2,False
FB-11142,TRX-14718,3.0,3,Excelente,,Sí,69.0,48.9,True
FB-11143,TRX-19769,5.0,3,,NO,1,21.0,-63.1,True
FB-11144,TRX-14718,2.0,1,Excelente,NO,No,28.0,6.3,False
FB-11145,TRX-10050,5.0,4,,NO,1,73.0,4.5,True
FB-11146,TRX-11544,5.0,1,Dañado,NO,Sí,24.0,14.2,True
FB-11147,TRX-13032,3.0,2,,NO,No,72.0,-37.1,False
FB-11148,TRX-18245,1.0,4,Dañado,NO,1,80.0,43.6,True
FB-11149,TRX-17811,3.0,1,No volvería,SI,0,22.0,-43.9,False
FB-11150,TRX-15002,3.0,3,No volvería,,1,20.0,-34.2,True
FB-11151,TRX-13909,3.0,3,---,SI,No,81.0,-61.7,False
FB-11152,TRX-12789,3.0,3,Lento,SI,1,29.0,-67.9,True
FB-11153,TRX-15162,4.0,1,,,1,50.0,76.3,True
FB-11154,TRX-11137,2.0,1,,,0,57.0,-21.2,False
FB-11155,TRX-12730,4.0,1,Lento,NO,No,58.0,51.1,False
FB-11156,TRX-13069,5.0,5,Excelente,Maybe,No,20.0,51.7,False
FB-11157,TRX-15442,3.0,4,Lento,Maybe,1,43.0,14.2,True
FB-11158,TRX-17458,1.0,5,Precio justo,SI,0,55.0,65.2,False
FB-11159,TRX-12323,3.0,5,Dañado,NO,1,51.0,-99.8,True
FB-11160,TRX-10208,4.0,2,,Maybe,Sí,84.0,-67.7,True
FB-11161,TRX-17775,2.0,2,---,,No,31.0,70.8,False
FB-11162,TRX-17011,4.0,3,---,,No,29.0,87.4,False
FB-11163,TRX-15473,3.0,5,No volvería,Maybe,0,56.0,2.2,False
FB-11164,TRX-10341,2.0,2,---,NO,No,79.0,38.7,False
FB-11165,TRX-12908,1.0,5,Lento,NO,0,66.0,-68.8,False
FB-11166,TRX-14322,4.0,4,Precio justo,SI,No,76.0,34.3,False
FB-11167,TRX-11261,4.0,5,Lento,,0,68.0,29.9,False
FB-11168,TRX-12797,5.0,3,No volvería,NO,1,52.0,-78.1,True
FB-11169,TRX-10159,2.0,1,Lento,,0,68.0,56.6,False
FB-11170,TRX-19732,4.0,3,Dañado,SI,Sí,48.0,-93.3,True
FB-11171,TRX-15769,5.0,5,,NO,Sí,57.0,96.0,True
FB-11172,TRX-17763,1.0,5,---,NO,1,54.0,93.2,True
FB-11173,TRX-19554,4.0,1,Lento,Maybe,0,31.0,57.4,False
FB-11174,TRX-10016,4.0,3,Precio justo,,1,75.0,-2.6,True
FB-11175,TRX-18000,3.0,3,,NO,Sí,45.0,-40.4,True
FB-11176,TRX-14055,4.0,5,Lento,SI,No,29.0,-32.2,False
FB-11177,TRX-17742,1.0,4,---,,1,73.0,-79.4,True
FB-11178,TRX-11792,5.0,2,---,NO,Sí,22.0,45.0,True
FB-11179,TRX-10740,2.0,5,No volvería,,Sí,26.0,92.2,True
FB-11180,TRX-10284,1.0,5,---,SI,1,79.0,-52.2,True
FB-11181,TRX-19294,2.0,2,---,Maybe,Sí,51.0,95.6,True
FB-11182,TRX-14762,1.0,1,Lento,Maybe,Sí,57.0,-9.4,True
FB-11183,TRX-13740,5.0,5,Precio justo,SI,Sí,56.0,-72.0,True
FB-11184,TRX-18606,3.0,4,Lento,,0,30.0,54.4,False
FB-11185,TRX-18243,5.0,1,Excelente,SI,Sí,21.0,66.0,True
FB-11186,TRX-12741,2.0,1,No volvería,Maybe,1,26.0,-32.4,True
FB-11187,TRX-12401,2.0,1,Excelente,,No,23.0,93.4,False
FB-11188,TRX-11538,4.0,5,,,0,50.0,7.3,False
FB-11189,TRX-11638,3.0,1,Excelente,NO,No,65.0,-93.6,False
FB-11190,TRX-14990,5.0,3,,NO,0,54.0,-31.1,False
FB-11191,TRX-15499,5.0,5,,NO,1,39.0,53.2,True
FB-11192,TRX-17415,2.0,5,No volvería,NO,No,67.0,-60.2,False
FB-11193,TRX-18039,3.0,2,---,NO,Sí,36.0,-73.7,True
FB-11194,TRX-15747,5.0,1,No volvería,SI,1,45.0,22.8,True
FB-11195,TRX-18940,3.0,5,Precio justo,SI,1,81.0,-40.2,True
FB-11196,TRX-14216,3.0,4,Precio justo,,No,75.0,22.7,False
FB-11197,TRX-17970,5.0,4,Precio justo,,Sí,42.0,-36.9,True
FB-11198,TRX-14153,3.0,5,Excelente,NO,No,75.0,54.3,False
FB-11199,TRX-15968,1.0,5,,Maybe,Sí,49.0,-15.7,True
FB-11200,TRX-17516,2.0,4,Lento,Maybe,0,50.0,97.2,False
FB-11201,TRX-10222,3.0,4,Dañado,,No,64.0,-25.1,False
FB-11202,TRX-15777,3.0,3,Lento,,0,55.0,-70.7,False
FB-11203,TRX-14933,1.0,4,Dañado,,Sí,35.0,27.0,True
FB-11204,TRX-15467,4.0,3,Dañado,NO,Sí,44.0,45.7,True
FB-11205,TRX-18484,3.0,5,Dañado,,1,54.0,-31.1,True
FB-11206,TRX-19760,5.0,1,Dañado,NO,Sí,59.0,49.2,True
FB-11207,TRX-17935,4.0,1,No volvería,SI,No,53.0,-31.7,False
FB-11208,TRX-11847,4.0,2,Precio justo,,No,51.0,-80.6,False
FB-11209,TRX-14422,1.0,3,No volvería,Maybe,Sí,32.0,-83.4,True
FB-11210,TRX-18508,5.0,4,Excelente,NO,Sí,78.0,-4.7,True
FB-11211,TRX-10339,4.0,3,No volvería,SI,No,44.0,96.7,False
FB-11212,TRX-12423,3.0,2,Precio justo,SI,No,36.0,6.4,False
FB-11213,TRX-16722,1.0,2,Lento,NO,Sí,24.0,6.4,True
FB-11214,TRX-13608,1.0,3,---,NO,Sí,78.0,72.6,True
FB-11215,TRX-12320,1.0,4,Precio justo,SI,No,18.0,89.5,False
FB-11216,TRX-15852,2.0,5,Lento,SI,1,38.0,-64.8,True
FB-11217,TRX-18156,4.0,5,Excelente,SI,Sí,33.0,-73.6,True
FB-11218,TRX-10506,5.0,5,---,NO,1,66.0,36.5,True
FB-11219,TRX-14003,5.0,2,Dañado,,No,46.0,22.4,False
FB-11220,TRX-19463,2.0,3,,SI,1,64.0,-30.9,True
FB-11221,TRX-17056,3.0,2,No volvería,SI,0,18.0,79.1,False
FB-11222,TRX-15888,4.0,4,,Maybe,1,31.0,8.5,True
FB-11223,TRX-13380,1.0,1,Dañado,,0,64.0,-65.4,False
FB-11224,TRX-11462,2.0,2,Excelente,NO,Sí,77.0,-22.1,True
FB-11225,TRX-13175,2.0,4,Excelente,SI,0,43.0,75.6,False
FB-11226,TRX-16189,4.0,4,Lento,NO,No,35.0,-96.3,False
FB-11227,TRX-11768,5.0,4,Lento,,Sí,53.0,67.6,True
FB-11228,TRX-14487,4.0,1,,,Sí,70.0,90.3,True
FB-11229,TRX-18927,5.0,5,Excelente,,0,79.0,-26.7,False
FB-11230,TRX-17360,4.0,3,Precio justo,Maybe,No,83.0,-43.0,False
FB-11231,TRX-18632,5.0,2,Dañado,SI,No,27.0,-66.8,False
FB-11232,TRX-12866,2.0,1,No volvería,,No,75.0,-92.0,False
FB-11233,TRX-14346,5.0,4,Excelente,NO,No,66.0,35.3,False
FB-11234,TRX-15715,4.0,1,No volvería,Maybe,1,72.0,-65.8,True
FB-11235,TRX-15426,3.0,2,Excelente,,No,60.0,79.0,False
FB-11236,TRX-16406,4.0,3,Lento,,No,68.0,-8.8,False
FB-11237,TRX-19652,2.0,2,Lento,NO,Sí,39.0,94.6,True
FB-11238,TRX-16836,5.0,1,---,Maybe,0,60.0,96.0,False
FB-11239,TRX-14526,5.0,4,Excelente,NO,1,25.0,60.1,True
FB-11240,TRX-15067,5.0,4,No volvería,SI,1,20.0,-12.0,True
FB-11241,TRX-13122,2.0,5,Dañado,,Sí,58.0,-7.5,True
FB-11242,TRX-10673,4.0,5,Excelente,NO,1,70.0,90.1,True
FB-11243,TRX-19494,5.0,3,Excelente,Maybe,1,57.0,45.5,True
FB-11244,TRX-18520,3.0,3,---,SI,Sí,75.0,-19.9,True
FB-11245,TRX-15624,3.0,5,---,,No,35.0,72.5,False
FB-11246,TRX-12014,1.0,5,Precio justo,,1,67.0,-45.6,True
FB-11247,TRX-17101,3.0,2,---,Maybe,0,28.0,87.4,False
FB-11248,TRX-17455,1.0,2,---,NO,No,83.0,-51.5,False
FB-11249,TRX-19284,5.0,4,Excelente,NO,No,39.0,46.6,False
FB-11250,TRX-15685,2.0,4,---,,No,80.0,29.5,False
FB-11251,TRX-14725,2.0,5,---,SI,1,25.0,17.3,True
FB-11252,TRX-11805,2.0,2,,NO,0,32.0,-6.4,False
FB-11253,TRX-10136,5.0,5,Lento,Maybe,1,32.0,11.5,True
FB-11254,TRX-18174,5.0,5,---,,Sí,24.0,38.5,True
FB-11255,TRX-12410,4.0,3,Precio justo,SI,1,43.0,26.7,True
FB-11256,TRX-17640,3.0,5,---,Maybe,0,82.0,-44.7,False
FB-11257,TRX-12461,5.0,4,Precio justo,SI,1,68.0,-45.7,True
FB-11258,TRX-18571,3.0,3,Lento,SI,Sí,43.0,29.8,True
FB-11259,TRX-14747,2.0,2,---,,No,26.0,-69.5,False
FB-11260,TRX-19144,3.0,4,Lento,SI,1,43.0,95.0,True
FB-11261,TRX-12664,4.0,1,,NO,No,22.0,69.4,False
FB-11262,TRX-14974,2.0,2,Lento,NO,1,35.0,-9.4,True
FB-11263,TRX-17976,3.0,1,No volvería,SI,0,70.0,5.0,False
FB-11264,TRX-14722,4.0,4,,,No,40.0,-29.1,False
FB-11265,TRX-11058,3.0,2,Precio justo,,1,78.0,-69.5,True
FB-11266,TRX-14828,4.0,1,Dañado,SI,0,51.0,18.3,False
FB-11267,TRX-10255,3.0,1,Dañado,NO,Sí,64.0,97.8,True
FB-11268,TRX-17436,2.0,2,,NO,No,44.0,-67.4,False
FB-11269,TRX-10670,2.0,5,No volvería,,No,19.0,7.2,False
FB-11270,TRX-13560,1.0,4,Dañado,,1,26.0,92.0,True
FB-11271,TRX-14636,4.0,4,Precio justo,Maybe,No,71.0,96.5,False
FB-11272,TRX-19716,3.0,3,Lento,Maybe,Sí,22.0,-2.8,True
FB-11273,TRX-12022,3.0,2,---,SI,No,20.0,-85.4,False
FB-11274,TRX-10871,3.0,4,Precio justo,SI,No,31.0,-50.0,False
FB-11275,TRX-18001,5.0,1,,,Sí,26.0,40.8,True
FB-11276,TRX-15010,4.0,2,---,,0,66.0,-86.1,False
FB-11277,TRX-10083,3.0,1,No volvería,Maybe,No,75.0,27.6,False
FB-11278,TRX-17050,1.0,2,No volvería,SI,1,27.0,-9.9,True
FB-11279,TRX-15771,2.0,1,Excelente,Maybe,0,24.0,-63.9,False
FB-11280,TRX-10010,5.0,1,No volvería,Maybe,No,30.0,-80.1,False
FB-11281,TRX-10817,5.0,2,---,Maybe,0,52.0,36.6,False
FB-11282,TRX-14119,2.0,3,---,NO,No,78.0,-64.8,False
FB-11283,TRX-12256,5.0,1,No volvería,SI,0,55.0,4.5,False
FB-11284,TRX-15737,1.0,2,---,Maybe,1,54.0,-1.4,True
FB-11285,TRX-14641,1.0,5,,NO,0,25.0,34.7,False
FB-11286,TRX-18224,2.0,5,Precio justo,NO,Sí,40.0,-13.7,True
FB-11287,TRX-19187,4.0,3,Precio justo,SI,No,18.0,83.1,False
FB-11288,TRX-12540,5.0,2,No volvería,Maybe,No,30.0,70.5,False
FB-11289,TRX-11409,3.0,3,---,,1,43.0,63.5,True
FB-11290,TRX-14434,3.0,1,Precio justo,SI,Sí,77.0,-44.5,True
FB-11291,TRX-12337,1.0,5,Precio justo,Maybe,0,67.0,97.0,False
FB-11292,TRX-13223,4.0,3,,Maybe,0,68.0,4.8,False
FB-11293,TRX-17078,4.0,1,,NO,Sí,74.0,95.3,True
FB-11294,TRX-19588,5.0,5,---,Maybe,Sí,83.0,68.2,True
FB-11295,TRX-11322,5.0,3,No volvería,NO,0,80.0,73.0,False
FB-11296,TRX-14764,2.0,1,Lento,Maybe,1,58.0,41.2,True
FB-11297,TRX-13585,1.0,4,No volvería,,1,52.0,-65.2,True
FB-11298,TRX-10526,2.0,5,---,SI,0,70.0,91.6,False
FB-11299,TRX-17752,2.0,1,Dañado,Maybe,0,82.0,-20.0,False
FB-11300,TRX-15810,3.0,4,Precio justo,NO,Sí,50.0,88.7,True
FB-11301,TRX-14075,4.0,3,---,NO,No,70.0,75.5,False
FB-11302,TRX-16328,5.0,4,Excelente,NO,No,21.0,64.5,False
FB-11303,TRX-16923,3.0,5,No volvería,NO,Sí,19.0,-98.4,True
FB-11304,TRX-16539,2.0,2,Lento,NO,0,25.0,15.3,False
FB-11305,TRX-11607,1.0,3,Lento,NO,No,39.0,-51.2,False
FB-11306,TRX-14280,2.0,4,Precio justo,SI,0,47.0,76.1,False
FB-11307,TRX-14948,3.0,1,No volvería,Maybe,0,60.0,40.3,False
FB-11308,TRX-19781,3.0,2,---,SI,No,72.0,29.7,False
FB-11309,TRX-15091,1.0,2,No volvería,SI,Sí,32.0,80.9,True
FB-11310,TRX-12839,3.0,3,,SI,0,78.0,-40.9,False
FB-11311,TRX-19239,3.0,4,Dañado,,0,84.0,-78.4,False
FB-11312,TRX-17140,3.0,5,,Maybe,No,40.0,-38.9,False
FB-11313,TRX-15283,2.0,4,---,SI,Sí,44.0,-63.3,True
FB-11314,TRX-19472,1.0,4,No volvería,NO,No,65.0,-49.5,False
FB-11315,TRX-12280,2.0,3,,Maybe,Sí,78.0,13.3,True
FB-11316,TRX-13268,1.0,3,Dañado,SI,1,33.0,-8.9,True
FB-11317,TRX-14096,3.0,1,Lento,SI,Sí,31.0,96.2,True
FB-11318,TRX-12223,3.0,5,No volvería,,1,69.0,-16.3,True
FB-11319,TRX-16820,5.0,3,,Maybe,1,37.0,-69.6,True
FB-11320,TRX-19081,3.0,1,,Maybe,0,27.0,75.0,False
FB-11321,TRX-13268,1.0,2,Precio justo,NO,0,75.0,-44.7,False
FB-11322,TRX-14932,4.0,1,Dañado,NO,No,46.0,-78.4,False
FB-11323,TRX-14997,1.0,5,Dañado,Maybe,No,21.0,31.8,False
FB-11324,TRX-11402,3.0,1,Precio justo,NO,Sí,22.0,-48.7,True
FB-11325,TRX-14871,3.0,1,Excelente,NO,0,55.0,-96.8,False
FB-11326,TRX-19284,4.0,3,Precio justo,SI,No,29.0,32.7,False
FB-11327,TRX-17555,3.0,5,Dañado,NO,Sí,69.0,-85.5,True
FB-11328,TRX-18942,5.0,1,Precio justo,,0,83.0,-99.5,False
FB-11329,TRX-13004,4.0,4,Dañado,SI,1,82.0,36.4,True
FB-11330,TRX-16159,2.0,1,,NO,1,63.0,-9.4,True
FB-11331,TRX-17158,5.0,2,Excelente,SI,0,27.0,60.9,False
FB-11332,TRX-11573,1.0,2,No volvería,NO,Sí,36.0,-67.1,True
FB-11333,TRX-12270,5.0,1,---,NO,1,37.0,2.1,True
FB-11334,TRX-18627,5.0,1,Lento,NO,0,46.0,-76.8,False
FB-11335,TRX-17240,3.0,4,Excelente,SI,Sí,84.0,-18.1,True
FB-11336,TRX-15132,2.0,1,No volvería,Maybe,0,39.0,-28.7,False
FB-11337,TRX-18254,4.0,3,,NO,No,73.0,27.6,False
FB-11338,TRX-15858,5.0,5,Precio justo,,No,40.0,24.7,False
FB-11339,TRX-17673,3.0,4,---,NO,Sí,57.0,-48.4,True
FB-11340,TRX-15803,5.0,1,Dañado,Maybe,Sí,64.0,-89.9,True
FB-11341,TRX-17006,2.0,3,---,SI,1,80.0,-79.0,True
FB-11342,TRX-17643,4.0,1,,NO,0,55.0,82.6,False
FB-11343,TRX-16889,3.0,4,,,1,26.0,45.3,True
FB-11344,TRX-16721,5.0,4,Excelente,SI,1,67.0,88.5,True
FB-11345,TRX-17557,2.0,2,Precio justo,NO,No,78.0,23.5,False
FB-11346,TRX-10453,1.0,2,,SI,1,78.0,75.9,True
FB-11347,TRX-19157,1.0,1,---,SI,Sí,40.0,54.6,True
FB-11348,TRX-10432,2.0,5,No volvería,Maybe,1,43.0,-51.0,True
FB-11349,TRX-16896,4.0,3,,SI,No,20.0,50.0,False
FB-11350,TRX-11448,5.0,2,Lento,NO,1,83.0,21.9,True
FB-11351,TRX-12303,5.0,2,Excelente,Maybe,0,53.0,-66.0,False
FB-11352,TRX-14954,2.0,5,---,Maybe,1,62.0,-81.2,True
FB-11353,TRX-13975,5.0,4,---,SI,0,63.0,-26.7,False
FB-11354,TRX-19508,4.0,1,Lento,SI,1,82.0,17.1,True
FB-11355,TRX-18391,2.0,1,Precio justo,NO,Sí,52.0,11.3,True
FB-11356,TRX-16113,1.0,3,No volvería,,Sí,33.0,-3.8,True
FB-11357,TRX-12085,1.0,5,,Maybe,0,64.0,-4.2,False
FB-11358,TRX-18900,3.0,5,Excelente,Maybe,0,38.0,-96.7,False
FB-11359,TRX-19266,1.0,5,,Maybe,No,26.0,-95.7,False
FB-11360,TRX-14806,5.0,4,---,SI,1,25.0,-18.4,True
FB-11361,TRX-10877,4.0,5,No volvería,,No,64.0,3.0,False
FB-11362,TRX-16433,4.0,4,Dañado,NO,No,59.0,35.1,False
FB-11363,TRX-12063,3.0,1,---,NO,Sí,28.0,33.0,True
FB-11364,TRX-16601,5.0,4,No volvería,Maybe,No,74.0,97.0,False
FB-11365,TRX-10097,2.0,1,No volvería,SI,Sí,57.0,-21.6,True
FB-11366,TRX-17582,3.0,3,,,No,51.0,-74.7,False
FB-11367,TRX-18487,5.0,5,No volvería,NO,0,21.0,-39.8,False
FB-11368,TRX-17540,2.0,3,,NO,No,67.0,53.3,False
FB-11369,TRX-10890,1.0,5,Excelente,SI,1,65.0,-51.2,True
FB-11370,TRX-11387,1.0,3,---,NO,Sí,24.0,63.5,True
FB-11371,TRX-10896,2.0,2,Excelente,Maybe,0,59.0,61.2,False
FB-11372,TRX-14426,3.0,2,Excelente,SI,1,82.0,-6.2,True
FB-11373,TRX-11753,2.0,4,Lento,Maybe,0,67.0,46.0,False
FB-11374,TRX-15463,5.0,3,,Maybe,1,63.0,60.2,True
FB-11375,TRX-19737,2.0,5,Precio justo,,Sí,59.0,45.3,True
FB-11376,TRX-11595,5.0,1,---,SI,0,41.0,-37.5,False
FB-11377,TRX-14760,5.0,4,Precio justo,NO,Sí,27.0,-66.0,True
FB-11378,TRX-19264,1.0,4,No volvería,Maybe,0,43.0,-76.2,False
FB-11379,TRX-17888,5.0,2,Lento,,0,19.0,92.7,False
FB-11380,TRX-15428,4.0,3,Precio justo,NO,Sí,78.0,-81.1,True
FB-11381,TRX-10997,1.0,3,Excelente,NO,0,75.0,-11.8,False
FB-11382,TRX-11989,1.0,4,Dañado,NO,No,68.0,-79.7,False
FB-11383,TRX-19578,2.0,2,,NO,1,63.0,59.0,True
FB-11384,TRX-18369,5.0,1,Dañado,,1,20.0,10.6,True
FB-11385,TRX-10868,2.0,2,Precio justo,,No,67.0,-64.9,False
FB-11386,TRX-13359,5.0,3,Lento,NO,1,53.0,91.9,True
FB-11387,TRX-18458,1.0,1,Precio justo,SI,0,69.0,69.7,False
FB-11388,TRX-12361,4.0,4,Excelente,,0,61.0,-74.6,False
FB-11389,TRX-19208,1.0,1,Lento,NO,0,31.0,62.7,False
FB-11390,TRX-18115,3.0,4,Dañado,,Sí,83.0,68.9,True
FB-11391,TRX-12234,2.0,2,,,0,66.0,54.4,False
FB-11392,TRX-13662,4.0,1,No volvería,NO,0,44.0,-29.8,False
FB-11393,TRX-12535,2.0,5,Excelente,Maybe,Sí,19.0,-48.7,True
FB-11394,TRX-14929,5.0,3,---,SI,0,64.0,5.0,False
FB-11395,TRX-15093,2.0,4,---,,Sí,77.0,-5.2,True
FB-11396,TRX-10105,1.0,1,Lento,NO,Sí,27.0,16.7,True
FB-11397,TRX-17945,1.0,1,No volvería,NO,Sí,78.0,-16.4,True
FB-11398,TRX-13288,2.0,5,Excelente,Maybe,Sí,57.0,-57.9,True
FB-11399,TRX-11879,5.0,2,,,Sí,22.0,14.0,True
FB-11400,TRX-11100,5.0,5,,SI,1,50.0,7.5,True
FB-11401,TRX-10000,4.0,1,Dañado,SI,1,31.0,81.7,True
FB-11402,TRX-12507,1.0,3,---,Maybe,0,84.0,27.0,False
FB-11403,TRX-19892,2.0,1,Lento,SI,No,40.0,53.9,False
FB-11404,TRX-11983,4.0,1,Precio justo,SI,0,82.0,-14.6,False
FB-11405,TRX-18516,3.0,1,Lento,NO,No,55.0,64.5,False
FB-11406,TRX-11587,4.0,5,Lento,Maybe,No,31.0,-38.1,False
FB-11407,TRX-14050,3.0,5,Excelente,,No,36.0,95.6,False
FB-11408,TRX-13347,3.0,4,Precio justo,Maybe,0,26.0,63.1,False
FB-11409,TRX-11697,4.0,4,Dañado,SI,0,50.0,-99.1,False
FB-11410,TRX-17761,1.0,4,---,NO,No,50.0,63.6,False
FB-11411,TRX-10403,4.0,1,No volvería,,0,62.0,7.6,False
FB-11412,TRX-18287,4.0,4,Dañado,SI,Sí,56.0,16.0,True
FB-11413,TRX-17271,1.0,4,Precio justo,NO,1,50.0,99.7,True
FB-11414,TRX-16401,1.0,2,,SI,1,21.0,43.5,True
FB-11415,TRX-10911,1.0,5,No volvería,SI,1,43.0,-73.9,True
FB-11416,TRX-11995,1.0,4,Lento,Maybe,No,42.0,50.8,False
FB-11417,TRX-14913,1.0,5,---,SI,Sí,50.0,-60.1,True
FB-11418,TRX-16628,1.0,3,No volvería,,1,35.0,87.0,True
FB-11419,TRX-17925,4.0,2,---,SI,Sí,46.0,-47.3,True
FB-11420,TRX-13015,2.0,3,Lento,Maybe,1,25.0,-7.7,True
FB-11421,TRX-13849,2.0,5,,NO,Sí,66.0,62.6,True
FB-11422,TRX-18957,2.0,5,Precio justo,SI,0,83.0,92.8,False
FB-11423,TRX-14264,4.0,3,Dañado,SI,0,64.0,-68.6,False
FB-11424,TRX-17194,1.0,4,Excelente,Maybe,Sí,56.0,-86.2,True
FB-11425,TRX-12018,3.0,2,No volvería,NO,Sí,81.0,58.0,True
FB-11426,TRX-17083,1.0,5,Excelente,SI,No,29.0,72.5,False
FB-11427,TRX-12396,5.0,1,,SI,Sí,53.0,20.4,True
FB-11428,TRX-10354,1.0,2,---,,No,31.0,-65.8,False
FB-11429,TRX-13027,2.0,3,Excelente,Maybe,1,68.0,-68.6,True
FB-11430,TRX-12321,1.0,5,No volvería,NO,0,72.0,-7.9,False
FB-11431,TRX-13943,1.0,5,Excelente,SI,1,45.0,-61.2,True
FB-11432,TRX-12797,5.0,3,Excelente,Maybe,No,60.0,-30.6,False
FB-11433,TRX-18380,3.0,1,Excelente,Maybe,0,37.0,58.9,False
FB-11434,TRX-18956,3.0,1,Dañado,Maybe,1,30.0,-78.8,True
FB-11435,TRX-13282,2.0,5,Lento,NO,1,63.0,-39.3,True
FB-11436,TRX-17801,3.0,4,Dañado,Maybe,Sí,62.0,-20.7,True
FB-11437,TRX-17871,2.0,1,,SI,0,47.0,-54.5,False
FB-11438,TRX-14751,4.0,1,,SI,1,65.0,41.7,True
FB-11439,TRX-14742,5.0,4,Dañado,NO,Sí,34.0,-6.2,True
FB-11440,TRX-11638,1.0,1,,SI,Sí,61.0,89.3,True
FB-11441,TRX-19646,5.0,4,Lento,NO,Sí,60.0,-32.0,True
FB-11442,TRX-18076,3.0,3,Lento,SI,No,81.0,85.1,False
FB-11443,TRX-16018,1.0,2,,Maybe,No,18.0,13.7,False
FB-11444,TRX-14508,5.0,2,Excelente,SI,Sí,66.0,7.7,True
FB-11445,TRX-16409,5.0,3,---,Maybe,1,36.0,-53.0,True
FB-11446,TRX-16321,2.0,1,Dañado,NO,1,29.0,89.6,True
FB-11447,TRX-11758,4.0,2,No volvería,,0,45.0,-36.3,False
FB-11448,TRX-17601,5.0,3,No volvería,Maybe,1,48.0,9.3,True
FB-11449,TRX-16830,1.0,2,Excelente,Maybe,Sí,77.0,87.9,True
FB-11450,TRX-16960,3.0,1,Dañado,,0,70.0,70.1,False
FB-11451,TRX-12427,4.0,4,Excelente,,0,70.0,-38.2,False
FB-11452,TRX-10458,4.0,3,Dañado,SI,1,28.0,61.0,True
FB-11453,TRX-14643,1.0,2,Excelente,NO,0,29.0,36.2,False
FB-11454,TRX-17488,4.0,1,---,SI,1,75.0,-93.3,True
FB-11455,TRX-11968,3.0,2,Lento,NO,Sí,64.0,-1.4,True
FB-11456,TRX-19244,4.0,1,No volvería,,Sí,80.0,-15.5,True
FB-11457,TRX-16380,2.0,1,,Maybe,1,26.0,31.8,True
FB-11458,TRX-10180,4.0,1,Excelente,NO,No,31.0,40.6,False
FB-11459,TRX-19511,5.0,1,Dañado,NO,Sí,84.0,40.9,True
FB-11460,TRX-14960,4.0,3,,NO,No,24.0,-8.0,False
FB-11461,TRX-10558,2.0,4,,,1,23.0,89.5,True
FB-11462,TRX-17282,2.0,3,,,1,52.0,-85.8,True
FB-11463,TRX-10698,4.0,2,No volvería,SI,Sí,72.0,29.8,True
FB-11464,TRX-15811,3.0,3,Excelente,Maybe,Sí,45.0,-12.2,True
FB-11465,TRX-12282,4.0,3,Precio justo,Maybe,No,40.0,-53.5,False
FB-11466,TRX-17666,1.0,2,No volvería,SI,No,27.0,-72.7,False
FB-11467,TRX-17509,2.0,4,,NO,0,71.0,-7.5,False
FB-11468,TRX-14536,4.0,3,Precio justo,,Sí,79.0,-38.9,True
FB-11469,TRX-10149,3.0,1,Dañado,Maybe,Sí,32.0,-56.2,True
FB-11470,TRX-12593,3.0,3,Lento,Maybe,1,31.0,-92.7,True
FB-11471,TRX-15861,3.0,2,Lento,Maybe,1,28.0,-37.4,True
FB-11472,TRX-18202,5.0,4,---,NO,No,72.0,86.4,False
FB-11473,TRX-18244,5.0,3,Dañado,SI,Sí,35.0,7.7,True
FB-11474,TRX-13453,5.0,3,Precio justo,SI,No,43.0,-51.7,False
FB-11475,TRX-15715,1.0,2,,Maybe,0,64.0,95.1,False
FB-11476,TRX-18602,1.0,5,Lento,NO,1,57.0,30.2,True
FB-11477,TRX-16399,4.0,5,---,,1,60.0,1.4,True
FB-11478,TRX-18405,5.0,3,,Maybe,Sí,82.0,86.7,True
FB-11479,TRX-11028,5.0,1,Lento,SI,Sí,20.0,56.2,True
FB-11480,TRX-12858,1.0,3,Precio justo,NO,Sí,36.0,6.5,True
FB-11481,TRX-12480,3.0,5,---,SI,Sí,28.0,-98.6,True
FB-11482,TRX-15764,3.0,3,Excelente,Maybe,Sí,70.0,-17.2,True
FB-11483,TRX-19226,2.0,1,Lento,,0,31.0,59.9,False
FB-11484,TRX-15558,4.0,4,Lento,SI,1,61.0,-43.0,True
FB-11485,TRX-17528,4.0,3,Excelente,NO,0,68.0,-89.1,False
FB-11486,TRX-12294,5.0,2,Precio justo,,0,49.0,21.6,False
FB-11487,TRX-14560,1.0,1,---,NO,No,60.0,79.9,False
FB-11488,TRX-14963,4.0,3,Precio justo,NO,Sí,50.0,97.8,True
FB-11489,TRX-16454,3.0,5,Excelente,SI,1,23.0,-77.1,True
FB-11490,TRX-11117,1.0,3,Lento,NO,Sí,47.0,92.4,True
FB-11491,TRX-17925,5.0,5,Excelente,SI,0,47.0,-23.3,False
FB-11492,TRX-16168,5.0,2,Dañado,NO,1,23.0,49.1,True
FB-11493,TRX-17729,4.0,4,,SI,1,19.0,-59.2,True
FB-11494,TRX-19926,4.0,5,Excelente,SI,No,19.0,34.5,False
FB-11495,TRX-12955,2.0,3,,,No,27.0,34.3,False
FB-11496,TRX-19437,4.0,2,---,SI,No,78.0,-43.6,False
FB-11497,TRX-18306,4.0,1,No volvería,NO,Sí,18.0,-10.9,True
FB-11498,TRX-18608,3.0,3,---,SI,0,51.0,-17.1,False
FB-11499,TRX-14247,3.0,1,Precio justo,,No,53.0,31.0,False
FB-11500,TRX-12120,1.0,5,Lento,NO,No,57.0,95.4,False
FB-11501,TRX-15309,4.0,2,Lento,,Sí,37.0,14.0,True
FB-11502,TRX-19647,4.0,4,Dañado,Maybe,1,73.0,8.9,True
FB-11503,TRX-19514,5.0,3,Lento,NO,Sí,34.0,-32.4,True
FB-11504,TRX-15703,3.0,2,Dañado,Maybe,1,77.0,35.6,True
FB-11505,TRX-19576,5.0,2,Dañado,NO,Sí,56.0,69.2,True
FB-11506,TRX-16615,4.0,4,Precio justo,Maybe,No,22.0,-80.3,False
FB-11507,TRX-11107,3.0,5,Dañado,SI,0,82.0,-51.7,False
FB-11508,TRX-10736,4.0,4,Precio justo,Maybe,0,35.0,18.6,False
FB-11509,TRX-10483,2.0,4,,,Sí,79.0,-83.2,True
FB-11510,TRX-12607,5.0,4,---,,No,31.0,-30.5,False
FB-11511,TRX-13796,3.0,1,,Maybe,0,24.0,-4.1,False
FB-11512,TRX-11581,3.0,3,Dañado,SI,Sí,34.0,61.2,True
FB-11513,TRX-11740,4.0,4,,Maybe,1,30.0,5.3,True
FB-11514,TRX-18182,4.0,3,Excelente,NO,No,41.0,-24.0,False
FB-11515,TRX-17805,1.0,4,---,NO,No,80.0,-70.5,False
FB-11516,TRX-15302,1.0,5,Precio justo,Maybe,No,29.0,-59.5,False
FB-11517,TRX-13793,5.0,5,No volvería,Maybe,0,35.0,3.6,False
FB-11518,TRX-13876,3.0,4,Excelente,NO,0,40.0,60.9,False
FB-11519,TRX-11727,4.0,2,Dañado,NO,No,39.0,-20.2,False
FB-11520,TRX-12850,5.0,3,No volvería,Maybe,0,42.0,-54.4,False
FB-11521,TRX-16292,3.0,5,Precio justo,SI,1,61.0,-24.2,True
FB-11522,TRX-16882,4.0,1,No volvería,SI,0,42.0,-88.9,False
FB-11523,TRX-11054,1.0,2,---,NO,0,38.0,6.2,False
FB-11524,TRX-11014,3.0,5,No volvería,,No,46.0,-85.1,False
FB-11525,TRX-14103,4.0,2,Dañado,SI,No,77.0,70.0,False
FB-11526,TRX-11875,5.0,3,---,Maybe,Sí,25.0,52.6,True
FB-11527,TRX-10613,5.0,2,Excelente,NO,Sí,22.0,40.7,True
FB-11528,TRX-11194,2.0,1,---,SI,1,83.0,89.0,True
FB-11529,TRX-17234,3.0,2,No volvería,SI,1,69.0,77.8,True
FB-11530,TRX-16132,5.0,5,---,SI,Sí,40.0,-99.5,True
FB-11531,TRX-19937,3.0,1,---,,0,19.0,55.8,False
FB-11532,TRX-10482,5.0,3,---,NO,Sí,66.0,17.1,True
FB-11533,TRX-12851,3.0,5,Excelente,Maybe,Sí,57.0,-12.9,True
FB-11534,TRX-15261,3.0,3,,Maybe,1,78.0,-42.6,True
FB-11535,TRX-11763,3.0,4,No volvería,NO,1,48.0,-60.8,True
FB-11536,TRX-17364,2.0,5,Precio justo,,0,24.0,76.5,False
FB-11537,TRX-16187,1.0,2,Dañado,SI,No,42.0,-27.4,False
FB-11538,TRX-12182,3.0,3,No volvería,,No,75.0,-10.4,False
FB-11539,TRX-19400,1.0,2,Dañado,Maybe,Sí,78.0,42.6,True
FB-11540,TRX-19117,1.0,1,,SI,0,31.0,57.2,False
FB-11541,TRX-13272,1.0,3,,Maybe,No,23.0,25.1,False
FB-11542,TRX-13206,5.0,3,Excelente,Maybe,No,40.0,-16.1,False
FB-11543,TRX-14136,4.0,1,No volvería,Maybe,1,53.0,-87.2,True
FB-11544,TRX-18046,1.0,1,Precio justo,,No,84.0,22.3,False
FB-11545,TRX-17168,3.0,1,Lento,SI,1,62.0,69.3,True
FB-11546,TRX-14687,4.0,1,Excelente,SI,No,61.0,-90.9,False
FB-11547,TRX-13694,5.0,4,---,,1,26.0,-29.4,True
FB-11548,TRX-13296,2.0,3,Dañado,SI,0,29.0,-50.5,False
FB-11549,TRX-12655,1.0,4,Excelente,SI,0,82.0,8.1,False
FB-11550,TRX-17111,1.0,4,Precio justo,SI,Sí,73.0,-97.8,True
FB-11551,TRX-18659,5.0,2,,,1,38.0,76.5,True
FB-11552,TRX-13150,3.0,3,Dañado,NO,Sí,79.0,58.3,True
FB-11553,TRX-11409,3.0,3,Dañado,Maybe,1,38.0,-79.2,True
FB-11554,TRX-19537,4.0,3,---,Maybe,Sí,19.0,78.5,True
FB-11555,TRX-10397,4.0,3,Dañado,,1,25.0,53.5,True
FB-11556,TRX-11576,3.0,1,Lento,NO,Sí,29.0,91.3,True
FB-11557,TRX-13334,2.0,5,---,Maybe,0,39.0,-48.3,False
FB-11558,TRX-10544,3.0,2,,NO,0,66.0,71.0,False
FB-11559,TRX-12302,2.0,2,,NO,No,26.0,-70.9,False
FB-11560,TRX-10085,5.0,1,Lento,,Sí,61.0,39.3,True
FB-11561,TRX-15891,2.0,4,Dañado,NO,1,55.0,-85.6,True
FB-11562,TRX-16685,5.0,5,---,Maybe,0,20.0,42.8,False
FB-11563,TRX-19310,1.0,2,Lento,NO,Sí,19.0,-69.6,True
FB-11564,TRX-18955,3.0,4,Dañado,Maybe,0,20.0,47.0,False
FB-11565,TRX-11179,4.0,3,Precio justo,SI,Sí,32.0,-12.1,True
FB-11566,TRX-15582,1.0,5,Dañado,,Sí,67.0,-73.1,True
FB-11567,TRX-13036,4.0,5,---,SI,0,43.0,14.3,False
FB-11568,TRX-18653,2.0,3,Lento,NO,No,25.0,-95.1,False
FB-11569,TRX-18129,3.0,2,Precio justo,NO,0,70.0,-52.6,False
FB-11570,TRX-13115,3.0,5,Precio justo,,Sí,22.0,-41.5,True
FB-11571,TRX-13399,3.0,1,Lento,SI,Sí,63.0,98.4,True
FB-11572,TRX-19344,1.0,1,---,SI,Sí,56.0,58.9,True
FB-11573,TRX-17761,5.0,1,Dañado,SI,Sí,49.0,-37.6,True
FB-11574,TRX-18205,2.0,5,Lento,,No,77.0,-27.0,False
FB-11575,TRX-15768,1.0,2,Excelente,NO,Sí,34.0,-12.3,True
FB-11576,TRX-15840,1.0,4,Lento,SI,0,40.0,57.8,False
FB-11577,TRX-19153,5.0,2,Precio justo,NO,1,74.0,36.2,True
FB-11578,TRX-12258,4.0,4,Dañado,NO,No,61.0,8.3,False
FB-11579,TRX-11100,4.0,5,No volvería,NO,Sí,62.0,-10.6,True
FB-11580,TRX-17190,3.0,3,Dañado,,1,65.0,-49.1,True
FB-11581,TRX-17004,1.0,4,Precio justo,Maybe,1,32.0,-9.3,True
FB-11582,TRX-16162,5.0,4,,,No,55.0,55.3,False
FB-11583,TRX-11161,5.0,2,Dañado,NO,No,25.0,-10.5,False
FB-11584,TRX-19324,4.0,5,Precio justo,,1,63.0,4.8,True
FB-11585,TRX-11280,5.0,2,No volvería,SI,Sí,56.0,-32.3,True
FB-11586,TRX-12083,4.0,5,---,SI,No,68.0,-2.9,False
FB-11587,TRX-18474,4.0,4,,,0,51.0,52.0,False
FB-11588,TRX-14886,1.0,3,,NO,1,53.0,84.4,True
FB-11589,TRX-11653,2.0,5,Lento,Maybe,No,37.0,-0.8,False
FB-11590,TRX-11932,3.0,4,,Maybe,No,30.0,-70.4,False
FB-11591,TRX-18170,2.0,3,Excelente,NO,Sí,61.0,54.9,True
FB-11592,TRX-13777,5.0,2,---,Maybe,0,62.0,51.8,False
FB-11593,TRX-10843,2.0,2,Dañado,NO,No,64.0,35.2,False
FB-11594,TRX-19854,2.0,5,No volvería,,0,38.0,16.7,False
FB-11595,TRX-18856,4.0,5,Dañado,SI,1,40.0,-35.9,True
FB-11596,TRX-15421,1.0,5,Excelente,,1,63.0,49.6,True
FB-11597,TRX-10369,5.0,2,Excelente,Maybe,1,20.0,96.8,True
FB-11598,TRX-13670,3.0,5,Excelente,NO,No,57.0,-6.2,False
FB-11599,TRX-14749,4.0,4,No volvería,Maybe,0,81.0,-67.4,False
FB-11600,TRX-14118,3.0,1,,Maybe,0,50.0,-55.0,False
FB-11601,TRX-16396,3.0,1,Excelente,Maybe,No,67.0,-48.6,False
FB-11602,TRX-15863,1.0,5,Excelente,,0,37.0,27.2,False
FB-11603,TRX-11113,2.0,4,,,1,56.0,53.4,True
FB-11604,TRX-12586,2.0,4,Excelente,SI,1,39.0,-30.1,True
FB-11605,TRX-14719,1.0,4,Excelente,,No,63.0,46.3,False
FB-11606,TRX-11225,5.0,3,,SI,Sí,49.0,-82.4,True
FB-11607,TRX-18755,4.0,4,No volvería,Maybe,Sí,43.0,79.4,True
FB-11608,TRX-19426,2.0,2,Dañado,SI,1,61.0,-86.5,True
FB-11609,TRX-13955,1.0,2,No volvería,SI,0,25.0,60.5,False
FB-11610,TRX-18482,4.0,4,,,No,78.0,42.1,False
FB-11611,TRX-18192,4.0,1,No volvería,,0,28.0,29.1,False
FB-11612,TRX-15115,1.0,3,Excelente,Maybe,1,76.0,-87.8,True
FB-11613,TRX-16540,2.0,2,Lento,,Sí,33.0,3.9,True
FB-11614,TRX-10928,5.0,2,,,1,27.0,-75.5,True
FB-11615,TRX-18944,2.0,2,Dañado,,No,76.0,-12.1,False
FB-11616,TRX-11816,2.0,3,---,Maybe,No,70.0,-66.1,False
FB-11617,TRX-19548,2.0,4,Dañado,,1,58.0,-69.1,True
FB-11618,TRX-17716,2.0,3,---,Maybe,0,22.0,14.5,False
FB-11619,TRX-14309,3.0,4,Lento,NO,1,20.0,-43.2,True
FB-11620,TRX-10491,1.0,5,---,SI,1,45.0,54.2,True
FB-11621,TRX-10528,5.0,2,Dañado,NO,0,41.0,-49.4,False
FB-11622,TRX-15538,5.0,1,,NO,0,55.0,-32.8,False
FB-11623,TRX-16904,3.0,3,Excelente,NO,0,83.0,18.3,False
FB-11624,TRX-14274,5.0,3,Excelente,SI,0,79.0,-98.3,False
FB-11625,TRX-13285,3.0,2,Excelente,,Sí,23.0,68.3,True
FB-11626,TRX-15481,3.0,2,Excelente,Maybe,No,36.0,-81.7,False
FB-11627,TRX-10973,5.0,1,Precio justo,,Sí,35.0,-94.6,True
FB-11628,TRX-12282,5.0,1,Excelente,SI,1,79.0,54.6,True
FB-11629,TRX-13346,2.0,2,Precio justo,Maybe,0,55.0,59.9,False
FB-11630,TRX-18963,3.0,4,,NO,No,56.0,27.4,False
FB-11631,TRX-15400,4.0,2,Dañado,NO,0,37.0,66.3,False
FB-11632,TRX-11021,1.0,1,Dañado,NO,0,73.0,83.5,False
FB-11633,TRX-13860,2.0,2,Precio justo,,Sí,72.0,-55.1,True
FB-11634,TRX-18086,3.0,1,Dañado,,1,19.0,-10.1,True
FB-11635,TRX-11194,2.0,5,No volvería,NO,1,33.0,-19.0,True
FB-11636,TRX-19238,2.0,4,Lento,NO,1,24.0,-66.3,True
FB-11637,TRX-19994,1.0,1,No volvería,Maybe,0,77.0,-46.9,False
FB-11638,TRX-10579,5.0,3,Precio justo,NO,No,47.0,-18.2,False
FB-11639,TRX-15666,5.0,3,Lento,NO,Sí,52.0,-79.7,True
FB-11640,TRX-11159,1.0,4,,Maybe,0,56.0,51.4,False
FB-11641,TRX-16819,2.0,4,Precio justo,SI,0,60.0,21.8,False
FB-11642,TRX-19800,3.0,3,Excelente,,Sí,33.0,84.6,True
FB-11643,TRX-11320,5.0,5,Lento,NO,1,33.0,-93.8,True
FB-11644,TRX-19034,4.0,5,Precio justo,Maybe,Sí,41.0,30.1,True
FB-11645,TRX-17844,3.0,1,Excelente,,0,31.0,57.0,False
FB-11646,TRX-12121,2.0,4,Dañado,NO,No,33.0,2.1,False
FB-11647,TRX-14432,4.0,3,Precio justo,Maybe,0,49.0,93.2,False
FB-11648,TRX-10683,3.0,4,,SI,Sí,69.0,-92.3,True
FB-11649,TRX-11704,1.0,3,Lento,,Sí,19.0,4.9,True
FB-11650,TRX-10583,4.0,3,Dañado,NO,Sí,49.0,-37.4,True
FB-11651,TRX-18136,2.0,1,Precio justo,NO,1,60.0,94.7,True
FB-11652,TRX-18316,4.0,4,Precio justo,SI,1,35.0,91.4,True
FB-11653,TRX-13690,1.0,5,Dañado,,Sí,59.0,-80.6,True
FB-11654,TRX-15738,5.0,4,,,No,80.0,-21.4,False
FB-11655,TRX-17069,5.0,3,---,SI,Sí,26.0,-55.9,True
FB-11656,TRX-17824,5.0,5,---,SI,0,26.0,66.0,False
FB-11657,TRX-14971,1.0,3,,,Sí,34.0,82.4,True
FB-11658,TRX-13731,3.0,4,Excelente,Maybe,1,22.0,77.1,True
FB-11659,TRX-10351,1.0,3,Lento,NO,Sí,31.0,-28.6,True
FB-11660,TRX-10906,4.0,2,,,Sí,41.0,-39.6,True
FB-11661,TRX-10431,3.0,5,Excelente,Maybe,Sí,48.0,35.3,True
FB-11662,TRX-13214,5.0,1,---,SI,0,80.0,86.2,False
FB-11663,TRX-18752,1.0,2,Lento,NO,1,43.0,-87.7,True
FB-11664,TRX-19963,2.0,3,---,SI,No,34.0,-88.5,False
FB-11665,TRX-16215,5.0,4,Dañado,SI,Sí,21.0,-19.3,True
FB-11666,TRX-10296,2.0,3,Excelente,Maybe,0,24.0,-16.3,False
FB-11667,TRX-19052,3.0,1,,Maybe,Sí,20.0,-1.4,True
FB-11668,TRX-17899,5.0,4,No volvería,,1,58.0,-0.1,True
FB-11669,TRX-10854,1.0,5,No volvería,,0,38.0,-7.2,False
FB-11670,TRX-16342,2.0,5,Precio justo,NO,0,77.0,56.5,False
FB-11671,TRX-16180,1.0,3,Excelente,Maybe,0,61.0,53.0,False
FB-11672,TRX-12051,5.0,2,,NO,1,55.0,50.1,True
FB-11673,TRX-17040,1.0,4,Precio justo,,No,40.0,-34.7,False
FB-11674,TRX-16993,5.0,2,,SI,Sí,78.0,-96.3,True
FB-11675,TRX-19003,4.0,3,Excelente,NO,0,38.0,64.5,False
FB-11676,TRX-12257,1.0,4,Lento,,1,20.0,85.4,True
FB-11677,TRX-11893,4.0,5,Lento,SI,0,65.0,14.8,False
FB-11678,TRX-17175,2.0,5,Dañado,,No,28.0,-75.9,False
FB-11679,TRX-11933,1.0,3,---,,0,30.0,-68.4,False
FB-11680,TRX-16024,1.0,4,No volvería,Maybe,0,26.0,71.4,False
FB-11681,TRX-15763,2.0,3,No volvería,SI,No,68.0,32.6,False
FB-11682,TRX-13172,1.0,5,Dañado,Maybe,1,83.0,-50.8,True
FB-11683,TRX-15621,5.0,1,Dañado,,1,40.0,-62.7,True
FB-11684,TRX-17152,4.0,2,Dañado,,Sí,51.0,-41.6,True
FB-11685,TRX-10949,3.0,3,,NO,0,84.0,-38.4,False
FB-11686,TRX-13902,5.0,1,Dañado,,Sí,43.0,63.5,True
FB-11687,TRX-13801,3.0,5,Excelente,NO,Sí,78.0,79.4,True
FB-11688,TRX-11507,2.0,3,Dañado,NO,0,82.0,-49.7,False
FB-11689,TRX-19643,2.0,5,Precio justo,SI,0,29.0,-61.6,False
FB-11690,TRX-10164,1.0,5,---,Maybe,No,22.0,10.6,False
FB-11691,TRX-13721,5.0,3,Dañado,NO,Sí,77.0,13.5,True
FB-11692,TRX-16767,3.0,1,Excelente,,0,68.0,-54.6,False
FB-11693,TRX-18785,4.0,3,No volvería,,No,69.0,63.6,False
FB-11694,TRX-19306,5.0,5,No volvería,SI,0,72.0,84.0,False
FB-11695,TRX-10750,2.0,4,No volvería,SI,Sí,64.0,-83.7,True
FB-11696,TRX-10244,5.0,5,---,SI,0,45.0,51.9,False
FB-11697,TRX-14094,4.0,3,Excelente,NO,0,60.0,0.3,False
FB-11698,TRX-10931,5.0,1,---,SI,1,74.0,-60.9,True
FB-11699,TRX-11255,1.0,5,Dañado,,No,52.0,-14.2,False
FB-11700,TRX-10928,4.0,1,Lento,Maybe,0,35.0,1.2,False
FB-11701,TRX-12076,3.0,1,No volvería,,1,66.0,17.2,True
FB-11702,TRX-17185,2.0,2,No volvería,Maybe,0,21.0,-93.2,False
FB-11703,TRX-12958,5.0,1,Lento,,Sí,45.0,39.3,True
FB-11704,TRX-14630,4.0,5,Dañado,NO,Sí,81.0,1.7,True
FB-11705,TRX-10716,1.0,5,No volvería,SI,1,24.0,28.0,True
FB-11706,TRX-15146,1.0,3,Dañado,,0,29.0,70.0,False
FB-11707,TRX-15728,3.0,3,Precio justo,,1,59.0,13.1,True
FB-11708,TRX-19869,2.0,1,Lento,,0,55.0,79.1,False
FB-11709,TRX-14001,1.0,4,Excelente,NO,No,35.0,58.6,False
FB-11710,TRX-14790,2.0,5,---,SI,No,45.0,25.9,False
FB-11711,TRX-12125,4.0,1,Dañado,NO,0,81.0,16.3,False
FB-11712,TRX-19930,5.0,3,Lento,,0,55.0,-13.6,False
FB-11713,TRX-16517,3.0,5,---,NO,No,76.0,75.9,False
FB-11714,TRX-17843,1.0,2,Lento,Maybe,1,49.0,-17.3,True
FB-11715,TRX-12005,5.0,3,Lento,SI,No,67.0,-95.8,False
FB-11716,TRX-11258,1.0,2,,Maybe,1,20.0,-93.2,True
FB-11717,TRX-11251,3.0,5,Excelente,,1,72.0,85.1,True
FB-11718,TRX-14099,1.0,4,,Maybe,No,36.0,-76.2,False
FB-11719,TRX-18907,3.0,1,No volvería,,No,35.0,57.4,False
FB-11720,TRX-13372,5.0,1,---,SI,Sí,47.0,70.0,True
FB-11721,TRX-18108,4.0,4,Precio justo,NO,1,69.0,10.3,True
FB-11722,TRX-15848,3.0,1,No volvería,SI,No,46.0,68.0,False
FB-11723,TRX-13609,4.0,1,Dañado,SI,No,34.0,-78.7,False
FB-11724,TRX-17266,2.0,2,Lento,Maybe,0,36.0,99.8,False
FB-11725,TRX-14959,5.0,1,No volvería,Maybe,1,73.0,19.4,True
FB-11726,TRX-16011,3.0,2,Excelente,,Sí,31.0,70.6,True
FB-11727,TRX-19034,5.0,1,Excelente,SI,No,33.0,-45.4,False
FB-11728,TRX-14795,4.0,1,,,Sí,80.0,-37.7,True
FB-11729,TRX-14001,4.0,3,,SI,Sí,35.0,-69.3,True
FB-11730,TRX-18631,5.0,4,Precio justo,NO,1,57.0,43.3,True
FB-11731,TRX-14383,5.0,3,No volvería,Maybe,Sí,30.0,-95.3,True
FB-11732,TRX-15224,4.0,1,,Maybe,No,81.0,-78.4,False
FB-11733,TRX-18870,5.0,2,,,Sí,66.0,-65.4,True
FB-11734,TRX-18248,4.0,1,Excelente,Maybe,No,41.0,38.2,False
FB-11735,TRX-11710,2.0,5,,SI,Sí,44.0,30.9,True
FB-11736,TRX-10884,4.0,5,---,SI,Sí,60.0,24.3,True
FB-11737,TRX-15679,1.0,5,Excelente,NO,Sí,27.0,-17.5,True
FB-11738,TRX-16731,4.0,5,,Maybe,1,30.0,86.9,True
FB-11739,TRX-17966,2.0,1,Precio justo,Maybe,Sí,78.0,92.6,True
FB-11740,TRX-14583,4.0,5,Dañado,NO,1,39.0,-26.1,True
FB-11741,TRX-11285,5.0,4,No volvería,NO,0,71.0,5.2,False
FB-11742,TRX-13335,2.0,1,Dañado,,1,23.0,38.9,True
FB-11743,TRX-12246,3.0,3,Lento,,1,67.0,-46.4,True
FB-11744,TRX-18535,4.0,1,---,NO,Sí,38.0,52.6,True
FB-11745,TRX-13777,5.0,2,Dañado,Maybe,Sí,61.0,53.9,True
FB-11746,TRX-14996,3.0,4,Excelente,Maybe,No,24.0,0.2,False
FB-11747,TRX-19059,3.0,1,Excelente,Maybe,No,52.0,-16.9,False
FB-11748,TRX-13453,3.0,3,---,Maybe,No,81.0,28.2,False
FB-11749,TRX-12011,1.0,2,Dañado,NO,Sí,47.0,-96.7,True
FB-11750,TRX-16101,3.0,2,Dañado,NO,1,75.0,71.2,True
FB-11751,TRX-12325,5.0,3,Lento,,No,75.0,72.9,False
FB-11752,TRX-10587,1.0,3,,NO,No,38.0,1.0,False
FB-11753,TRX-13851,5.0,3,Lento,Maybe,1,58.0,-96.7,True
FB-11754,TRX-17213,5.0,3,No volvería,NO,No,28.0,-25.7,False
FB-11755,TRX-17434,2.0,5,Excelente,,Sí,64.0,-9.0,True
FB-11756,TRX-11871,3.0,4,No volvería,Maybe,0,42.0,68.1,False
FB-11757,TRX-10348,4.0,3,No volvería,NO,0,49.0,-93.1,False
FB-11758,TRX-18174,2.0,5,Dañado,NO,No,44.0,1.6,False
FB-11759,TRX-10553,4.0,1,Excelente,SI,0,63.0,-8.1,False
FB-11760,TRX-14428,3.0,2,No volvería,Maybe,0,29.0,-55.7,False
FB-11761,TRX-14554,5.0,1,Dañado,Maybe,Sí,30.0,-51.3,True
FB-11762,TRX-19637,2.0,1,Precio justo,,Sí,29.0,16.2,True
FB-11763,TRX-16294,1.0,5,---,,1,66.0,93.7,True
FB-11764,TRX-14921,5.0,5,Lento,,No,52.0,58.6,False
FB-11765,TRX-11384,1.0,3,Dañado,,0,35.0,0.0,False
FB-11766,TRX-10978,5.0,3,Dañado,SI,1,84.0,14.8,True
FB-11767,TRX-14572,5.0,5,No volvería,,No,60.0,14.8,False
FB-11768,TRX-19990,3.0,4,Dañado,SI,Sí,65.0,40.3,True
FB-11769,TRX-16290,2.0,3,,,1,43.0,-32.5,True
FB-11770,TRX-18115,4.0,1,Dañado,Maybe,1,82.0,35.2,True
FB-11771,TRX-10308,3.0,3,,SI,No,68.0,-49.1,False
FB-11772,TRX-16268,4.0,3,No volvería,Maybe,No,26.0,60.6,False
FB-11773,TRX-16302,5.0,4,Dañado,,0,49.0,88.1,False
FB-11774,TRX-17274,1.0,5,,,0,74.0,12.2,False
FB-11775,TRX-10727,4.0,4,Lento,SI,No,79.0,-85.7,False
FB-11776,TRX-13677,1.0,3,Excelente,,0,48.0,42.4,False
FB-11777,TRX-13370,4.0,4,---,,No,70.0,85.5,False
FB-11778,TRX-16214,1.0,3,No volvería,Maybe,0,73.0,88.8,False
FB-11779,TRX-13021,3.0,4,Precio justo,SI,1,61.0,82.2,True
FB-11780,TRX-17062,4.0,2,Precio justo,,Sí,79.0,12.7,True
FB-11781,TRX-18724,3.0,2,,,0,77.0,83.6,False
FB-11782,TRX-10856,3.0,3,Excelente,,Sí,56.0,-46.4,True
FB-11783,TRX-14999,1.0,4,Lento,,1,24.0,-71.2,True
FB-11784,TRX-10512,4.0,3,Dañado,,1,69.0,-4.7,True
FB-11785,TRX-18872,4.0,4,,Maybe,No,62.0,-93.8,False
FB-11786,TRX-15698,2.0,5,Precio justo,NO,0,22.0,-84.5,False
FB-11787,TRX-10425,1.0,4,Dañado,SI,No,49.0,20.3,False
FB-11788,TRX-19973,4.0,4,Lento,NO,1,58.0,40.8,True
FB-11789,TRX-15508,5.0,3,No volvería,SI,No,31.0,-72.3,False
FB-11790,TRX-14301,2.0,4,Excelente,,Sí,25.0,-31.7,True
FB-11791,TRX-19682,4.0,3,,,0,58.0,61.6,False
FB-11792,TRX-13547,1.0,3,Lento,,No,27.0,-59.8,False
FB-11793,TRX-10448,5.0,1,Precio justo,SI,Sí,25.0,78.1,True
FB-11794,TRX-15586,4.0,3,Precio justo,Maybe,0,69.0,12.3,False
FB-11795,TRX-17111,3.0,4,Excelente,Maybe,0,69.0,18.7,False
FB-11796,TRX-17004,3.0,2,No volvería,Maybe,1,54.0,-70.0,True
FB-11797,TRX-10935,5.0,5,Lento,Maybe,No,53.0,-87.7,False
FB-11798,TRX-11789,5.0,4,Precio justo,SI,1,38.0,-27.5,True
FB-11799,TRX-19065,5.0,4,,,Sí,61.0,-81.0,True
FB-11800,TRX-16358,5.0,4,Precio justo,,0,50.0,-80.0,False
FB-11801,TRX-14709,1.0,1,No volvería,Maybe,Sí,64.0,89.8,True
FB-11802,TRX-18761,3.0,2,---,SI,0,83.0,-86.4,False
FB-11803,TRX-17594,4.0,4,Precio justo,,1,36.0,-12.1,True
FB-11804,TRX-16944,4.0,3,---,Maybe,No,41.0,51.2,False
FB-11805,TRX-19381,3.0,2,Precio justo,SI,1,68.0,-43.1,True
FB-11806,TRX-19311,4.0,2,Dañado,NO,0,18.0,-0.4,False
FB-11807,TRX-18501,3.0,4,---,,Sí,35.0,-28.0,True
FB-11808,TRX-14261,2.0,3,Excelente,Maybe,1,68.0,42.7,True
FB-11809,TRX-12663,3.0,2,,Maybe,0,56.0,22.0,False
FB-11810,TRX-16247,4.0,5,Dañado,Maybe,0,76.0,-38.2,False
FB-11811,TRX-17656,2.0,3,Precio justo,Maybe,0,28.0,26.3,False
FB-11812,TRX-13903,4.0,2,No volvería,Maybe,0,45.0,-99.4,False
FB-11813,TRX-12160,1.0,2,---,NO,Sí,28.0,34.2,True
FB-11814,TRX-10248,4.0,3,,SI,0,70.0,56.3,False
FB-11815,TRX-14598,2.0,1,Excelente,SI,Sí,51.0,-98.6,True
FB-11816,TRX-14495,3.0,3,Lento,Maybe,Sí,74.0,32.1,True
FB-11817,TRX-11401,4.0,5,Lento,,No,18.0,10.0,False
FB-11818,TRX-14094,3.0,1,No volvería,NO,Sí,32.0,-43.4,True
FB-11819,TRX-18893,4.0,4,Lento,Maybe,No,41.0,-60.4,False
FB-11820,TRX-14846,5.0,1,,Maybe,Sí,57.0,91.5,True
FB-11821,TRX-15530,4.0,5,Dañado,Maybe,1,74.0,-3.7,True
FB-11822,TRX-19356,5.0,5,Precio justo,Maybe,Sí,83.0,-8.4,True
FB-11823,TRX-16465,4.0,5,Lento,SI,Sí,83.0,69.3,True
FB-11824,TRX-10632,4.0,2,,,No,84.0,-23.5,False
FB-11825,TRX-14493,5.0,1,,,Sí,41.0,61.1,True
FB-11826,TRX-15926,1.0,5,---,Maybe,0,68.0,13.5,False
FB-11827,TRX-14403,3.0,1,,Maybe,No,73.0,-57.8,False
FB-11828,TRX-14104,2.0,1,,Maybe,1,61.0,-29.8,True
FB-11829,TRX-19961,4.0,4,---,Maybe,No,78.0,-95.4,False
FB-11830,TRX-10202,2.0,4,Dañado,NO,Sí,43.0,-12.0,True
FB-11831,TRX-12036,1.0,4,Excelente,,Sí,82.0,87.3,True
FB-11832,TRX-15028,4.0,2,No volvería,NO,1,18.0,26.4,True
FB-11833,TRX-19313,5.0,2,,SI,Sí,20.0,15.6,True
FB-11834,TRX-15259,5.0,4,---,NO,0,47.0,73.9,False
FB-11835,TRX-14333,4.0,5,Excelente,NO,0,50.0,-75.6,False
FB-11836,TRX-12929,5.0,3,Excelente,NO,No,38.0,59.3,False
FB-11837,TRX-17271,1.0,2,Dañado,SI,Sí,32.0,39.5,True
FB-11838,TRX-17581,3.0,3,,,0,80.0,5.9,False
FB-11839,TRX-10282,3.0,2,,NO,1,77.0,-23.0,True
FB-11840,TRX-17207,1.0,1,---,,No,64.0,-92.9,False
FB-11841,TRX-10145,5.0,5,Lento,,1,82.0,23.6,True
FB-11842,TRX-17642,3.0,2,Dañado,SI,Sí,68.0,13.9,True
FB-11843,TRX-10606,5.0,1,Lento,,0,50.0,-43.1,False
FB-11844,TRX-15877,5.0,5,Precio justo,SI,No,26.0,-45.1,False
FB-11845,TRX-17867,2.0,2,No volvería,NO,0,48.0,-28.5,False
FB-11846,TRX-19119,3.0,5,Precio justo,,Sí,46.0,-13.3,True
FB-11847,TRX-13569,5.0,2,---,Maybe,1,27.0,47.6,True
FB-11848,TRX-16694,2.0,4,,Maybe,Sí,26.0,2.5,True
FB-11849,TRX-10959,1.0,2,Lento,Maybe,Sí,62.0,-70.0,True
FB-11850,TRX-19495,3.0,2,---,NO,Sí,20.0,78.3,True
FB-11851,TRX-11303,1.0,1,Lento,,0,44.0,-4.2,False
FB-11852,TRX-14529,1.0,4,Excelente,,1,49.0,79.5,True
FB-11853,TRX-19999,4.0,3,Lento,,0,25.0,22.6,False
FB-11854,TRX-19034,3.0,5,Excelente,,0,35.0,13.8,False
FB-11855,TRX-15145,1.0,3,,Maybe,No,43.0,-33.2,False
FB-11856,TRX-11049,1.0,3,Excelente,NO,0,77.0,94.3,False
FB-11857,TRX-17216,1.0,4,No volvería,NO,Sí,21.0,96.7,True
FB-11858,TRX-12945,5.0,4,Lento,NO,0,50.0,-27.4,False
FB-11859,TRX-14227,3.0,4,,,1,48.0,57.9,True
FB-11860,TRX-14524,3.0,1,Precio justo,,Sí,50.0,-46.0,True
FB-11861,TRX-14252,3.0,1,Dañado,SI,1,32.0,22.8,True
FB-11862,TRX-18108,3.0,5,Excelente,,Sí,56.0,34.2,True
FB-11863,TRX-12084,3.0,4,---,,0,48.0,96.9,False
FB-11864,TRX-13726,1.0,3,,NO,No,49.0,-42.4,False
FB-11865,TRX-12858,2.0,5,Dañado,SI,No,81.0,41.2,False
FB-11866,TRX-12406,4.0,1,Excelente,SI,0,55.0,-50.9,False
FB-11867,TRX-10812,3.0,2,Precio justo,,Sí,59.0,-92.8,True
FB-11868,TRX-13812,5.0,2,Excelente,NO,1,70.0,-43.0,True
FB-11869,TRX-11875,2.0,5,---,,Sí,29.0,57.3,True
FB-11870,TRX-10630,5.0,1,No volvería,SI,1,52.0,87.4,True
FB-11871,TRX-13018,1.0,5,---,SI,0,69.0,-94.8,False
FB-11872,TRX-18302,4.0,1,Excelente,NO,0,79.0,-77.6,False
FB-11873,TRX-17214,1.0,4,---,NO,0,40.0,-26.0,False
FB-11874,TRX-19500,1.0,2,Lento,Maybe,No,18.0,-9.5,False
FB-11875,TRX-15199,3.0,3,No volvería,,Sí,76.0,85.6,True
FB-11876,TRX-10687,5.0,4,Excelente,,0,64.0,-95.8,False
FB-11877,TRX-19067,3.0,3,Excelente,,No,37.0,69.8,False
FB-11878,TRX-13734,1.0,5,Dañado,SI,No,34.0,2.9,False
FB-11879,TRX-10996,4.0,2,Excelente,NO,0,42.0,-57.1,False
FB-11880,TRX-14244,2.0,3,,,0,82.0,-60.8,False
FB-11881,TRX-14217,1.0,5,,NO,1,39.0,-90.0,True
FB-11882,TRX-10264,1.0,1,No volvería,NO,0,32.0,-50.8,False
FB-11883,TRX-15789,1.0,4,,,1,32.0,94.9,True
FB-11884,TRX-18854,5.0,1,Excelente,NO,No,80.0,59.6,False
FB-11885,TRX-10732,2.0,4,Dañado,NO,No,64.0,92.5,False
FB-11886,TRX-19839,4.0,2,Precio justo,SI,0,51.0,-69.0,False
FB-11887,TRX-13845,1.0,3,Dañado,,No,33.0,9.8,False
FB-11888,TRX-15729,2.0,1,Dañado,,0,82.0,86.4,False
FB-11889,TRX-11788,1.0,1,Excelente,,1,68.0,32.0,True
FB-11890,TRX-11269,2.0,3,Precio justo,SI,No,24.0,-96.0,False
FB-11891,TRX-18305,2.0,3,---,NO,1,25.0,-86.1,True
FB-11892,TRX-17271,5.0,5,,,No,18.0,-15.6,False
FB-11893,TRX-11854,5.0,4,No volvería,Maybe,0,49.0,-23.1,False
FB-11894,TRX-18372,2.0,5,,Maybe,Sí,62.0,77.9,True
FB-11895,TRX-11268,3.0,1,---,SI,No,25.0,56.1,False
FB-11896,TRX-13882,1.0,3,No volvería,,1,80.0,-73.6,True
FB-11897,TRX-13343,5.0,2,,NO,Sí,64.0,-82.1,True
FB-11898,TRX-15337,2.0,1,Lento,SI,1,54.0,73.4,True
FB-11899,TRX-19344,3.0,1,Dañado,NO,1,80.0,-10.0,True
FB-11900,TRX-16084,3.0,4,Dañado,NO,0,76.0,-66.1,False
FB-11901,TRX-16815,2.0,5,Lento,Maybe,No,19.0,79.7,False
FB-11902,TRX-11169,4.0,4,---,,Sí,49.0,44.1,True
FB-11903,TRX-16987,2.0,1,Excelente,NO,Sí,84.0,-67.2,True
FB-11904,TRX-14638,4.0,3,No volvería,NO,0,39.0,21.3,False
FB-11905,TRX-12344,5.0,2,,NO,0,18.0,-6.1,False
FB-11906,TRX-10404,5.0,4,No volvería,NO,No,59.0,-48.7,False
FB-11907,TRX-15350,2.0,1,Lento,SI,0,25.0,18.2,False
FB-11908,TRX-19944,5.0,5,Lento,NO,1,34.0,-12.0,True
FB-11909,TRX-15902,2.0,4,,Maybe,Sí,65.0,12.3,True
FB-11910,TRX-15488,2.0,1,Lento,SI,0,33.0,-41.4,False
FB-11911,TRX-16686,4.0,5,Precio justo,Maybe,1,37.0,45.0,True
FB-11912,TRX-16139,1.0,5,Dañado,NO,1,47.0,-14.7,True
FB-11913,TRX-17711,2.0,2,No volvería,,0,50.0,62.6,False
FB-11914,TRX-14817,1.0,3,Excelente,Maybe,Sí,63.0,21.6,True
FB-11915,TRX-10510,3.0,2,---,,0,53.0,-51.3,False
FB-11916,TRX-12626,5.0,5,Precio justo,SI,0,57.0,-31.8,False
FB-11917,TRX-16034,3.0,4,Dañado,Maybe,1,44.0,-42.7,True
FB-11918,TRX-10730,3.0,3,---,NO,No,62.0,-28.1,False
FB-11919,TRX-14765,2.0,5,Precio justo,NO,Sí,41.0,-65.7,True
FB-11920,TRX-12458,3.0,3,Dañado,,Sí,48.0,-4.9,True
FB-11921,TRX-19686,2.0,4,Lento,,0,36.0,-90.2,False
FB-11922,TRX-10418,5.0,1,---,Maybe,No,73.0,-30.4,False
FB-11923,TRX-11740,5.0,1,Excelente,,Sí,82.0,-14.6,True
FB-11924,TRX-19978,3.0,5,Lento,NO,1,19.0,52.8,True
FB-11925,TRX-13464,2.0,5,No volvería,,1,56.0,72.5,True
FB-11926,TRX-15129,4.0,2,No volvería,SI,No,29.0,54.6,False
FB-11927,TRX-18368,4.0,5,No volvería,SI,No,47.0,-83.6,False
FB-11928,TRX-18326,1.0,1,---,SI,1,57.0,32.4,True
FB-11929,TRX-19527,1.0,1,No volvería,,0,30.0,70.5,False
FB-11930,TRX-15636,1.0,2,Precio justo,Maybe,1,35.0,5.8,True
FB-11931,TRX-13520,3.0,4,Excelente,Maybe,0,29.0,87.1,False
FB-11932,TRX-16206,2.0,3,Excelente,,Sí,71.0,76.7,True
FB-11933,TRX-19546,1.0,1,---,,Sí,71.0,75.6,True
FB-11934,TRX-10534,2.0,3,No volvería,SI,1,61.0,92.8,True
FB-11935,TRX-12458,3.0,5,Dañado,,0,83.0,53.1,False
FB-11936,TRX-16243,2.0,5,Lento,Maybe,Sí,70.0,37.2,True
FB-11937,TRX-11285,2.0,4,No volvería,SI,1,81.0,50.6,True
FB-11938,TRX-11266,3.0,3,Dañado,,1,77.0,-28.4,True
FB-11939,TRX-13679,4.0,1,,NO,0,68.0,-98.3,False
FB-11940,TRX-19263,2.0,2,Excelente,Maybe,Sí,18.0,-91.2,True
FB-11941,TRX-18249,2.0,1,Lento,SI,1,38.0,70.5,True
FB-11942,TRX-19411,5.0,3,Excelente,SI,Sí,72.0,-18.0,True
FB-11943,TRX-18982,5.0,3,Excelente,SI,1,20.0,-27.5,True
FB-11944,TRX-16849,1.0,1,Precio justo,Maybe,No,80.0,22.5,False
FB-11945,TRX-18830,1.0,1,Lento,NO,No,80.0,-72.0,False
FB-11946,TRX-11986,3.0,4,Precio justo,,1,46.0,8.8,True
FB-11947,TRX-18646,3.0,5,,Maybe,Sí,34.0,67.1,True
FB-11948,TRX-10842,5.0,4,---,SI,0,75.0,-14.9,False
FB-11949,TRX-19946,5.0,1,No volvería,,0,21.0,3.6,False
FB-11950,TRX-17738,1.0,1,Lento,Maybe,0,79.0,-67.1,False
FB-11951,TRX-18592,5.0,2,Dañado,NO,0,74.0,47.4,False
FB-11952,TRX-18525,2.0,5,Excelente,NO,0,83.0,12.4,False
FB-11953,TRX-17225,2.0,2,Excelente,,0,22.0,10.4,False
FB-11954,TRX-15192,5.0,5,Precio justo,,1,35.0,-54.9,True
FB-11955,TRX-14410,3.0,5,,Maybe,No,60.0,83.5,False
FB-11956,TRX-13195,1.0,3,Precio justo,NO,0,58.0,-31.1,False
FB-11957,TRX-19424,2.0,5,,Maybe,Sí,26.0,92.2,True
FB-11958,TRX-14801,3.0,1,Precio justo,Maybe,Sí,84.0,-31.7,True
FB-11959,TRX-13998,5.0,5,Lento,,Sí,38.0,80.1,True
FB-11960,TRX-15385,1.0,4,Excelente,NO,1,56.0,11.7,True
FB-11961,TRX-13982,1.0,3,,SI,Sí,63.0,-87.2,True
FB-11962,TRX-15930,3.0,2,,Maybe,No,82.0,90.9,False
FB-11963,TRX-13782,3.0,5,Dañado,SI,No,33.0,-33.5,False
FB-11964,TRX-17468,3.0,2,,NO,1,45.0,62.8,True
FB-11965,TRX-15157,5.0,1,---,SI,0,51.0,13.1,False
FB-11966,TRX-11890,5.0,2,,Maybe,0,40.0,-51.1,False
FB-11967,TRX-13949,3.0,5,Lento,NO,1,33.0,-71.9,True
FB-11968,TRX-17291,5.0,2,---,Maybe,No,58.0,-53.1,False
FB-11969,TRX-16716,1.0,1,Excelente,NO,No,52.0,9.0,False
FB-11970,TRX-15929,4.0,5,No volvería,Maybe,Sí,84.0,1.6,True
FB-11971,TRX-11305,5.0,2,No volvería,SI,Sí,80.0,-46.0,True
FB-11972,TRX-15766,1.0,2,---,Maybe,Sí,37.0,-68.6,True
FB-11973,TRX-19182,4.0,1,Precio justo,SI,Sí,83.0,-29.9,True
FB-11974,TRX-18284,4.0,4,,Maybe,0,23.0,-68.2,False
FB-11975,TRX-11252,3.0,4,---,Maybe,1,26.0,1.2,True
FB-11976,TRX-15935,3.0,3,Precio justo,Maybe,Sí,67.0,-13.3,True
FB-11977,TRX-17932,1.0,1,Precio justo,Maybe,0,81.0,-10.2,False
FB-11978,TRX-19915,3.0,4,Excelente,,0,68.0,-47.8,False
FB-11979,TRX-13774,4.0,2,Precio justo,Maybe,Sí,54.0,-81.3,True
FB-11980,TRX-17355,1.0,1,Dañado,,0,62.0,17.3,False
FB-11981,TRX-16862,1.0,2,Dañado,NO,Sí,48.0,94.8,True
FB-11982,TRX-13764,1.0,2,No volvería,SI,1,53.0,33.8,True
FB-11983,TRX-19328,3.0,3,Lento,SI,No,76.0,77.6,False
FB-11984,TRX-12052,3.0,3,,,1,33.0,-80.7,True
FB-11985,TRX-18808,3.0,5,Excelente,NO,Sí,70.0,-87.8,True
FB-11986,TRX-14013,5.0,1,Lento,Maybe,No,48.0,53.2,False
FB-11987,TRX-16678,5.0,4,Precio justo,SI,Sí,52.0,-9.1,True
FB-11988,TRX-19580,5.0,3,Excelente,,No,54.0,65.4,False
FB-11989,TRX-12263,1.0,1,Precio justo,NO,Sí,79.0,-3.8,True
FB-11990,TRX-19921,3.0,3,Lento,NO,0,56.0,-85.1,False
FB-11991,TRX-14264,5.0,4,No volvería,,Sí,73.0,-9.2,True
FB-11992,TRX-14700,1.0,3,Dañado,NO,0,82.0,33.2,False
FB-11993,TRX-15596,4.0,5,Dañado,SI,No,80.0,3.3,False
FB-11994,TRX-15142,5.0,1,Dañado,,Sí,46.0,-56.6,True
FB-11995,TRX-11932,1.0,1,Excelente,,1,25.0,84.8,True
FB-11996,TRX-11335,2.0,2,Precio justo,NO,1,47.0,33.1,True
FB-11997,TRX-16692,5.0,5,Dañado,,No,58.0,5.3,False
FB-11998,TRX-16898,4.0,3,Precio justo,,Sí,32.0,-5.0,True
FB-11999,TRX-18274,1.0,2,Dañado,NO,0,72.0,22.5,False
