Transaccion_ID,SKU_ID,Fecha_Venta,Cantidad_Vendida,Precio_Venta_Final,Costo_Envio,Tiempo_Entrega_Real,Estado_Envio,Ciudad_Destino,Canal_Venta
TRX-10001,PROD-1456,2025-07-29,12,686.88,67.16,29,Entregado,Ventas_Web,WhatsApp
TRX-10002,PROD-1102,2025-05-31,2,402.06,32.55,13,Perdido,Medellín,Físico
TRX-10003,PROD-2126,2026-01-23,4,665.98,62.64,12,Perdido,Medellín,Online
TRX-10004,PROD-2003,2025-10-09,5,1222.62,52.91,15,Entregado,Bogotá,App
TRX-10005,PROD-1914,2025-11-05,2,740.61,25.63,29,Retrasado,Medellín,Online
TRX-10006,PROD-1571,2025-06-20,12,1349.06,30.32,23,Desconocido,Bogotá,Físico
TRX-10007,PROD-1419,2025-11-18,8,481.5,21.21,13,Perdido,Cali,App
TRX-10008,PROD-3771,2025-11-03,1,1404.98,10.38,6,Desconocido,Medellín,App
TRX-10009,PROD-3233,2025-03-21,3,701.4,63.82,26,Desconocido,Medellín,Físico
TRX-10010,PROD-1356,2025-04-04,7,917.18,68.91,14,Entregado,Bogotá,App
TRX-10011,PROD-3418,2025-12-07,10,1119.91,20.77,3,Devuelto,Bogotá,Físico
TRX-10012,PROD-2728,2025-08-01,1,1375.59,52.345,8,Entregado,Cali,App
TRX-10013,PROD-1130,2024-12-10,13,485.04,63.46,12,Entregado,Barranquilla,Físico
TRX-10014,PROD-1122,2025-03-21,11,1673.53,98.3,14,Devuelto,Ventas_Web,Online
TRX-10015,PROD-1383,2026-01-27,2,1446.47,12.07,5,Desconocido,Bucaramanga,App
TRX-10016,PROD-1895,2025-03-04,3,475.85,51.59,2,Perdido,Ventas_Web,WhatsApp
TRX-10017,PROD-1952,2025-04-12,14,1950.2,74.64,10,Desconocido,Ventas_Web,Online
TRX-10018,PROD-3069,2024-10-06,14,1332.95,9.37,3,Devuelto,Cali,WhatsApp
TRX-10019,PROD-3465,2025-09-04,2,910.33,78.94,23,Perdido,Medellín,Online
TRX-10020,PROD-1108,2025-05-26,2,323.48,98.05,10,Retrasado,Bogotá,Online
TRX-10021,PROD-3298,2024-10-06,12,1071.11,13.41,9,Perdido,Bogotá,Online
TRX-10022,PROD-1814,2024-12-30,11,337.9,83.11,17,En Camino,Bogotá,WhatsApp
TRX-10023,PROD-3932,2024-10-25,6,864.69,40.97,28,Perdido,Ventas_Web,Online
TRX-10024,PROD-3661,2025-12-02,7,823.34,52.345,6,En Camino,Ventas_Web,App
TRX-10025,PROD-3872,2025-06-06,6,1442.68,18.69,27,Perdido,Barranquilla,App
TRX-10026,PROD-3232,2024-10-26,11,392.84,51.85,9,Devuelto,Bogotá,App
TRX-10027,PROD-2718,2024-10-11,6,1645.52,11.79,23,Perdido,Medellín,Online
TRX-10028,PROD-1902,2025-02-21,9,659.0,54.6,3,Entregado,Cali,Físico
TRX-10029,PROD-2839,2026-01-25,8,893.54,6.84,7,Perdido,Ventas_Web,Físico
TRX-10030,PROD-3413,2025-06-09,14,1546.96,74.22,12,Devuelto,Barranquilla,App
TRX-10031,PROD-2139,2025-03-05,8,1254.53,51.36,18,Devuelto,Bucaramanga,Online
TRX-10032,PROD-1026,2024-12-08,6,622.97,48.6,10,Perdido,Bogotá,WhatsApp
TRX-10033,PROD-1653,2025-08-02,5,778.54,23.64,2,Perdido,Bucaramanga,WhatsApp
TRX-10034,PROD-3859,2025-11-12,9,618.52,39.32,17,Perdido,Medellín,App
TRX-10035,PROD-2731,2025-02-06,12,1193.59,22.28,3,Desconocido,Barranquilla,Online
TRX-10036,PROD-2393,2025-09-16,2,671.92,52.345,1,Desconocido,Barranquilla,WhatsApp
TRX-10037,PROD-2138,2025-04-18,7,1454.14,74.86,8,Retrasado,Medellín,WhatsApp
TRX-10038,PROD-1636,2025-05-22,6,1163.78,23.91,13,En Camino,Medellín,WhatsApp
TRX-10039,PROD-1881,2024-11-28,7,299.96,63.59,11,Perdido,Barranquilla,Físico
TRX-10040,PROD-2378,2025-01-16,12,627.43,31.56,8,Perdido,Bogotá,Físico
TRX-10041,PROD-1418,2025-10-31,4,450.68,67.41,20,En Camino,Ventas_Web,WhatsApp
TRX-10042,PROD-1379,2025-04-12,9,786.72,56.34,1,Entregado,Bogotá,Online
TRX-10043,PROD-2556,2025-10-03,7,1036.81,45.23,2,Retrasado,Bogotá,WhatsApp
TRX-10044,PROD-1396,2025-05-30,2,1018.46,68.94,18,Retrasado,Medellín,WhatsApp
TRX-10045,PROD-2470,2025-12-12,13,1511.5,44.49,18,Entregado,Medellín,Físico
TRX-10046,PROD-2408,2025-12-08,4,386.45,83.03,9,En Camino,Bogotá,Online
TRX-10047,PROD-3472,2025-06-27,5,1893.48,74.31,7,En Camino,Cali,App
TRX-10048,PROD-2083,2025-01-12,2,692.26,52.345,9,Devuelto,Medellín,Online
TRX-10049,PROD-1177,2025-12-17,10,607.5,56.36,10,En Camino,Bogotá,Online
TRX-10050,PROD-3988,2025-08-19,8,1373.51,88.32,26,Desconocido,Cali,Físico
TRX-10051,PROD-2881,2026-01-08,1,1612.98,83.74,2,Retrasado,Cali,Online
TRX-10052,PROD-3196,2025-05-14,3,763.16,55.52,5,Desconocido,Medellín,Físico
TRX-10053,PROD-1511,2025-03-17,14,1496.23,11.5,17,Devuelto,Bogotá,Online
TRX-10054,PROD-2550,2025-10-19,1,1768.63,58.77,2,Perdido,Bogotá,Físico
TRX-10055,PROD-1322,2025-12-23,5,1535.94,38.75,20,Perdido,Bogotá,Online
TRX-10056,PROD-3261,2025-02-12,8,78.05,56.31,10,Perdido,Medellín,Online
TRX-10057,PROD-2200,2024-10-24,7,1656.46,66.48,1,Devuelto,Bogotá,Online
TRX-10058,PROD-3574,2025-03-22,9,1551.22,66.26,12,Retrasado,Barranquilla,Online
TRX-10059,PROD-3533,2024-11-28,2,1341.89,68.98,24,En Camino,Cali,App
TRX-10060,PROD-2481,2024-09-26,12,1522.44,52.345,15,Devuelto,Bucaramanga,App
TRX-10061,PROD-3364,2025-07-05,8,1959.06,69.53,6,Retrasado,Barranquilla,Físico
TRX-10062,PROD-1787,2025-06-18,8,867.91,15.38,14,En Camino,Barranquilla,App
TRX-10063,PROD-3885,2025-05-16,14,143.77,23.21,14,Entregado,Cali,WhatsApp
TRX-10064,PROD-1284,2025-06-26,6,927.17,64.9,15,Retrasado,Bogotá,App
TRX-10065,PROD-1187,2024-11-02,3,102.4,43.78,1,Desconocido,Ventas_Web,Físico
TRX-10066,PROD-3708,2025-01-21,2,595.56,77.47,25,Desconocido,Cali,WhatsApp
TRX-10067,PROD-1933,2026-01-29,14,1177.89,16.87,17,Entregado,Cali,App
TRX-10068,PROD-2185,2025-06-24,8,626.15,23.19,11,Perdido,Medellín,WhatsApp
TRX-10069,PROD-1326,2025-05-11,6,1373.94,58.05,15,Perdido,Bogotá,WhatsApp
TRX-10070,PROD-1953,2025-07-23,4,1645.75,52.57,20,Retrasado,Ventas_Web,WhatsApp
TRX-10071,PROD-1413,2024-12-17,5,846.67,30.31,16,Desconocido,Bogotá,Físico
TRX-10072,PROD-2556,2024-11-24,5,1801.27,52.345,21,Entregado,Medellín,App
TRX-10073,PROD-2138,2025-10-31,13,168.88,43.79,29,Devuelto,Bogotá,Físico
TRX-10074,PROD-2857,2025-04-02,9,1681.83,8.32,27,En Camino,Bogotá,Físico
TRX-10075,PROD-3603,2025-07-12,13,1658.86,8.52,9,Perdido,Cali,App
TRX-10076,PROD-2494,2024-10-23,13,650.77,14.02,29,Perdido,Ventas_Web,Físico
TRX-10077,PROD-1666,2025-08-18,9,604.44,59.8,12,Perdido,Barranquilla,Online
TRX-10078,PROD-2516,2025-02-15,8,617.14,87.05,2,Perdido,Cali,App
TRX-10079,PROD-2455,2025-01-07,8,1624.67,29.72,15,Desconocido,Cali,Online
TRX-10080,PROD-1858,2025-09-16,12,1664.99,8.22,28,Retrasado,Ventas_Web,App
TRX-10081,PROD-3745,2025-01-10,2,666.15,72.32,9,Desconocido,Ventas_Web,App
TRX-10082,PROD-2093,2025-06-25,14,1189.25,86.26,28,Retrasado,Barranquilla,Físico
TRX-10083,PROD-3874,2025-04-20,3,286.48,18.13,16,Entregado,Bucaramanga,Físico
TRX-10084,PROD-3799,2025-02-08,14,942.87,52.345,17,Devuelto,Medellín,Físico
TRX-10085,PROD-3654,2024-12-17,8,1997.6,41.65,20,Entregado,Medellín,WhatsApp
TRX-10086,PROD-1292,2024-11-05,13,326.09,20.08,27,Desconocido,Bucaramanga,App
TRX-10087,PROD-3495,2024-12-13,5,1895.65,15.1,23,Desconocido,Cali,WhatsApp
TRX-10088,PROD-3600,2024-11-25,7,1650.27,66.58,4,Devuelto,Bogotá,Físico
TRX-10089,PROD-1700,2025-10-05,14,1944.71,96.92,8,Retrasado,Bogotá,Online
TRX-10090,PROD-3187,2025-11-14,8,367.36,69.43,7,Perdido,Barranquilla,Online
TRX-10091,PROD-3986,2025-08-31,6,434.9,98.56,6,Entregado,Cali,App
TRX-10092,PROD-2002,2025-08-09,5,43.57,46.27,5,Devuelto,Bogotá,WhatsApp
TRX-10093,PROD-1669,2024-11-16,8,1452.16,90.3,10,En Camino,Barranquilla,App
TRX-10094,PROD-2893,2024-12-05,1,1291.75,24.48,3,Devuelto,Barranquilla,Físico
TRX-10095,PROD-2554,2025-09-30,1,364.35,16.2,24,Entregado,Medellín,WhatsApp
TRX-10096,PROD-2105,2025-01-29,1,1584.38,52.345,20,Retrasado,Ventas_Web,Online
TRX-10097,PROD-3621,2025-06-05,3,605.4,71.74,24,Perdido,Barranquilla,Físico
TRX-10098,PROD-3818,2025-11-18,10,278.64,40.28,17,En Camino,Cali,Físico
TRX-10099,PROD-3281,2025-05-11,13,850.9,35.18,16,Entregado,Medellín,Físico
TRX-10101,PROD-3804,2025-02-06,12,533.85,36.68,13,Devuelto,Medellín,Físico
TRX-10102,PROD-2328,2025-09-08,6,748.95,59.39,18,Retrasado,Cali,Online
TRX-10103,PROD-1229,2025-12-21,6,1705.21,33.45,14,Retrasado,Medellín,Físico
TRX-10104,PROD-1938,2025-10-28,5,1587.17,79.46,2,Perdido,Bucaramanga,WhatsApp
TRX-10105,PROD-1131,2025-09-12,13,891.08,34.68,12,Entregado,Ventas_Web,WhatsApp
TRX-10106,PROD-2292,2025-01-12,13,1451.9,55.82,22,Desconocido,Medellín,Online
TRX-10107,PROD-2643,2026-01-20,14,1141.61,7.2,21,Retrasado,Medellín,WhatsApp
TRX-10108,PROD-2096,2025-07-27,7,688.28,52.345,29,Devuelto,Bucaramanga,Online
TRX-10109,PROD-1271,2025-02-15,5,1454.49,80.21,26,Devuelto,Medellín,App
TRX-10110,PROD-1864,2025-12-13,14,1370.16,63.93,10,Perdido,Medellín,Físico
TRX-10111,PROD-3323,2024-10-25,2,1242.0,23.26,29,Retrasado,Barranquilla,App
TRX-10112,PROD-3940,2025-06-09,4,1239.73,25.46,7,Devuelto,Bogotá,App
TRX-10113,PROD-2288,2024-12-18,1,1369.13,29.94,2,Desconocido,Bogotá,App
TRX-10114,PROD-1870,2025-08-19,7,775.25,59.77,25,Devuelto,Bogotá,Online
TRX-10115,PROD-3684,2025-12-02,4,1739.46,57.09,18,Perdido,Bucaramanga,Físico
TRX-10116,PROD-3044,2025-06-14,13,332.99,31.02,17,Retrasado,Medellín,App
TRX-10117,PROD-2620,2025-08-08,4,1768.93,70.94,16,Perdido,Bucaramanga,Online
TRX-10118,PROD-3633,2024-10-22,13,691.14,89.46,2,Retrasado,Medellín,WhatsApp
TRX-10119,PROD-2879,2025-10-19,4,258.81,9.13,11,Devuelto,Cali,App
TRX-10120,PROD-1585,2025-05-12,3,1204.05,52.345,19,Desconocido,Cali,Online
TRX-10121,PROD-2084,2025-10-16,8,758.21,44.63,22,Entregado,Ventas_Web,Online
TRX-10122,PROD-1571,2024-12-07,4,1632.84,61.38,7,Devuelto,Bucaramanga,Online
TRX-10123,PROD-2010,2025-12-13,8,867.26,60.71,27,Entregado,Barranquilla,Online
TRX-10124,PROD-3299,2025-01-29,9,1340.44,6.86,22,Retrasado,Ventas_Web,Físico
TRX-10125,PROD-3207,2025-06-20,1,623.43,25.0,17,Retrasado,Barranquilla,WhatsApp
TRX-10126,PROD-2076,2024-12-20,4,426.81,10.87,15,En Camino,Cali,Online
TRX-10127,PROD-3394,2026-01-01,6,782.22,59.05,9,Retrasado,Barranquilla,App
TRX-10128,PROD-2754,2025-11-18,8,1217.55,66.31,12,Retrasado,Medellín,WhatsApp
TRX-10129,PROD-3390,2025-03-11,14,1317.32,20.18,8,En Camino,Ventas_Web,Físico
TRX-10130,PROD-2635,2025-01-28,6,1160.63,36.64,28,Entregado,Bogotá,App
TRX-10131,PROD-2482,2025-03-15,12,1976.23,36.33,2,Retrasado,Medellín,WhatsApp
TRX-10132,PROD-1898,2025-12-03,6,1385.27,52.345,17,Perdido,Bucaramanga,WhatsApp
TRX-10133,PROD-1566,2024-10-18,10,1863.72,82.88,16,Retrasado,Medellín,Físico
TRX-10134,PROD-3087,2024-11-22,4,244.69,23.49,23,Retrasado,Bogotá,App
TRX-10135,PROD-3021,2026-01-23,9,132.13,57.09,16,Devuelto,Bogotá,App
TRX-10136,PROD-1372,2025-10-06,7,628.88,79.38,3,Retrasado,Cali,Online
TRX-10137,PROD-1192,2024-11-28,14,281.81,83.81,19,Retrasado,Bogotá,WhatsApp
TRX-10138,PROD-1449,2025-12-04,11,1056.48,68.32,16,Perdido,Cali,App
TRX-10139,PROD-1626,2025-11-02,6,1042.77,33.46,11,En Camino,Bogotá,Físico
TRX-10140,PROD-3570,2024-10-18,1,1154.34,83.19,26,En Camino,Barranquilla,App
TRX-10141,PROD-1655,2024-12-14,2,1493.0,75.51,9,En Camino,Bogotá,Online
TRX-10142,PROD-3787,2026-01-27,12,1942.95,71.92,14,Devuelto,Medellín,WhatsApp
TRX-10143,PROD-2729,2025-09-21,6,1757.73,11.4,2,Retrasado,Medellín,Online
TRX-10144,PROD-3442,2025-09-24,11,245.55,52.345,13,Entregado,Cali,Físico
TRX-10145,PROD-1260,2024-11-21,1,683.64,9.11,5,Entregado,Bogotá,App
TRX-10146,PROD-2576,2024-10-31,11,519.09,71.06,20,Perdido,Cali,Online
TRX-10147,PROD-2563,2025-01-23,5,361.87,94.76,14,Devuelto,Barranquilla,Físico
TRX-10148,PROD-3440,2025-07-11,1,1094.0,78.5,1,Desconocido,Bogotá,Físico
TRX-10149,PROD-2917,2025-06-26,13,1111.0,83.99,6,Devuelto,Ventas_Web,Online
TRX-10150,PROD-3167,2025-11-21,3,462.22,56.77,22,Retrasado,Barranquilla,Físico
TRX-10151,PROD-2029,2025-10-01,12,1426.68,33.94,11,Desconocido,Bogotá,App
TRX-10152,PROD-3266,2025-07-23,12,1468.5,69.39,17,Entregado,Cali,App
TRX-10153,PROD-1047,2025-07-01,12,51.75,72.64,23,Devuelto,Barranquilla,App
TRX-10154,PROD-3786,2025-04-01,7,797.56,69.16,22,Perdido,Bogotá,Físico
TRX-10155,PROD-3952,2025-12-27,5,1781.38,94.94,14,Entregado,Ventas_Web,Físico
TRX-10156,PROD-1469,2025-07-11,12,1045.43,52.345,14,Devuelto,Medellín,App
TRX-10157,PROD-3792,2025-02-21,10,701.78,39.88,20,Retrasado,Cali,App
TRX-10158,PROD-3199,2025-10-11,1,514.82,8.77,7,Retrasado,Bogotá,WhatsApp
TRX-10159,PROD-2092,2025-05-13,1,494.28,91.3,19,Desconocido,Bogotá,Online
TRX-10160,PROD-3625,2026-01-09,8,208.54,20.25,26,Retrasado,Bogotá,App
TRX-10161,PROD-2393,2025-11-01,11,1636.28,71.25,27,Retrasado,Medellín,Físico
TRX-10162,PROD-1456,2025-02-15,14,182.45,87.95,22,Entregado,Bucaramanga,Online
TRX-10163,PROD-2202,2025-06-20,13,591.67,34.46,6,Entregado,Cali,Físico
TRX-10164,PROD-2780,2025-08-23,9,100.89,83.89,13,Devuelto,Ventas_Web,Físico
TRX-10165,PROD-1647,2025-02-03,7,1564.96,36.55,10,Perdido,Bogotá,WhatsApp
TRX-10166,PROD-2858,2025-03-12,13,88.17,80.45,22,En Camino,Bucaramanga,App
TRX-10167,PROD-1013,2025-11-11,3,623.52,11.63,19,En Camino,Bogotá,WhatsApp
TRX-10168,PROD-3957,2024-10-20,12,1150.86,52.345,10,Retrasado,Cali,Online
TRX-10169,PROD-3947,2025-02-05,6,825.03,67.25,5,Devuelto,Bucaramanga,Físico
TRX-10170,PROD-2078,2025-11-09,3,571.72,69.33,13,En Camino,Ventas_Web,Físico
TRX-10171,PROD-3050,2025-11-01,10,557.63,51.69,17,En Camino,Medellín,App
TRX-10172,PROD-1731,2025-12-31,4,1597.6,70.27,22,En Camino,Cali,Físico
TRX-10173,PROD-3079,2025-10-03,12,1948.22,92.7,23,En Camino,Bucaramanga,Físico
TRX-10174,PROD-1435,2025-05-21,4,702.6,74.72,5,Desconocido,Barranquilla,WhatsApp
TRX-10175,PROD-3561,2025-09-01,3,87.9,96.32,21,En Camino,Cali,App
TRX-10176,PROD-2222,2025-12-08,10,82.77,47.62,29,Desconocido,Medellín,App
TRX-10177,PROD-3617,2025-12-10,6,1520.83,55.19,22,Desconocido,Bogotá,App
TRX-10178,PROD-3079,2025-11-30,5,1109.22,30.06,7,Devuelto,Barranquilla,Físico
TRX-10179,PROD-3494,2025-05-08,11,1569.35,98.63,20,En Camino,Ventas_Web,WhatsApp
TRX-10180,PROD-1814,2025-07-06,9,1398.02,52.345,7,En Camino,Cali,Online
TRX-10181,PROD-1626,2025-07-22,9,1815.94,10.24,15,Desconocido,Ventas_Web,Físico
TRX-10182,PROD-2531,2024-10-26,3,1772.79,39.07,15,Devuelto,Bucaramanga,WhatsApp
TRX-10183,PROD-1661,2024-09-24,13,1578.77,33.28,21,Entregado,Bucaramanga,Online
TRX-10184,PROD-3209,2025-09-19,9,955.63,41.72,23,Entregado,Medellín,Físico
TRX-10185,PROD-3172,2025-04-05,13,623.17,92.18,1,Entregado,Cali,Físico
TRX-10186,PROD-1002,2024-12-25,12,1018.98,39.96,26,En Camino,Bogotá,Online
TRX-10187,PROD-3453,2025-08-16,3,1009.12,92.11,12,Devuelto,Bucaramanga,Físico
TRX-10188,PROD-2327,2025-07-27,4,1224.45,45.22,2,Entregado,Medellín,Físico
TRX-10189,PROD-3001,2025-02-04,1,380.33,86.2,18,Retrasado,Ventas_Web,Físico
TRX-10190,PROD-1079,2025-04-14,5,1314.68,54.57,15,Retrasado,Cali,WhatsApp
TRX-10191,PROD-1458,2025-05-30,12,918.64,34.58,7,Devuelto,Cali,WhatsApp
TRX-10192,PROD-2486,2025-02-16,9,1244.21,52.345,9,En Camino,Bogotá,Físico
TRX-10193,PROD-2259,2025-09-03,2,486.81,47.69,23,Desconocido,Medellín,WhatsApp
TRX-10194,PROD-1980,2025-09-05,4,874.45,45.32,28,Entregado,Barranquilla,Físico
TRX-10195,PROD-1237,2025-06-03,10,428.3,29.69,22,En Camino,Medellín,WhatsApp
TRX-10196,PROD-1986,2025-10-26,2,1751.86,32.52,3,Desconocido,Barranquilla,WhatsApp
TRX-10197,PROD-3323,2025-08-22,14,981.04,22.71,21,Entregado,Barranquilla,WhatsApp
TRX-10198,PROD-1322,2025-03-17,8,457.71,36.92,10,Perdido,Bogotá,Online
TRX-10199,PROD-1350,2025-01-25,9,92.01,64.32,2,Perdido,Medellín,Físico
TRX-10201,PROD-2990,2025-10-25,3,437.14,72.67,25,Retrasado,Bogotá,WhatsApp
TRX-10202,PROD-1283,2025-01-31,13,1979.27,98.76,22,En Camino,Cali,WhatsApp
TRX-10203,PROD-3181,2024-11-11,9,1072.06,40.82,25,Entregado,Bucaramanga,Físico
TRX-10204,PROD-1515,2024-12-24,6,585.06,52.345,25,En Camino,Ventas_Web,App
TRX-10205,PROD-1525,2025-10-07,6,1318.78,48.95,12,En Camino,Cali,Físico
TRX-10206,PROD-3702,2025-07-29,7,557.69,20.59,7,Entregado,Medellín,App
TRX-10207,PROD-2946,2025-10-17,12,1642.35,42.26,5,Retrasado,Medellín,WhatsApp
TRX-10208,PROD-3251,2025-11-29,5,623.39,74.05,4,Perdido,Ventas_Web,Online
TRX-10209,PROD-1676,2025-11-03,6,1976.61,25.65,1,Desconocido,Medellín,Físico
TRX-10210,PROD-2085,2025-04-30,11,1214.24,22.3,15,Entregado,Bogotá,App
TRX-10211,PROD-3161,2025-08-22,1,1690.38,40.76,9,En Camino,Bucaramanga,App
TRX-10212,PROD-3484,2025-08-22,3,154.9,82.77,6,Devuelto,Bucaramanga,App
TRX-10213,PROD-2733,2024-10-12,12,703.12,64.25,14,En Camino,Medellín,Físico
TRX-10214,PROD-1867,2025-04-15,9,1477.6,95.97,2,Desconocido,Bogotá,Físico
TRX-10215,PROD-3208,2024-12-22,12,1313.57,90.93,12,En Camino,Bogotá,App
TRX-10216,PROD-3989,2025-12-10,5,396.54,52.345,23,Devuelto,Bucaramanga,Online
TRX-10217,PROD-3825,2025-09-12,5,718.84,19.36,28,Desconocido,Bogotá,App
TRX-10218,PROD-1823,2025-03-14,8,534.25,9.04,6,En Camino,Bucaramanga,Online
TRX-10219,PROD-3920,2025-03-30,11,1230.61,42.91,13,Devuelto,Bogotá,Físico
TRX-10220,PROD-2276,2025-07-31,11,695.69,54.6,4,En Camino,Medellín,Físico
TRX-10221,PROD-2634,2024-09-24,13,625.02,53.98,22,Retrasado,Bogotá,Físico
TRX-10222,PROD-3751,2025-09-18,2,422.68,17.74,16,Desconocido,Medellín,WhatsApp
TRX-10223,PROD-3661,2025-11-25,13,823.96,16.86,29,Perdido,Medellín,Online
TRX-10224,PROD-2529,2025-03-09,7,399.05,9.45,11,Retrasado,Bogotá,WhatsApp
TRX-10225,PROD-2794,2025-09-25,9,1925.51,85.83,6,Entregado,Bucaramanga,Físico
TRX-10226,PROD-3119,2024-10-16,7,317.46,95.04,5,Entregado,Medellín,App
TRX-10227,PROD-2849,2025-11-09,12,1827.48,15.99,1,En Camino,Medellín,App
TRX-10228,PROD-1495,2025-12-17,5,862.66,52.345,19,Entregado,Bucaramanga,WhatsApp
TRX-10229,PROD-2015,2025-09-22,13,761.95,25.25,7,Entregado,Ventas_Web,App
TRX-10230,PROD-1920,2024-11-29,6,470.33,13.54,18,En Camino,Bucaramanga,Físico
TRX-10231,PROD-1262,2025-09-27,4,1275.16,88.36,10,En Camino,Medellín,WhatsApp
TRX-10232,PROD-2384,2025-04-04,14,1374.2,96.08,10,Perdido,Medellín,App
TRX-10233,PROD-1086,2024-12-15,12,940.47,29.87,17,Devuelto,Bogotá,WhatsApp
TRX-10234,PROD-3409,2025-12-04,7,120.86,33.84,24,En Camino,Medellín,Online
TRX-10235,PROD-3268,2025-12-03,1,1837.84,39.45,7,Perdido,Ventas_Web,WhatsApp
TRX-10236,PROD-1942,2025-04-17,4,1960.85,52.73,22,Retrasado,Ventas_Web,Online
TRX-10237,PROD-3410,2024-11-10,3,867.78,69.83,26,Entregado,Medellín,Online
TRX-10238,PROD-1902,2024-10-24,13,1231.19,52.92,21,Devuelto,Barranquilla,Online
TRX-10239,PROD-1029,2025-08-05,4,906.09,95.35,22,Desconocido,Bogotá,App
TRX-10240,PROD-1290,2025-03-11,1,650.54,52.345,1,Retrasado,Medellín,Online
TRX-10241,PROD-3899,2025-01-29,12,163.86,14.49,12,En Camino,Bogotá,App
TRX-10242,PROD-3584,2025-12-13,13,917.57,80.87,25,Retrasado,Medellín,Físico
TRX-10243,PROD-1241,2025-01-02,2,1638.59,36.78,17,Desconocido,Barranquilla,App
TRX-10244,PROD-1937,2024-10-27,12,43.89,40.87,16,Perdido,Cali,WhatsApp
TRX-10245,PROD-1276,2025-07-26,11,1168.39,72.34,20,En Camino,Bogotá,App
TRX-10246,PROD-1128,2025-04-09,13,1762.74,93.29,15,En Camino,Medellín,App
TRX-10247,PROD-2353,2025-07-20,9,442.92,73.04,29,Devuelto,Cali,App
TRX-10248,PROD-1290,2024-12-08,7,374.68,78.71,19,Perdido,Medellín,Físico
TRX-10249,PROD-3105,2025-09-26,13,1546.83,76.32,20,Entregado,Ventas_Web,App
TRX-10250,PROD-1974,2025-08-09,6,517.62,35.49,17,Retrasado,Bogotá,WhatsApp
TRX-10251,PROD-2140,2024-10-06,2,392.05,76.91,26,Desconocido,Bucaramanga,WhatsApp
TRX-10252,PROD-3740,2025-09-06,1,762.2,52.345,4,Devuelto,Ventas_Web,Online
TRX-10253,PROD-2988,2025-01-31,2,791.08,79.53,4,Desconocido,Medellín,App
TRX-10254,PROD-1877,2025-05-18,7,1749.46,55.67,3,Devuelto,Barranquilla,Físico
TRX-10255,PROD-3208,2025-06-29,2,1240.7,55.99,8,En Camino,Bogotá,Online
TRX-10256,PROD-1541,2024-11-26,3,817.86,77.17,23,Retrasado,Ventas_Web,WhatsApp
TRX-10257,PROD-3962,2025-11-28,8,1073.43,82.62,9,Devuelto,Bucaramanga,Online
TRX-10258,PROD-3338,2025-02-07,7,1908.39,37.03,2,En Camino,Ventas_Web,Físico
TRX-10259,PROD-3360,2025-06-18,12,235.3,81.15,26,En Camino,Bucaramanga,WhatsApp
TRX-10260,PROD-2936,2025-05-08,11,423.35,82.35,19,Perdido,Cali,WhatsApp
TRX-10261,PROD-1995,2025-04-11,11,1925.43,27.24,22,En Camino,Medellín,App
TRX-10262,PROD-2937,2025-02-11,14,1915.08,73.11,18,Entregado,Bogotá,WhatsApp
TRX-10263,PROD-2667,2024-12-31,11,362.56,22.72,16,Perdido,Barranquilla,WhatsApp
TRX-10264,PROD-1779,2025-02-07,9,298.77,52.345,29,Perdido,Medellín,WhatsApp
TRX-10265,PROD-1386,2025-03-09,12,847.96,13.84,28,Entregado,Bucaramanga,App
TRX-10266,PROD-1397,2025-11-03,4,108.94,59.58,28,Entregado,Bucaramanga,App
TRX-10267,PROD-3699,2024-12-30,7,1313.26,91.32,18,Desconocido,Bogotá,WhatsApp
TRX-10268,PROD-2765,2025-07-30,1,164.22,8.37,26,Devuelto,Cali,Físico
TRX-10269,PROD-2451,2025-08-07,11,125.48,83.52,18,Desconocido,Bogotá,Físico
TRX-10270,PROD-2734,2025-08-15,11,975.52,53.11,12,Devuelto,Bogotá,Online
TRX-10271,PROD-2683,2025-11-22,2,1916.0,86.79,2,Desconocido,Bogotá,WhatsApp
TRX-10272,PROD-2912,2025-09-12,7,859.32,85.13,29,Entregado,Medellín,WhatsApp
TRX-10273,PROD-3986,2024-11-27,2,719.4,88.15,21,Devuelto,Medellín,App
TRX-10274,PROD-1221,2025-08-23,6,1995.93,78.04,28,Entregado,Ventas_Web,App
TRX-10275,PROD-3758,2025-08-17,13,1068.62,85.08,1,Entregado,Cali,Físico
TRX-10276,PROD-3676,2024-11-08,10,756.73,52.345,23,Desconocido,Bucaramanga,Físico
TRX-10277,PROD-3646,2025-08-25,12,777.86,21.72,16,En Camino,Cali,Online
TRX-10278,PROD-1403,2025-10-09,9,397.97,33.87,17,Devuelto,Medellín,WhatsApp
TRX-10279,PROD-1248,2025-05-11,11,1029.32,28.04,1,Perdido,Medellín,App
TRX-10280,PROD-2649,2025-07-27,5,883.32,75.53,21,Perdido,Ventas_Web,Online
TRX-10281,PROD-3982,2025-02-15,10,548.88,19.6,23,Devuelto,Medellín,Online
TRX-10282,PROD-2389,2025-04-17,7,329.47,22.31,3,Devuelto,Ventas_Web,Físico
TRX-10283,PROD-1447,2025-02-15,13,629.37,88.5,23,Devuelto,Bogotá,WhatsApp
TRX-10284,PROD-2018,2025-02-21,1,1022.28,72.06,25,Devuelto,Bogotá,WhatsApp
TRX-10285,PROD-1784,2025-06-28,8,126.08,88.16,27,En Camino,Bogotá,App
TRX-10286,PROD-1779,2025-02-09,9,315.95,18.24,20,Entregado,Medellín,WhatsApp
TRX-10287,PROD-3196,2025-02-20,13,1895.84,42.9,16,Devuelto,Ventas_Web,Online
TRX-10288,PROD-2837,2024-10-13,5,1090.28,52.345,21,Desconocido,Medellín,WhatsApp
TRX-10289,PROD-1574,2025-06-03,6,136.26,31.9,14,Devuelto,Bogotá,WhatsApp
TRX-10290,PROD-2728,2024-11-25,13,1389.24,5.92,16,Entregado,Cali,App
TRX-10291,PROD-1751,2025-04-28,11,132.99,32.03,24,Entregado,Ventas_Web,Físico
TRX-10292,PROD-2140,2024-12-03,8,1480.36,41.06,9,Entregado,Ventas_Web,Online
TRX-10293,PROD-2894,2026-01-13,4,1502.43,13.76,21,Desconocido,Bogotá,App
TRX-10294,PROD-2023,2025-03-03,2,1305.65,58.82,28,Retrasado,Bogotá,App
TRX-10295,PROD-1308,2025-01-30,10,1467.09,41.4,21,Perdido,Ventas_Web,WhatsApp
TRX-10296,PROD-2815,2024-11-30,8,185.05,9.41,2,Desconocido,Bogotá,App
TRX-10297,PROD-3254,2025-11-11,2,1456.29,71.88,25,Devuelto,Bogotá,Físico
TRX-10298,PROD-1401,2025-05-05,5,282.01,74.28,13,En Camino,Cali,Online
TRX-10299,PROD-1207,2025-05-26,13,685.62,84.27,22,En Camino,Bogotá,Online
TRX-10301,PROD-3214,2025-12-20,6,1010.72,51.13,21,En Camino,Ventas_Web,Online
TRX-10302,PROD-1060,2026-01-06,5,1935.18,97.02,20,Perdido,Barranquilla,Físico
TRX-10303,PROD-1382,2026-01-28,6,186.96,91.84,17,Devuelto,Cali,App
TRX-10304,PROD-1968,2025-10-30,6,960.34,57.38,6,En Camino,Ventas_Web,App
TRX-10305,PROD-1681,2025-10-11,3,134.18,47.27,17,Perdido,Bucaramanga,Físico
TRX-10306,PROD-2664,2025-01-07,11,1264.12,5.29,26,Perdido,Medellín,App
TRX-10307,PROD-2989,2025-01-09,11,166.63,72.54,2,Retrasado,Bucaramanga,Online
TRX-10308,PROD-2971,2025-08-16,3,358.98,58.67,7,Retrasado,Bogotá,Online
TRX-10309,PROD-1875,2025-01-03,9,525.07,94.07,29,En Camino,Cali,Físico
TRX-10310,PROD-2642,2025-02-10,3,1500.0,61.45,17,Perdido,Ventas_Web,WhatsApp
TRX-10311,PROD-1240,2024-11-26,3,336.28,99.32,24,Entregado,Bogotá,WhatsApp
TRX-10312,PROD-1674,2025-02-03,11,1694.8,52.345,8,Retrasado,Bogotá,WhatsApp
TRX-10313,PROD-2552,2025-04-09,14,272.49,86.11,23,Perdido,Barranquilla,Físico
TRX-10314,PROD-1008,2025-09-25,2,80.14,95.59,23,Retrasado,Bogotá,WhatsApp
TRX-10315,PROD-2599,2025-02-24,7,796.14,36.13,1,Devuelto,Medellín,Online
TRX-10316,PROD-2086,2024-12-10,10,1959.09,19.19,29,Perdido,Cali,App
TRX-10317,PROD-2863,2025-12-02,10,229.58,80.7,19,Perdido,Ventas_Web,WhatsApp
TRX-10318,PROD-2168,2025-10-09,4,212.42,79.69,25,Desconocido,Medellín,Físico
TRX-10319,PROD-2732,2026-01-17,1,1504.82,25.09,5,Devuelto,Barranquilla,Online
TRX-10320,PROD-3853,2025-05-30,6,631.2,77.65,5,Desconocido,Medellín,WhatsApp
TRX-10321,PROD-3992,2025-10-04,5,1437.39,60.29,23,Retrasado,Medellín,WhatsApp
TRX-10322,PROD-3276,2024-12-18,14,408.02,15.4,27,Devuelto,Ventas_Web,Online
TRX-10323,PROD-3711,2025-07-23,11,925.54,52.67,26,En Camino,Barranquilla,Físico
TRX-10324,PROD-3942,2025-05-21,2,537.93,52.345,24,Entregado,Medellín,App
TRX-10325,PROD-2993,2024-12-19,6,908.54,93.46,22,Retrasado,Ventas_Web,Online
TRX-10326,PROD-1634,2025-12-29,1,1540.5,53.11,21,Perdido,Bucaramanga,App
TRX-10327,PROD-1777,2026-01-18,3,1526.4,79.93,1,En Camino,Barranquilla,WhatsApp
TRX-10328,PROD-2215,2025-08-12,4,1036.39,7.75,26,Retrasado,Cali,Online
TRX-10329,PROD-1891,2025-03-13,13,1857.46,74.17,10,Entregado,Bucaramanga,WhatsApp
TRX-10330,PROD-1239,2025-09-14,3,534.93,94.95,10,Perdido,Ventas_Web,WhatsApp
TRX-10331,PROD-3372,2024-10-09,13,488.22,52.46,29,Devuelto,Bogotá,WhatsApp
TRX-10332,PROD-3220,2025-05-03,6,1231.47,37.08,25,Entregado,Cali,WhatsApp
TRX-10333,PROD-1249,2025-07-13,11,1246.38,66.43,22,Desconocido,Cali,WhatsApp
TRX-10334,PROD-2284,2025-10-21,4,102.61,92.04,3,Retrasado,Medellín,Físico
TRX-10335,PROD-1234,2025-07-29,14,1219.48,21.79,28,Perdido,Bogotá,WhatsApp
TRX-10336,PROD-1205,2026-02-02,1,755.13,52.345,12,Retrasado,Cali,Online
TRX-10337,PROD-3392,2025-04-29,5,1497.41,43.35,26,Entregado,Medellín,App
TRX-10338,PROD-2952,2025-05-14,5,1618.13,19.85,12,Perdido,Ventas_Web,Online
TRX-10339,PROD-3059,2025-10-17,9,1108.79,52.18,7,Entregado,Medellín,Online
TRX-10340,PROD-3175,2025-05-28,8,13.39,56.34,16,Retrasado,Bogotá,Físico
TRX-10341,PROD-1644,2025-10-17,8,1276.37,94.7,20,Desconocido,Medellín,WhatsApp
TRX-10342,PROD-1232,2024-11-13,5,1500.27,44.19,29,Perdido,Cali,App
TRX-10343,PROD-3080,2024-10-07,8,505.48,58.86,3,Perdido,Medellín,App
TRX-10344,PROD-1328,2025-08-12,14,934.65,89.1,28,Perdido,Barranquilla,WhatsApp
TRX-10345,PROD-1761,2025-12-07,10,1931.8,35.53,7,Retrasado,Bogotá,App
TRX-10346,PROD-1280,2025-01-12,7,603.25,69.05,22,En Camino,Bogotá,Físico
TRX-10347,PROD-3437,2025-03-25,1,454.07,76.93,14,Desconocido,Cali,WhatsApp
TRX-10348,PROD-1278,2025-09-17,12,429.6,52.345,27,Retrasado,Bucaramanga,App
TRX-10349,PROD-3765,2024-09-29,7,1122.01,36.4,4,Devuelto,Bogotá,Online
TRX-10350,PROD-1963,2024-11-12,11,1900.08,20.61,10,En Camino,Bogotá,App
TRX-10351,PROD-2653,2025-08-02,8,1221.29,52.78,24,Retrasado,Medellín,Online
TRX-10352,PROD-1491,2025-05-21,3,613.61,38.9,2,Devuelto,Bucaramanga,WhatsApp
TRX-10353,PROD-3333,2025-05-25,9,1280.75,30.31,22,Entregado,Cali,Online
TRX-10354,PROD-2008,2025-12-14,8,1253.44,97.48,16,Devuelto,Ventas_Web,Online
TRX-10355,PROD-3371,2025-09-22,2,1197.88,52.7,3,Desconocido,Bucaramanga,Físico
TRX-10356,PROD-3435,2025-09-24,6,327.26,86.37,15,Perdido,Ventas_Web,Físico
TRX-10357,PROD-1162,2025-11-06,4,1272.79,23.56,8,Desconocido,Cali,WhatsApp
TRX-10358,PROD-3536,2025-03-27,3,866.03,94.25,16,En Camino,Medellín,Físico
TRX-10359,PROD-1335,2025-07-06,11,47.0,80.47,11,Retrasado,Bogotá,WhatsApp
TRX-10360,PROD-2717,2025-12-16,6,1084.13,52.345,24,Desconocido,Medellín,Físico
TRX-10361,PROD-3692,2024-12-23,10,1978.64,81.83,11,Retrasado,Bogotá,Online
TRX-10362,PROD-3390,2025-01-06,13,705.98,42.03,11,Perdido,Bucaramanga,WhatsApp
TRX-10363,PROD-3315,2024-10-05,9,1931.46,51.14,1,En Camino,Bogotá,Online
TRX-10364,PROD-3141,2025-02-15,2,201.45,61.37,2,En Camino,Bucaramanga,App
TRX-10365,PROD-2295,2026-01-13,10,1467.58,80.03,20,Desconocido,Bucaramanga,WhatsApp
TRX-10366,PROD-2068,2025-01-19,10,237.52,85.66,1,Perdido,Bogotá,WhatsApp
TRX-10367,PROD-1836,2025-04-13,10,554.41,12.41,19,En Camino,Bucaramanga,WhatsApp
TRX-10368,PROD-3743,2025-02-10,5,1145.97,90.89,20,Perdido,Medellín,Físico
TRX-10369,PROD-3933,2025-01-15,6,1189.63,94.06,10,Devuelto,Ventas_Web,App
TRX-10370,PROD-2286,2025-02-21,4,1552.67,61.32,19,Desconocido,Barranquilla,Físico
TRX-10371,PROD-1977,2024-11-18,7,1234.47,22.74,21,Perdido,Bogotá,Físico
TRX-10372,PROD-2087,2025-10-09,2,1191.29,52.345,11,Retrasado,Bogotá,App
TRX-10373,PROD-2621,2025-02-26,7,1825.58,82.75,12,Entregado,Barranquilla,WhatsApp
TRX-10374,PROD-1536,2025-12-06,2,909.8,57.12,10,Devuelto,Medellín,Físico
TRX-10375,PROD-3751,2025-07-29,1,458.28,82.63,7,Desconocido,Bucaramanga,App
TRX-10376,PROD-3643,2025-02-02,11,331.96,82.41,24,Desconocido,Barranquilla,Online
TRX-10377,PROD-2228,2025-03-04,5,805.99,13.24,8,Desconocido,Ventas_Web,WhatsApp
TRX-10378,PROD-2872,2025-06-24,2,1428.38,62.67,11,Retrasado,Ventas_Web,Online
TRX-10379,PROD-2295,2025-03-24,8,94.66,50.9,18,Devuelto,Medellín,WhatsApp
TRX-10380,PROD-1297,2024-12-08,12,266.82,94.88,16,Retrasado,Bucaramanga,WhatsApp
TRX-10381,PROD-1038,2025-08-13,12,221.17,33.18,1,En Camino,Barranquilla,App
TRX-10382,PROD-2877,2024-11-05,12,1174.65,24.57,29,Perdido,Bogotá,App
TRX-10383,PROD-3544,2025-04-16,8,493.3,90.22,6,Retrasado,Barranquilla,Online
TRX-10384,PROD-3306,2024-10-30,1,340.86,52.345,17,Retrasado,Medellín,Online
TRX-10385,PROD-1409,2025-08-06,4,1189.61,19.13,22,En Camino,Cali,Físico
TRX-10386,PROD-1300,2024-10-14,14,1525.01,70.22,13,Entregado,Bucaramanga,Físico
TRX-10387,PROD-3202,2024-12-04,9,670.99,33.5,23,Entregado,Barranquilla,WhatsApp
TRX-10388,PROD-1873,2025-05-21,5,1160.63,58.95,25,Perdido,Bucaramanga,Online
TRX-10389,PROD-3072,2025-11-20,12,205.27,63.54,10,En Camino,Ventas_Web,Físico
TRX-10390,PROD-2086,2025-02-23,11,1871.03,44.65,10,Devuelto,Medellín,App
TRX-10391,PROD-1542,2025-05-17,10,680.42,97.62,1,Retrasado,Bogotá,App
TRX-10392,PROD-2429,2025-10-08,13,1995.04,17.52,7,Perdido,Bucaramanga,Online
TRX-10393,PROD-1281,2024-09-27,6,1957.39,42.18,20,Entregado,Bogotá,App
TRX-10394,PROD-2000,2025-05-01,3,1559.86,45.89,9,Devuelto,Barranquilla,Físico
TRX-10395,PROD-2513,2025-07-29,5,49.93,64.95,11,Desconocido,Bucaramanga,Físico
TRX-10396,PROD-2167,2024-12-17,14,1091.52,52.345,20,En Camino,Medellín,Online
TRX-10397,PROD-1646,2025-03-18,12,182.8,43.69,2,Desconocido,Ventas_Web,Físico
TRX-10398,PROD-2794,2025-06-08,13,1791.32,14.22,1,Retrasado,Bogotá,Online
TRX-10399,PROD-3225,2025-04-30,13,1581.38,95.01,23,Desconocido,Cali,Físico
TRX-10401,PROD-2239,2025-02-11,13,1220.68,37.55,12,Retrasado,Barranquilla,Físico
TRX-10402,PROD-3505,2025-11-27,1,1049.12,47.44,7,Entregado,Barranquilla,Online
TRX-10403,PROD-3678,2025-10-25,8,1042.76,25.58,19,Desconocido,Bucaramanga,Online
TRX-10404,PROD-3166,2025-05-15,11,779.03,14.52,5,Entregado,Bogotá,Físico
TRX-10405,PROD-1032,2025-04-13,6,942.69,19.11,26,Perdido,Cali,Físico
TRX-10406,PROD-3735,2025-08-17,12,1274.47,20.83,12,Desconocido,Cali,Físico
TRX-10407,PROD-3271,2025-07-13,2,1866.57,23.78,14,Desconocido,Medellín,App
TRX-10408,PROD-2226,2025-12-14,4,1195.81,52.345,28,Retrasado,Medellín,WhatsApp
TRX-10409,PROD-3717,2026-01-30,4,1715.66,44.9,7,Retrasado,Bogotá,WhatsApp
TRX-10410,PROD-1424,2025-03-13,9,1726.93,64.27,8,Desconocido,Cali,App
TRX-10411,PROD-1550,2025-01-25,9,1042.48,64.74,14,Desconocido,Ventas_Web,WhatsApp
TRX-10412,PROD-2083,2025-08-14,5,701.46,5.01,12,Retrasado,Ventas_Web,WhatsApp
TRX-10413,PROD-1472,2024-11-26,12,1282.75,92.49,9,Retrasado,Barranquilla,WhatsApp
TRX-10414,PROD-1438,2025-06-30,3,897.3,83.17,10,Devuelto,Cali,Físico
TRX-10415,PROD-3266,2025-06-21,1,172.07,96.57,10,En Camino,Ventas_Web,App
TRX-10416,PROD-1636,2025-05-24,6,761.84,39.2,1,Devuelto,Bogotá,Físico
TRX-10417,PROD-2115,2024-10-07,8,1988.2,68.16,25,Desconocido,Barranquilla,WhatsApp
TRX-10418,PROD-2154,2025-05-06,1,106.54,20.96,22,En Camino,Bogotá,App
TRX-10419,PROD-3477,2025-12-31,11,1396.37,82.62,6,Devuelto,Bogotá,App
TRX-10420,PROD-1862,2025-01-31,1,1683.97,52.345,14,Perdido,Barranquilla,Físico
TRX-10421,PROD-3939,2025-04-05,11,1300.96,20.33,23,En Camino,Ventas_Web,Online
TRX-10422,PROD-2404,2025-07-12,7,1143.8,35.97,9,Retrasado,Bogotá,App
TRX-10423,PROD-1833,2025-04-19,7,1418.03,51.63,23,En Camino,Cali,Online
TRX-10424,PROD-3815,2025-12-05,2,864.39,61.48,23,Retrasado,Bucaramanga,WhatsApp
TRX-10425,PROD-3597,2025-10-08,3,191.81,58.17,27,Perdido,Bogotá,App
TRX-10426,PROD-2081,2025-01-13,2,1925.12,14.7,12,Desconocido,Ventas_Web,Online
TRX-10427,PROD-3070,2025-05-24,6,870.28,45.06,19,En Camino,Cali,Online
TRX-10428,PROD-3001,2025-03-07,13,1334.12,92.68,26,Entregado,Bogotá,Físico
TRX-10429,PROD-2028,2025-04-01,13,1067.31,87.88,25,Retrasado,Cali,Online
TRX-10430,PROD-1208,2025-06-06,8,118.8,61.12,20,En Camino,Bogotá,WhatsApp
TRX-10431,PROD-1378,2025-08-15,8,1905.97,59.37,22,Devuelto,Medellín,WhatsApp
TRX-10432,PROD-3598,2025-04-28,1,1587.15,52.345,29,En Camino,Medellín,App
TRX-10433,PROD-2734,2026-01-30,11,306.7,15.61,23,Retrasado,Bogotá,Físico
TRX-10434,PROD-2133,2025-09-16,9,1963.48,24.02,28,Entregado,Bucaramanga,Físico
TRX-10435,PROD-1180,2025-06-24,11,1476.43,29.0,29,Entregado,Bucaramanga,Físico
TRX-10436,PROD-1014,2024-11-13,8,949.92,51.38,12,Devuelto,Bucaramanga,WhatsApp
TRX-10437,PROD-2366,2025-10-01,9,1226.63,74.48,25,Perdido,Barranquilla,Online
TRX-10438,PROD-1535,2025-02-27,13,222.41,48.77,13,Entregado,Bogotá,WhatsApp
TRX-10439,PROD-3609,2025-09-20,14,1125.22,16.98,29,Desconocido,Bogotá,WhatsApp
TRX-10440,PROD-2072,2024-11-16,13,156.59,46.74,26,Perdido,Medellín,Online
TRX-10441,PROD-1661,2024-10-06,9,1094.26,20.45,28,Retrasado,Barranquilla,WhatsApp
TRX-10442,PROD-2809,2025-06-18,11,1109.86,76.36,3,En Camino,Bucaramanga,App
TRX-10443,PROD-3259,2025-08-28,12,1750.13,20.82,11,Perdido,Barranquilla,App
TRX-10444,PROD-3890,2024-12-21,6,1452.86,52.345,2,Desconocido,Barranquilla,App
TRX-10445,PROD-2751,2024-10-19,3,506.61,50.84,18,Retrasado,Bogotá,App
TRX-10446,PROD-3297,2024-12-20,1,1777.97,70.87,18,Retrasado,Bogotá,App
TRX-10447,PROD-1039,2025-10-20,11,1150.75,26.68,25,Retrasado,Medellín,Físico
TRX-10448,PROD-1458,2024-11-02,8,1216.7,12.22,24,Desconocido,Bucaramanga,WhatsApp
TRX-10449,PROD-1308,2025-07-23,10,346.27,58.51,25,Devuelto,Bucaramanga,Online
TRX-10450,PROD-3830,2025-06-17,3,1716.97,10.15,9,Desconocido,Medellín,Físico
TRX-10451,PROD-1610,2025-02-07,13,1862.62,60.84,1,Devuelto,Ventas_Web,Online
TRX-10452,PROD-3234,2024-09-28,7,1552.23,76.58,26,Perdido,Bogotá,WhatsApp
TRX-10453,PROD-1147,2025-05-22,13,1882.1,36.29,26,Retrasado,Cali,Físico
TRX-10454,PROD-2512,2025-03-03,10,611.58,51.39,16,Perdido,Cali,Online
TRX-10455,PROD-3385,2025-03-21,6,1723.63,93.23,25,Entregado,Medellín,App
TRX-10456,PROD-3263,2025-07-16,3,982.9,52.345,1,Perdido,Cali,Físico
TRX-10457,PROD-1606,2026-01-02,6,336.2,49.76,21,En Camino,Medellín,App
TRX-10458,PROD-2760,2024-09-28,12,1340.91,99.67,20,Retrasado,Barranquilla,Físico
TRX-10459,PROD-1522,2025-10-13,3,1371.4,19.92,24,Perdido,Bucaramanga,WhatsApp
TRX-10460,PROD-1171,2025-06-20,13,580.98,72.35,5,Devuelto,Bogotá,Físico
TRX-10461,PROD-2262,2025-10-28,13,64.71,67.0,28,En Camino,Cali,WhatsApp
TRX-10462,PROD-2493,2025-06-21,14,407.7,87.87,25,Perdido,Medellín,Físico
TRX-10463,PROD-1163,2025-02-25,9,805.56,13.78,17,Perdido,Bogotá,WhatsApp
TRX-10464,PROD-2465,2024-12-16,13,343.45,31.62,8,Perdido,Bogotá,App
TRX-10465,PROD-1860,2025-04-10,1,396.12,17.56,6,Desconocido,Bogotá,WhatsApp
TRX-10466,PROD-3793,2024-10-02,13,788.87,93.64,1,Desconocido,Bucaramanga,App
TRX-10467,PROD-2022,2025-02-07,8,1923.96,45.53,13,Desconocido,Medellín,Físico
TRX-10468,PROD-3731,2025-05-22,5,1530.84,52.345,18,Devuelto,Ventas_Web,Físico
TRX-10469,PROD-1421,2025-10-21,4,646.3,91.46,4,Perdido,Medellín,Físico
TRX-10470,PROD-2448,2025-04-11,1,1903.69,32.97,15,Desconocido,Bucaramanga,Físico
TRX-10471,PROD-3293,2025-02-25,9,1294.84,17.0,14,Entregado,Medellín,App
TRX-10472,PROD-2664,2025-11-04,13,916.34,33.17,16,Entregado,Medellín,Online
TRX-10473,PROD-3542,2025-06-24,9,941.92,61.73,5,Entregado,Medellín,Online
TRX-10474,PROD-1633,2025-05-05,13,827.38,85.3,1,Perdido,Barranquilla,WhatsApp
TRX-10475,PROD-1969,2024-11-29,5,473.65,41.61,26,En Camino,Bogotá,Físico
TRX-10476,PROD-1665,2025-03-25,14,779.4,91.91,23,Devuelto,Cali,Físico
TRX-10477,PROD-1725,2025-04-05,11,1060.51,28.2,29,Entregado,Bogotá,Online
TRX-10478,PROD-2688,2024-11-03,9,1060.77,70.89,4,Entregado,Bucaramanga,Online
TRX-10479,PROD-1101,2025-10-23,10,1525.86,74.89,17,Desconocido,Medellín,Físico
TRX-10480,PROD-1734,2025-10-29,14,724.01,52.345,28,En Camino,Medellín,Físico
TRX-10481,PROD-2360,2025-02-20,9,1436.43,31.03,6,Entregado,Bogotá,Online
TRX-10482,PROD-2686,2024-12-15,7,1160.4,7.56,25,Devuelto,Bogotá,App
TRX-10483,PROD-3743,2025-02-03,8,1924.07,39.7,25,En Camino,Medellín,Físico
TRX-10484,PROD-2016,2025-07-28,1,776.72,9.29,27,Retrasado,Barranquilla,Online
TRX-10485,PROD-2092,2025-09-11,4,1803.42,90.57,4,Devuelto,Barranquilla,App
TRX-10486,PROD-1652,2025-07-17,10,1643.08,95.58,7,Devuelto,Medellín,Online
TRX-10487,PROD-3872,2025-12-16,10,1278.95,74.86,26,Perdido,Medellín,Físico
TRX-10488,PROD-1442,2024-10-22,4,1312.48,74.04,1,Retrasado,Medellín,WhatsApp
TRX-10489,PROD-2566,2024-10-01,12,178.45,27.88,10,Retrasado,Barranquilla,Online
TRX-10490,PROD-1158,2026-01-10,9,1900.95,12.02,13,En Camino,Ventas_Web,WhatsApp
TRX-10491,PROD-2927,2025-03-11,3,222.8,81.2,9,Entregado,Ventas_Web,WhatsApp
TRX-10492,PROD-1911,2025-07-09,12,1130.83,52.345,14,Retrasado,Bogotá,Físico
TRX-10493,PROD-1817,2025-03-09,10,666.84,58.12,1,En Camino,Bogotá,App
TRX-10494,PROD-2885,2025-09-01,10,865.41,69.75,9,Retrasado,Bogotá,WhatsApp
TRX-10495,PROD-2432,2026-02-01,1,1224.26,79.07,6,Desconocido,Bogotá,App
TRX-10496,PROD-2250,2025-02-14,11,1818.61,43.9,10,Devuelto,Bogotá,Físico
TRX-10497,PROD-1932,2025-11-09,5,920.56,18.73,11,Desconocido,Bogotá,Físico
TRX-10498,PROD-1913,2025-05-08,7,1975.58,80.53,7,Retrasado,Ventas_Web,Físico
TRX-10499,PROD-1096,2025-07-25,12,1189.7,48.11,20,Entregado,Medellín,App
TRX-10501,PROD-1791,2025-05-03,4,388.12,46.58,28,Entregado,Medellín,WhatsApp
TRX-10502,PROD-2632,2025-03-18,9,1435.06,25.62,22,Perdido,Barranquilla,Físico
TRX-10503,PROD-2344,2025-12-23,6,110.29,21.25,12,Entregado,Cali,WhatsApp
TRX-10504,PROD-2141,2025-03-30,6,965.88,52.345,22,Entregado,Bogotá,App
TRX-10505,PROD-1284,2026-01-02,3,304.96,75.67,12,En Camino,Bucaramanga,App
TRX-10506,PROD-2143,2025-07-21,10,872.11,59.61,14,Desconocido,Barranquilla,WhatsApp
TRX-10507,PROD-2438,2024-11-07,10,1502.34,43.44,10,Devuelto,Cali,Online
TRX-10508,PROD-3627,2025-10-09,5,923.04,51.75,16,Desconocido,Bogotá,Físico
TRX-10509,PROD-3086,2024-10-09,10,335.27,57.22,22,Retrasado,Ventas_Web,Online
TRX-10510,PROD-2637,2024-11-27,6,511.33,27.74,4,Retrasado,Bogotá,WhatsApp
TRX-10511,PROD-3783,2025-09-17,14,741.4,40.93,29,En Camino,Bucaramanga,Físico
TRX-10512,PROD-3196,2025-06-10,4,148.43,32.78,23,En Camino,Bogotá,Físico
TRX-10513,PROD-2356,2025-01-23,13,1172.83,41.9,14,Desconocido,Medellín,WhatsApp
TRX-10514,PROD-1113,2025-05-11,3,1218.99,52.55,2,Devuelto,Medellín,Físico
TRX-10515,PROD-1472,2025-12-04,5,133.68,21.47,2,Devuelto,Bucaramanga,Online
TRX-10516,PROD-2069,2025-01-25,7,810.6,52.345,29,Perdido,Medellín,App
TRX-10517,PROD-1731,2025-01-12,11,833.86,42.38,11,Retrasado,Medellín,App
TRX-10518,PROD-3378,2025-06-21,6,674.3,41.62,11,Retrasado,Cali,WhatsApp
TRX-10519,PROD-2087,2024-12-12,2,1119.9,32.17,6,Perdido,Medellín,App
TRX-10520,PROD-1156,2025-05-26,1,698.46,99.86,25,En Camino,Barranquilla,App
TRX-10521,PROD-1444,2025-09-04,5,838.65,11.99,3,Retrasado,Barranquilla,WhatsApp
TRX-10522,PROD-3443,2025-10-18,5,1597.07,66.08,23,Entregado,Medellín,WhatsApp
TRX-10523,PROD-2779,2026-02-04,12,332.6,21.57,9,En Camino,Bucaramanga,Físico
TRX-10524,PROD-2415,2025-10-19,12,1242.04,84.75,28,En Camino,Bucaramanga,WhatsApp
TRX-10525,PROD-3984,2025-08-16,6,1016.13,91.85,25,Devuelto,Medellín,Online
TRX-10526,PROD-2284,2025-04-25,3,617.09,43.14,3,Desconocido,Cali,WhatsApp
TRX-10527,PROD-2787,2025-09-09,1,1457.79,83.23,1,Perdido,Barranquilla,Físico
TRX-10528,PROD-3483,2025-05-15,4,1106.86,52.345,2,Desconocido,Medellín,Físico
TRX-10529,PROD-3094,2025-09-24,4,959.95,28.74,15,Desconocido,Bogotá,WhatsApp
TRX-10530,PROD-1473,2024-12-13,10,1338.66,18.31,11,En Camino,Medellín,Online
TRX-10531,PROD-2577,2025-07-13,2,1606.56,35.01,8,Devuelto,Barranquilla,Físico
TRX-10532,PROD-3361,2025-07-29,14,1945.61,37.46,16,Entregado,Barranquilla,Online
TRX-10533,PROD-1778,2024-12-07,8,1262.41,42.75,23,Entregado,Cali,Físico
TRX-10534,PROD-2043,2024-10-07,6,1750.14,40.43,17,Retrasado,Barranquilla,App
TRX-10535,PROD-1181,2025-04-30,12,12.17,44.06,3,Perdido,Cali,Físico
TRX-10536,PROD-3903,2025-05-10,3,1065.17,72.45,8,Perdido,Cali,Físico
TRX-10537,PROD-2786,2025-11-30,1,437.15,28.33,7,Devuelto,Bogotá,Físico
TRX-10538,PROD-1006,2025-12-06,12,197.44,6.76,21,Retrasado,Medellín,Físico
TRX-10539,PROD-3129,2026-01-14,11,1068.62,51.52,3,Desconocido,Bogotá,Físico
TRX-10540,PROD-3205,2025-09-29,3,1496.18,52.345,7,Perdido,Bucaramanga,WhatsApp
TRX-10541,PROD-3813,2025-06-14,8,830.42,47.59,5,Retrasado,Bogotá,WhatsApp
TRX-10542,PROD-3946,2025-06-13,4,1343.51,10.71,1,Devuelto,Barranquilla,Online
TRX-10543,PROD-3746,2025-01-10,3,984.54,17.71,5,Retrasado,Cali,App
TRX-10544,PROD-1807,2025-10-30,13,879.8,53.44,3,En Camino,Bogotá,WhatsApp
TRX-10545,PROD-2491,2025-07-26,11,587.61,27.3,18,En Camino,Cali,App
TRX-10546,PROD-2766,2025-04-10,4,771.36,88.37,29,En Camino,Bucaramanga,Online
TRX-10547,PROD-1286,2025-05-06,11,706.09,21.46,19,En Camino,Bucaramanga,Online
TRX-10548,PROD-3720,2025-03-26,4,1295.91,6.91,10,Entregado,Cali,Físico
TRX-10549,PROD-2352,2025-12-18,2,240.88,47.52,4,Desconocido,Barranquilla,WhatsApp
TRX-10550,PROD-3552,2024-10-23,4,194.35,98.69,13,Entregado,Medellín,Físico
TRX-10551,PROD-2285,2025-01-02,11,1323.43,65.22,29,Perdido,Barranquilla,Físico
TRX-10552,PROD-3717,2025-06-08,12,1097.13,52.345,1,Entregado,Medellín,Online
TRX-10553,PROD-1510,2024-12-30,9,866.1,38.63,4,Desconocido,Barranquilla,Físico
TRX-10554,PROD-3948,2025-08-27,4,313.36,6.6,9,Retrasado,Bucaramanga,Online
TRX-10555,PROD-2230,2025-07-18,12,827.94,51.07,17,Retrasado,Barranquilla,WhatsApp
TRX-10556,PROD-3077,2025-07-04,1,1581.57,24.61,11,Entregado,Bogotá,WhatsApp
TRX-10557,PROD-2266,2025-06-15,1,1780.35,66.54,7,Retrasado,Medellín,Físico
TRX-10558,PROD-3731,2025-02-09,1,1408.13,60.39,24,Desconocido,Barranquilla,Online
TRX-10559,PROD-2672,2025-07-21,14,129.23,30.2,25,Perdido,Barranquilla,WhatsApp
TRX-10560,PROD-2336,2025-07-05,5,1344.12,11.54,7,Devuelto,Ventas_Web,App
TRX-10561,PROD-2648,2025-09-07,6,489.56,76.73,13,Entregado,Bucaramanga,WhatsApp
TRX-10562,PROD-3855,2026-01-01,12,637.35,60.62,25,En Camino,Medellín,Online
TRX-10563,PROD-2211,2025-04-26,6,399.79,85.0,26,Retrasado,Ventas_Web,Físico
TRX-10564,PROD-3270,2024-10-24,6,1553.75,52.345,29,Retrasado,Medellín,Online
TRX-10565,PROD-1521,2025-12-23,9,1300.72,29.68,19,Devuelto,Barranquilla,Físico
TRX-10566,PROD-1785,2025-07-22,1,1227.55,67.02,17,Perdido,Medellín,WhatsApp
TRX-10567,PROD-2722,2024-12-19,10,1339.27,16.27,18,Retrasado,Barranquilla,Físico
TRX-10568,PROD-3723,2024-11-24,6,481.18,32.72,26,En Camino,Bogotá,Físico
TRX-10569,PROD-2552,2025-11-06,13,894.84,67.37,13,Devuelto,Bucaramanga,Físico
TRX-10570,PROD-3774,2025-10-14,8,1270.17,83.43,17,Retrasado,Barranquilla,Físico
TRX-10571,PROD-1712,2025-06-28,8,1276.82,35.49,18,Desconocido,Bogotá,App
TRX-10572,PROD-3521,2025-12-25,12,1585.79,80.89,25,Desconocido,Cali,App
TRX-10573,PROD-3331,2024-12-05,3,581.34,69.39,21,En Camino,Bucaramanga,Físico
TRX-10574,PROD-2232,2025-07-25,13,1542.97,38.12,20,Desconocido,Ventas_Web,Online
TRX-10575,PROD-2663,2025-11-16,5,885.97,88.26,2,Retrasado,Medellín,Online
TRX-10576,PROD-3244,2025-01-24,10,1343.64,52.345,19,En Camino,Bogotá,WhatsApp
TRX-10577,PROD-1001,2025-06-18,4,916.88,53.38,15,Desconocido,Bogotá,App
TRX-10578,PROD-2244,2025-10-09,12,1897.73,66.58,9,Devuelto,Bogotá,WhatsApp
TRX-10579,PROD-2175,2025-07-04,1,366.81,52.08,29,Perdido,Cali,WhatsApp
TRX-10580,PROD-1860,2025-11-18,9,1353.26,48.01,29,Entregado,Bogotá,App
TRX-10581,PROD-2760,2025-12-27,5,1157.3,85.56,14,Desconocido,Cali,Físico
TRX-10582,PROD-3375,2025-01-21,2,353.73,33.0,19,Entregado,Barranquilla,Online
TRX-10583,PROD-3484,2025-09-03,12,141.35,8.48,8,Perdido,Bucaramanga,WhatsApp
TRX-10584,PROD-3681,2025-04-22,2,1600.3,88.58,12,Retrasado,Bucaramanga,Online
TRX-10585,PROD-2319,2025-10-16,11,323.33,83.38,17,Devuelto,Bucaramanga,Físico
TRX-10586,PROD-2904,2025-02-17,7,381.15,39.82,12,En Camino,Bogotá,WhatsApp
TRX-10587,PROD-2809,2024-12-09,4,1957.08,22.62,15,Devuelto,Ventas_Web,Online
TRX-10588,PROD-2811,2025-09-22,1,1437.35,52.345,5,Perdido,Ventas_Web,App
TRX-10589,PROD-3767,2024-10-06,5,508.47,69.18,2,Retrasado,Cali,WhatsApp
TRX-10590,PROD-1875,2025-02-05,2,1185.99,12.48,20,Retrasado,Cali,Físico
TRX-10591,PROD-3093,2025-07-23,7,1072.88,45.26,18,Perdido,Ventas_Web,WhatsApp
TRX-10592,PROD-2938,2025-10-24,9,1690.5,13.16,3,Devuelto,Ventas_Web,WhatsApp
TRX-10593,PROD-1695,2025-06-29,13,1461.35,61.8,5,Entregado,Bogotá,Online
TRX-10594,PROD-3698,2024-12-10,1,1665.13,7.58,2,Devuelto,Bucaramanga,Online
TRX-10595,PROD-1347,2025-05-23,12,430.9,64.78,9,Desconocido,Bogotá,App
TRX-10596,PROD-2162,2025-04-03,2,1284.04,68.95,24,Retrasado,Barranquilla,Físico
TRX-10597,PROD-3111,2026-01-05,11,90.08,51.28,5,Retrasado,Bogotá,App
TRX-10598,PROD-3719,2025-11-14,6,147.19,21.63,27,Desconocido,Bucaramanga,Online
TRX-10599,PROD-3592,2025-05-22,8,1429.92,14.63,17,Desconocido,Cali,Físico
TRX-10601,PROD-2372,2025-05-12,7,1163.73,34.76,21,Devuelto,Bogotá,WhatsApp
TRX-10602,PROD-1382,2025-06-08,9,1682.41,49.19,20,Entregado,Cali,App
TRX-10603,PROD-1962,2025-10-11,14,766.08,66.01,15,Devuelto,Cali,Físico
TRX-10604,PROD-3755,2025-10-02,2,99.23,5.12,13,Desconocido,Bucaramanga,WhatsApp
TRX-10605,PROD-2271,2025-04-28,12,1430.56,72.55,9,Retrasado,Barranquilla,Online
TRX-10606,PROD-1920,2025-04-16,9,1860.08,72.71,2,Devuelto,Medellín,WhatsApp
TRX-10607,PROD-1815,2025-08-02,4,1437.17,47.23,23,Retrasado,Bucaramanga,Físico
TRX-10608,PROD-1603,2026-01-24,11,1161.11,37.62,2,Retrasado,Bogotá,WhatsApp
TRX-10609,PROD-1100,2025-10-08,3,467.76,85.02,29,En Camino,Bucaramanga,App
TRX-10610,PROD-1189,2025-12-22,7,40.6,79.54,29,Entregado,Bucaramanga,App
TRX-10611,PROD-2002,2025-09-26,5,1392.4,98.41,11,Perdido,Cali,WhatsApp
TRX-10612,PROD-2946,2025-07-30,13,469.74,52.345,28,Desconocido,Barranquilla,Físico
TRX-10613,PROD-3503,2025-10-02,5,1717.74,40.33,3,Entregado,Medellín,Físico
TRX-10614,PROD-1298,2025-01-20,12,938.06,91.15,3,Devuelto,Barranquilla,Físico
TRX-10615,PROD-2865,2024-12-11,13,1065.96,13.3,10,Desconocido,Bucaramanga,Físico
TRX-10616,PROD-2697,2024-11-03,2,1510.33,44.09,24,Desconocido,Cali,App
TRX-10617,PROD-3579,2024-10-13,6,1561.07,49.21,2,En Camino,Ventas_Web,Físico
TRX-10618,PROD-3357,2024-10-02,6,1288.88,46.88,1,Retrasado,Cali,Físico
TRX-10619,PROD-1796,2025-08-01,12,1877.48,64.38,6,Entregado,Bogotá,WhatsApp
TRX-10620,PROD-3942,2025-02-22,4,1964.77,21.17,6,Retrasado,Bogotá,WhatsApp
TRX-10621,PROD-3852,2025-07-31,5,1894.3,87.31,11,Retrasado,Medellín,App
TRX-10622,PROD-2572,2025-07-13,7,1650.12,57.42,16,En Camino,Bogotá,App
TRX-10623,PROD-3024,2024-12-17,14,1414.19,90.9,1,Desconocido,Medellín,App
TRX-10624,PROD-2636,2025-01-13,8,1330.02,52.345,5,Desconocido,Ventas_Web,Físico
TRX-10625,PROD-1999,2025-03-30,6,216.46,5.25,25,Entregado,Bogotá,WhatsApp
TRX-10626,PROD-1604,2025-01-12,5,550.25,64.85,26,En Camino,Bogotá,WhatsApp
TRX-10627,PROD-3687,2025-03-16,12,21.32,44.18,27,Retrasado,Bogotá,Físico
TRX-10628,PROD-3816,2025-07-29,3,283.45,52.98,10,Entregado,Medellín,Online
TRX-10629,PROD-1022,2025-07-21,7,884.07,75.66,21,Desconocido,Ventas_Web,Físico
TRX-10630,PROD-1436,2025-12-18,8,301.61,26.58,28,Retrasado,Ventas_Web,Online
TRX-10631,PROD-2741,2024-09-26,3,1804.31,24.47,23,Retrasado,Cali,Físico
TRX-10632,PROD-1896,2025-05-02,5,1613.34,71.79,6,Entregado,Cali,App
TRX-10633,PROD-1720,2025-12-16,11,152.51,54.53,11,Perdido,Barranquilla,Online
TRX-10634,PROD-3850,2025-05-01,2,505.34,27.2,26,En Camino,Barranquilla,Online
TRX-10635,PROD-3121,2025-03-12,10,1639.95,50.98,16,Devuelto,Bucaramanga,App
TRX-10636,PROD-2902,2025-08-06,10,1608.06,52.345,20,Desconocido,Medellín,Online
TRX-10637,PROD-1205,2026-01-19,12,1891.45,48.66,13,Retrasado,Bucaramanga,WhatsApp
TRX-10638,PROD-3283,2025-04-23,4,1995.12,70.69,12,Desconocido,Bucaramanga,Físico
TRX-10639,PROD-2020,2025-06-02,12,1952.78,5.25,18,En Camino,Barranquilla,Online
TRX-10640,PROD-1497,2025-01-24,4,826.17,60.74,26,En Camino,Barranquilla,App
TRX-10641,PROD-2869,2025-01-28,12,508.15,62.54,13,Entregado,Bogotá,Físico
TRX-10642,PROD-1546,2025-04-23,13,1519.24,75.82,5,Entregado,Cali,Online
TRX-10643,PROD-2903,2025-01-12,8,605.55,89.48,28,Entregado,Barranquilla,Físico
TRX-10644,PROD-3734,2024-12-16,3,1614.74,46.82,28,En Camino,Medellín,Online
TRX-10645,PROD-3175,2024-09-26,5,1072.57,37.54,26,Entregado,Bogotá,WhatsApp
TRX-10646,PROD-3289,2024-11-26,11,1589.92,14.72,13,Devuelto,Bogotá,App
TRX-10647,PROD-3438,2025-08-06,5,559.0,37.0,25,En Camino,Medellín,WhatsApp
TRX-10648,PROD-2299,2025-09-03,2,1020.97,52.345,13,Entregado,Medellín,WhatsApp
TRX-10649,PROD-2812,2025-01-20,9,1132.41,11.51,19,Retrasado,Cali,Online
TRX-10650,PROD-3509,2025-05-23,4,1886.79,81.27,19,En Camino,Medellín,WhatsApp
TRX-10651,PROD-3946,2025-10-13,9,540.53,81.67,13,Perdido,Medellín,App
TRX-10652,PROD-3067,2025-02-06,9,1874.01,44.64,28,Perdido,Medellín,Físico
TRX-10653,PROD-2747,2025-05-27,2,1611.67,29.67,11,En Camino,Medellín,Físico
TRX-10654,PROD-3244,2025-12-07,9,1464.48,16.21,16,En Camino,Medellín,Físico
TRX-10655,PROD-2826,2024-11-06,9,1575.87,85.87,23,Perdido,Bogotá,Online
TRX-10656,PROD-1651,2025-02-15,2,1214.8,88.36,14,Retrasado,Bogotá,App
TRX-10657,PROD-2944,2025-09-25,11,495.72,30.3,10,Retrasado,Cali,Online
TRX-10658,PROD-2843,2025-03-17,13,387.09,64.07,2,Retrasado,Bogotá,WhatsApp
TRX-10659,PROD-2061,2024-11-03,6,1734.02,29.57,8,Devuelto,Cali,App
TRX-10660,PROD-2012,2025-07-16,9,1453.03,52.345,23,Desconocido,Medellín,WhatsApp
TRX-10661,PROD-3611,2025-12-25,4,434.28,26.39,8,Desconocido,Medellín,App
TRX-10662,PROD-2135,2024-12-20,2,1234.04,7.01,26,Devuelto,Bucaramanga,Físico
TRX-10663,PROD-3135,2025-04-28,7,900.62,59.83,22,Retrasado,Medellín,App
TRX-10664,PROD-2984,2025-12-08,9,325.72,19.24,21,Perdido,Medellín,Online
TRX-10665,PROD-3567,2025-05-08,6,1068.4,6.18,27,Devuelto,Medellín,Físico
TRX-10666,PROD-1979,2025-07-17,11,570.22,14.96,20,Entregado,Ventas_Web,App
TRX-10667,PROD-2124,2025-07-10,11,201.53,34.81,14,Desconocido,Cali,Online
TRX-10668,PROD-2801,2025-11-18,14,939.25,68.57,24,Devuelto,Barranquilla,Online
TRX-10669,PROD-1317,2024-11-28,4,1184.32,24.25,14,Perdido,Bogotá,WhatsApp
TRX-10670,PROD-3922,2025-05-31,1,103.34,89.32,18,Perdido,Cali,Físico
TRX-10671,PROD-2170,2024-11-02,4,810.16,32.41,15,En Camino,Bogotá,App
TRX-10672,PROD-1960,2024-12-30,3,522.75,52.345,22,Perdido,Cali,App
TRX-10673,PROD-2112,2025-07-25,7,70.99,36.47,28,Retrasado,Medellín,Físico
TRX-10674,PROD-2375,2025-09-17,11,260.07,25.71,16,Perdido,Barranquilla,WhatsApp
TRX-10675,PROD-2309,2025-08-30,13,286.68,29.11,14,Devuelto,Medellín,WhatsApp
TRX-10676,PROD-3212,2025-12-22,11,373.92,12.04,10,Devuelto,Barranquilla,Físico
TRX-10677,PROD-1330,2024-12-10,10,1608.72,33.0,22,Devuelto,Ventas_Web,Físico
TRX-10678,PROD-1566,2025-07-20,5,884.59,86.66,21,Perdido,Medellín,Físico
TRX-10679,PROD-1617,2025-04-09,12,302.7,70.4,2,Retrasado,Medellín,Online
TRX-10680,PROD-1947,2025-02-16,3,209.59,88.15,5,Desconocido,Cali,Físico
TRX-10681,PROD-2568,2026-01-23,14,602.9,14.96,3,Retrasado,Bucaramanga,WhatsApp
TRX-10682,PROD-3842,2025-01-06,2,1598.05,48.28,23,En Camino,Ventas_Web,App
TRX-10683,PROD-1625,2025-10-28,13,735.28,26.78,7,Entregado,Ventas_Web,App
TRX-10684,PROD-3893,2025-04-03,2,328.2,52.345,24,Retrasado,Medellín,WhatsApp
TRX-10685,PROD-1876,2026-01-28,5,814.19,73.52,27,Desconocido,Bogotá,App
TRX-10686,PROD-1263,2026-01-12,13,1115.07,97.17,12,Desconocido,Medellín,WhatsApp
TRX-10687,PROD-2699,2025-01-22,13,68.87,82.46,10,Devuelto,Barranquilla,Online
TRX-10688,PROD-2669,2024-12-08,8,1259.01,8.35,11,En Camino,Medellín,App
TRX-10689,PROD-2355,2025-07-31,8,796.25,35.08,25,Desconocido,Bogotá,Online
TRX-10690,PROD-3222,2025-01-12,14,29.35,7.72,17,Retrasado,Bogotá,App
TRX-10691,PROD-2908,2025-09-06,12,1351.04,8.82,4,Retrasado,Cali,Físico
TRX-10692,PROD-2703,2025-07-16,5,1427.65,12.55,6,Entregado,Medellín,Online
TRX-10693,PROD-1255,2025-03-11,13,1261.39,31.25,7,Entregado,Cali,Online
TRX-10694,PROD-1847,2024-09-28,2,690.44,33.9,27,Entregado,Medellín,Online
TRX-10695,PROD-2720,2025-04-07,13,1063.91,43.04,5,Retrasado,Medellín,WhatsApp
TRX-10696,PROD-2595,2024-12-29,4,780.44,52.345,6,Desconocido,Ventas_Web,App
TRX-10697,PROD-3392,2025-12-25,7,1404.24,43.47,17,Retrasado,Medellín,Físico
TRX-10698,PROD-3848,2025-08-17,14,1171.32,78.28,14,Devuelto,Bucaramanga,WhatsApp
TRX-10699,PROD-1080,2025-05-10,6,172.78,18.43,11,Perdido,Bogotá,App
TRX-10701,PROD-2558,2025-07-16,10,1377.6,64.53,2,Devuelto,Cali,WhatsApp
TRX-10702,PROD-2953,2025-06-14,7,747.7,59.32,14,Devuelto,Cali,Físico
TRX-10703,PROD-1024,2024-09-30,5,1752.81,19.63,27,Desconocido,Barranquilla,Online
TRX-10704,PROD-2440,2025-03-13,2,1687.6,85.97,16,En Camino,Ventas_Web,WhatsApp
TRX-10705,PROD-2223,2025-12-08,8,358.58,36.26,2,Devuelto,Medellín,Online
TRX-10706,PROD-2597,2025-09-17,14,1809.49,39.86,17,Entregado,Medellín,App
TRX-10707,PROD-2716,2025-04-05,12,887.34,44.94,26,Perdido,Ventas_Web,App
TRX-10708,PROD-3204,2025-06-18,2,1450.26,52.345,16,Devuelto,Bogotá,Físico
TRX-10709,PROD-3236,2024-10-11,12,1630.05,35.66,9,Retrasado,Bucaramanga,App
TRX-10710,PROD-3470,2025-09-11,8,1015.17,57.96,20,Retrasado,Bogotá,App
TRX-10711,PROD-1903,2025-09-09,7,804.21,41.92,20,Devuelto,Barranquilla,App
TRX-10712,PROD-2999,2024-11-10,3,1831.75,29.65,9,Entregado,Bogotá,Online
TRX-10713,PROD-1898,2025-12-30,13,469.4,90.93,5,Desconocido,Bogotá,Online
TRX-10714,PROD-2117,2025-09-13,4,521.37,34.29,4,Desconocido,Cali,App
TRX-10715,PROD-2785,2025-08-26,13,729.62,71.36,7,Perdido,Bogotá,Online
TRX-10716,PROD-2989,2025-12-28,7,1720.34,37.99,29,Perdido,Medellín,App
TRX-10717,PROD-1118,2025-02-27,4,1878.19,46.35,29,Entregado,Bucaramanga,Físico
TRX-10718,PROD-2592,2024-11-27,9,447.93,27.41,5,Retrasado,Bogotá,WhatsApp
TRX-10719,PROD-2376,2025-12-27,7,1729.1,76.47,24,Retrasado,Medellín,WhatsApp
TRX-10720,PROD-3739,2025-09-04,1,523.82,52.345,3,Desconocido,Cali,App
TRX-10721,PROD-3781,2024-11-20,1,1941.58,75.03,8,Desconocido,Bucaramanga,Físico
TRX-10722,PROD-2656,2025-07-28,4,1198.84,7.11,16,En Camino,Bucaramanga,App
TRX-10723,PROD-3966,2025-07-27,14,24.1,10.72,27,Devuelto,Bucaramanga,WhatsApp
TRX-10724,PROD-1676,2025-08-25,14,77.92,92.63,6,Desconocido,Cali,Físico
TRX-10725,PROD-2914,2025-02-28,13,303.49,89.44,29,Devuelto,Medellín,Online
TRX-10726,PROD-1522,2025-06-20,9,383.27,53.08,9,Desconocido,Cali,WhatsApp
TRX-10727,PROD-3548,2025-01-21,13,1537.56,51.87,22,Retrasado,Medellín,WhatsApp
TRX-10728,PROD-3187,2025-06-03,4,453.3,82.18,20,Devuelto,Medellín,App
TRX-10729,PROD-1110,2025-10-31,13,1938.59,18.15,18,Entregado,Ventas_Web,Físico
TRX-10730,PROD-2613,2025-06-10,5,1275.86,67.1,11,Perdido,Medellín,Físico
TRX-10731,PROD-3424,2025-02-04,1,1388.11,50.22,19,Desconocido,Bogotá,Online
TRX-10732,PROD-3311,2025-06-23,14,443.45,52.345,7,En Camino,Ventas_Web,Físico
TRX-10733,PROD-3715,2024-11-17,2,1786.49,75.62,10,Entregado,Cali,App
TRX-10734,PROD-1111,2025-08-19,11,1338.95,7.86,5,Entregado,Medellín,Físico
TRX-10735,PROD-1343,2024-12-27,4,1730.17,61.31,7,Entregado,Bogotá,Físico
TRX-10736,PROD-3632,2025-01-14,12,1913.4,57.89,23,Devuelto,Cali,Físico
TRX-10737,PROD-2755,2026-01-10,4,260.03,84.88,6,Perdido,Ventas_Web,Online
TRX-10738,PROD-1555,2026-01-09,11,202.21,69.3,18,En Camino,Ventas_Web,Online
TRX-10739,PROD-2891,2025-09-14,10,1608.78,88.62,21,Retrasado,Bucaramanga,WhatsApp
TRX-10740,PROD-1744,2025-11-25,6,1733.59,89.29,15,Entregado,Bogotá,WhatsApp
TRX-10741,PROD-1205,2024-10-20,13,1171.69,43.78,27,Entregado,Barranquilla,Online
TRX-10742,PROD-2065,2025-07-25,6,738.34,18.06,10,Entregado,Medellín,Físico
TRX-10743,PROD-2552,2024-09-24,8,1308.73,64.88,6,Retrasado,Barranquilla,Online
TRX-10744,PROD-2340,2025-04-22,12,618.27,52.345,24,Desconocido,Barranquilla,Online
TRX-10745,PROD-1866,2024-11-29,13,484.39,88.01,1,Devuelto,Bucaramanga,App
TRX-10746,PROD-2862,2025-01-28,9,981.41,12.12,28,Devuelto,Bogotá,Físico
TRX-10747,PROD-2338,2025-08-21,14,440.15,58.0,28,Perdido,Medellín,Online
TRX-10748,PROD-2382,2024-10-16,1,972.57,15.92,28,Devuelto,Medellín,App
TRX-10749,PROD-2552,2025-06-02,1,1913.65,7.56,10,Devuelto,Bogotá,WhatsApp
TRX-10750,PROD-2139,2025-09-25,6,1681.17,69.57,23,En Camino,Bucaramanga,App
TRX-10751,PROD-2726,2025-05-10,4,1883.85,69.78,15,En Camino,Medellín,Físico
TRX-10752,PROD-2033,2026-01-23,11,1614.59,62.06,14,Devuelto,Medellín,WhatsApp
TRX-10753,PROD-1335,2025-03-17,4,715.95,86.63,16,En Camino,Bogotá,WhatsApp
TRX-10754,PROD-2926,2025-11-25,1,1625.97,12.68,5,Desconocido,Bucaramanga,Físico
TRX-10755,PROD-1079,2025-10-02,9,1846.6,15.0,14,Perdido,Bogotá,WhatsApp
TRX-10756,PROD-3209,2025-05-01,12,1894.6,52.345,16,Devuelto,Ventas_Web,WhatsApp
TRX-10757,PROD-1213,2025-12-08,11,1369.56,87.13,14,En Camino,Medellín,App
TRX-10758,PROD-2433,2024-10-28,3,430.62,52.81,7,Retrasado,Medellín,WhatsApp
TRX-10759,PROD-1918,2024-09-24,5,89.06,30.94,19,En Camino,Barranquilla,Físico
TRX-10760,PROD-3662,2025-10-10,10,302.93,75.12,4,En Camino,Cali,WhatsApp
TRX-10761,PROD-1281,2025-09-18,1,1931.44,89.97,18,Retrasado,Cali,App
TRX-10762,PROD-3669,2025-06-23,8,929.57,70.51,28,Perdido,Medellín,Online
TRX-10763,PROD-1164,2025-03-18,3,1711.42,80.23,22,Retrasado,Ventas_Web,WhatsApp
TRX-10764,PROD-1127,2025-06-13,14,935.44,31.84,21,Perdido,Bucaramanga,Físico
TRX-10765,PROD-2012,2025-03-27,1,1325.03,32.43,15,Desconocido,Medellín,Online
TRX-10766,PROD-1816,2024-10-07,10,58.04,87.09,17,Retrasado,Barranquilla,WhatsApp
TRX-10767,PROD-1083,2026-01-24,6,507.23,63.41,1,Perdido,Medellín,Físico
TRX-10768,PROD-3544,2025-10-28,1,878.18,52.345,24,Perdido,Barranquilla,App
TRX-10769,PROD-1624,2025-06-28,3,1264.96,27.25,15,Entregado,Medellín,Online
TRX-10770,PROD-1977,2025-04-04,5,351.33,54.8,16,Entregado,Bogotá,App
TRX-10771,PROD-1517,2025-04-08,4,1531.46,70.16,24,En Camino,Bogotá,App
TRX-10772,PROD-2939,2025-09-06,7,735.17,25.76,22,Retrasado,Bogotá,App
TRX-10773,PROD-3742,2025-11-07,6,1636.7,67.22,11,Perdido,Medellín,Físico
TRX-10774,PROD-1468,2025-11-17,12,204.96,9.0,9,Entregado,Barranquilla,Físico
TRX-10775,PROD-3310,2025-07-24,3,1362.72,33.85,17,En Camino,Medellín,App
TRX-10776,PROD-1892,2024-11-25,11,593.72,69.03,26,En Camino,Bogotá,App
TRX-10777,PROD-2904,2025-07-09,8,1592.81,19.19,15,En Camino,Bogotá,Físico
TRX-10778,PROD-3865,2024-10-10,8,810.32,26.11,8,Entregado,Bucaramanga,WhatsApp
TRX-10779,PROD-2049,2024-11-25,14,1334.05,88.51,18,Desconocido,Bucaramanga,Online
TRX-10780,PROD-2510,2025-09-19,2,1869.27,52.345,8,Devuelto,Ventas_Web,Físico
TRX-10781,PROD-1687,2025-08-18,7,51.05,69.06,3,Desconocido,Barranquilla,WhatsApp
TRX-10782,PROD-3481,2025-09-15,14,32.12,52.4,22,Desconocido,Ventas_Web,Físico
TRX-10783,PROD-3487,2025-05-31,1,1542.86,25.03,23,En Camino,Medellín,Físico
TRX-10784,PROD-3942,2025-11-24,2,1296.32,37.43,19,Devuelto,Ventas_Web,Online
TRX-10785,PROD-1469,2024-10-09,8,593.03,59.56,14,Devuelto,Ventas_Web,Físico
TRX-10786,PROD-1670,2025-12-09,12,993.85,19.75,2,Devuelto,Medellín,WhatsApp
TRX-10787,PROD-2274,2025-02-10,1,93.45,50.77,1,En Camino,Cali,Físico
TRX-10788,PROD-1442,2025-07-27,2,392.97,43.85,5,Perdido,Cali,Online
TRX-10789,PROD-3370,2025-12-10,12,854.75,50.29,17,Devuelto,Medellín,Físico
TRX-10790,PROD-1105,2026-01-31,1,1669.75,15.03,1,Entregado,Medellín,App
TRX-10791,PROD-2277,2025-11-22,5,964.54,15.12,21,Entregado,Barranquilla,Online
TRX-10792,PROD-3358,2026-01-10,7,1176.86,52.345,16,Devuelto,Cali,Físico
TRX-10793,PROD-3774,2025-08-08,6,1748.77,96.59,3,Devuelto,Bucaramanga,App
TRX-10794,PROD-2537,2025-05-25,6,624.55,98.04,10,Devuelto,Bogotá,App
TRX-10795,PROD-2624,2025-12-16,6,1404.39,45.49,19,Entregado,Bogotá,Online
TRX-10796,PROD-3928,2025-07-09,8,1724.72,79.95,11,Retrasado,Medellín,Online
TRX-10797,PROD-1812,2025-09-08,5,413.21,67.3,23,Perdido,Ventas_Web,Físico
TRX-10798,PROD-1311,2024-12-18,10,719.39,16.11,3,Retrasado,Barranquilla,WhatsApp
TRX-10799,PROD-3425,2025-04-09,7,1959.82,33.18,2,Entregado,Ventas_Web,Online
TRX-10801,PROD-3569,2025-12-14,3,454.23,61.6,3,En Camino,Bogotá,App
TRX-10802,PROD-1994,2025-03-02,9,142.23,60.1,15,Retrasado,Bucaramanga,App
TRX-10803,PROD-1417,2025-02-09,10,549.13,92.73,27,Devuelto,Bucaramanga,Físico
TRX-10804,PROD-3855,2026-01-28,3,801.49,52.345,20,Desconocido,Bucaramanga,Online
TRX-10805,PROD-2235,2024-12-07,14,887.6,80.05,9,Devuelto,Ventas_Web,Físico
TRX-10806,PROD-3802,2024-10-11,14,1241.42,86.4,15,Entregado,Bogotá,Físico
TRX-10807,PROD-3459,2025-10-20,6,1800.01,89.67,28,En Camino,Cali,Online
TRX-10808,PROD-1495,2025-08-18,3,667.39,81.12,2,Retrasado,Ventas_Web,WhatsApp
TRX-10809,PROD-3318,2025-10-28,1,1701.47,36.62,6,En Camino,Ventas_Web,WhatsApp
TRX-10810,PROD-1168,2024-11-11,1,196.02,25.43,5,Perdido,Bogotá,WhatsApp
TRX-10811,PROD-2422,2025-05-12,3,93.33,59.32,6,En Camino,Bucaramanga,Físico
TRX-10812,PROD-3182,2025-07-14,4,1013.05,70.51,5,Perdido,Medellín,Online
TRX-10813,PROD-2754,2025-11-21,14,128.73,41.72,22,Retrasado,Barranquilla,WhatsApp
TRX-10814,PROD-3709,2025-10-21,2,791.05,85.59,12,Devuelto,Barranquilla,Online
TRX-10815,PROD-2517,2024-10-04,9,1794.59,96.25,4,Perdido,Barranquilla,WhatsApp
TRX-10816,PROD-1282,2025-08-23,11,490.55,52.345,24,Devuelto,Cali,App
TRX-10817,PROD-3072,2026-01-14,8,1414.89,59.09,28,En Camino,Barranquilla,App
TRX-10818,PROD-3652,2024-10-07,12,611.71,48.38,25,En Camino,Barranquilla,Online
TRX-10819,PROD-2397,2024-10-20,13,99.39,85.07,26,Retrasado,Bogotá,WhatsApp
TRX-10820,PROD-1051,2025-10-15,3,1117.81,7.31,23,Devuelto,Cali,Online
TRX-10821,PROD-2720,2025-07-11,7,1671.36,17.26,14,Retrasado,Cali,Online
TRX-10822,PROD-3007,2025-10-02,4,824.84,85.34,14,Perdido,Bogotá,Online
TRX-10823,PROD-1432,2025-08-09,5,1238.41,74.54,11,En Camino,Medellín,Físico
TRX-10824,PROD-2775,2025-05-30,4,1801.05,44.53,28,En Camino,Bogotá,WhatsApp
TRX-10825,PROD-2483,2026-01-27,9,1581.49,89.44,1,En Camino,Barranquilla,WhatsApp
TRX-10826,PROD-3603,2024-12-29,11,395.81,38.39,21,Desconocido,Ventas_Web,Online
TRX-10827,PROD-2883,2025-07-22,7,1469.43,65.22,23,En Camino,Medellín,App
TRX-10828,PROD-3897,2025-08-25,13,1008.77,52.345,5,En Camino,Bogotá,Online
TRX-10829,PROD-1626,2024-10-31,4,1494.47,65.26,5,Perdido,Bogotá,App
TRX-10830,PROD-2783,2024-10-30,13,994.09,22.51,12,Perdido,Bogotá,WhatsApp
TRX-10831,PROD-1721,2025-07-19,8,264.64,32.06,5,Retrasado,Ventas_Web,WhatsApp
TRX-10832,PROD-3137,2025-03-20,2,1144.12,92.02,21,Entregado,Bogotá,Online
TRX-10833,PROD-3664,2024-12-28,7,989.35,22.42,13,En Camino,Medellín,Físico
TRX-10834,PROD-2106,2025-10-07,11,1040.66,21.49,11,En Camino,Ventas_Web,WhatsApp
TRX-10835,PROD-3522,2026-01-04,1,1759.02,50.56,21,Entregado,Bucaramanga,WhatsApp
TRX-10836,PROD-3204,2025-07-01,8,1790.73,13.76,1,Retrasado,Ventas_Web,WhatsApp
TRX-10837,PROD-2980,2025-05-18,13,912.54,89.99,12,Perdido,Bogotá,Físico
TRX-10838,PROD-2904,2025-03-05,14,916.91,14.51,6,En Camino,Medellín,WhatsApp
TRX-10839,PROD-2784,2025-12-19,12,1035.22,63.57,27,Retrasado,Bogotá,Online
TRX-10840,PROD-3994,2024-12-28,14,1043.98,52.345,11,Entregado,Ventas_Web,App
TRX-10841,PROD-3426,2025-06-06,13,1901.27,37.28,12,Perdido,Ventas_Web,WhatsApp
TRX-10842,PROD-2099,2025-07-28,6,1302.31,81.41,29,Perdido,Medellín,WhatsApp
TRX-10843,PROD-2320,2025-06-11,12,562.14,61.03,6,Retrasado,Bogotá,Físico
TRX-10844,PROD-2005,2025-07-12,5,1067.76,41.89,24,Devuelto,Bogotá,App
TRX-10845,PROD-1354,2025-06-07,9,1258.17,98.47,5,Devuelto,Bucaramanga,App
TRX-10846,PROD-2142,2025-05-29,9,1283.15,11.29,18,Desconocido,Bogotá,Físico
TRX-10847,PROD-2846,2025-05-25,3,1174.66,59.89,16,Desconocido,Ventas_Web,Online
TRX-10848,PROD-1998,2025-05-31,9,363.69,99.01,13,Devuelto,Ventas_Web,WhatsApp
TRX-10849,PROD-2903,2025-01-23,13,76.85,70.64,7,Entregado,Bogotá,App
TRX-10850,PROD-3334,2025-08-13,13,682.31,75.28,14,Devuelto,Barranquilla,App
TRX-10851,PROD-3499,2026-01-09,9,860.77,8.05,1,Retrasado,Bucaramanga,Online
TRX-10852,PROD-3736,2025-03-10,2,132.99,52.345,21,Perdido,Ventas_Web,Online
TRX-10853,PROD-2552,2025-12-01,5,1631.79,7.03,28,Retrasado,Bucaramanga,WhatsApp
TRX-10854,PROD-2377,2025-03-16,11,694.71,8.43,21,Retrasado,Barranquilla,Físico
TRX-10855,PROD-1117,2025-06-18,2,1828.13,99.21,12,En Camino,Bogotá,Físico
TRX-10856,PROD-3024,2025-04-14,1,317.28,98.05,3,Entregado,Medellín,Online
TRX-10857,PROD-2331,2025-08-13,7,123.3,36.78,18,Perdido,Bogotá,Online
TRX-10858,PROD-1744,2024-11-27,4,969.81,32.64,11,En Camino,Bucaramanga,App
TRX-10859,PROD-2997,2025-08-03,5,386.37,18.87,20,Entregado,Bogotá,Online
TRX-10860,PROD-1868,2025-08-12,4,1875.42,36.27,7,Perdido,Ventas_Web,App
TRX-10861,PROD-2453,2024-11-20,6,30.5,40.16,10,En Camino,Barranquilla,Físico
TRX-10862,PROD-2058,2025-04-29,11,831.11,76.09,19,Desconocido,Bogotá,Físico
TRX-10863,PROD-2394,2026-02-02,2,1854.23,87.3,13,Devuelto,Bogotá,App
TRX-10864,PROD-2145,2025-09-30,8,774.99,52.345,14,Retrasado,Ventas_Web,WhatsApp
TRX-10865,PROD-3441,2025-06-15,4,195.29,75.94,15,Desconocido,Bucaramanga,Físico
TRX-10866,PROD-3872,2025-02-10,8,612.76,66.42,6,Devuelto,Cali,WhatsApp
TRX-10867,PROD-2131,2025-05-16,3,1001.04,77.76,7,Perdido,Barranquilla,App
TRX-10868,PROD-3276,2025-10-13,12,378.45,75.16,13,Desconocido,Medellín,WhatsApp
TRX-10869,PROD-1041,2025-04-28,12,938.46,50.2,16,Desconocido,Bucaramanga,App
TRX-10870,PROD-3116,2024-10-07,11,1674.32,36.91,15,En Camino,Bogotá,App
TRX-10871,PROD-1782,2025-07-21,5,1746.51,31.86,18,En Camino,Bogotá,Online
TRX-10872,PROD-1350,2025-12-07,12,108.03,69.54,3,En Camino,Cali,Físico
TRX-10873,PROD-1988,2025-02-07,3,330.2,96.13,16,Retrasado,Bucaramanga,Físico
TRX-10874,PROD-3949,2025-11-02,12,557.83,60.2,25,En Camino,Bogotá,App
TRX-10875,PROD-2664,2025-05-12,13,1193.78,91.69,1,Entregado,Medellín,WhatsApp
TRX-10876,PROD-3001,2024-12-20,7,728.38,52.345,24,Entregado,Medellín,Online
TRX-10877,PROD-3274,2025-12-29,3,1689.64,6.35,1,Entregado,Bogotá,WhatsApp
TRX-10878,PROD-1984,2024-12-08,12,1436.18,80.47,19,Desconocido,Medellín,Físico
TRX-10879,PROD-3828,2025-02-05,8,209.91,86.09,6,Devuelto,Bogotá,WhatsApp
TRX-10880,PROD-2950,2025-11-01,9,1252.87,64.94,11,Perdido,Ventas_Web,Online
TRX-10881,PROD-3645,2026-01-04,13,234.9,93.74,24,Devuelto,Ventas_Web,WhatsApp
TRX-10882,PROD-3915,2025-11-02,12,517.52,61.04,7,Desconocido,Cali,Físico
TRX-10883,PROD-3010,2025-01-10,2,363.96,27.85,3,Devuelto,Bogotá,App
TRX-10884,PROD-2835,2025-09-10,3,354.39,25.49,28,Retrasado,Ventas_Web,Físico
TRX-10885,PROD-1070,2025-07-20,12,1236.63,57.8,6,Desconocido,Bucaramanga,Online
TRX-10886,PROD-1381,2024-12-22,13,1131.57,91.12,1,Devuelto,Bucaramanga,App
TRX-10887,PROD-2205,2025-11-20,7,360.3,11.87,8,Retrasado,Medellín,Online
TRX-10888,PROD-1907,2025-09-27,5,1980.44,52.345,25,Entregado,Bucaramanga,Físico
TRX-10889,PROD-2656,2025-11-02,10,849.46,62.42,25,Entregado,Barranquilla,WhatsApp
TRX-10890,PROD-3833,2025-11-10,7,203.17,78.13,14,Devuelto,Bucaramanga,Físico
TRX-10891,PROD-1996,2025-03-31,2,249.93,15.96,4,Devuelto,Bogotá,WhatsApp
TRX-10892,PROD-2254,2024-12-04,14,1171.95,16.09,4,Entregado,Bogotá,App
TRX-10893,PROD-3719,2025-03-14,14,1958.35,39.78,23,En Camino,Bogotá,WhatsApp
TRX-10894,PROD-3382,2024-10-27,4,1148.18,31.02,23,Entregado,Barranquilla,WhatsApp
TRX-10895,PROD-2511,2025-04-20,1,1898.59,23.84,16,En Camino,Barranquilla,App
TRX-10896,PROD-2938,2025-07-17,5,893.82,23.88,11,Entregado,Barranquilla,Online
TRX-10897,PROD-3267,2025-02-02,8,877.32,17.41,22,Perdido,Barranquilla,App
TRX-10898,PROD-3174,2025-07-02,1,1005.01,63.03,7,Retrasado,Medellín,Online
TRX-10899,PROD-2408,2025-04-08,7,1397.88,70.37,1,Retrasado,Cali,App
TRX-10901,PROD-3254,2024-10-24,7,1729.13,71.78,29,En Camino,Medellín,Físico
TRX-10902,PROD-2354,2025-02-05,7,68.27,55.57,6,Devuelto,Bucaramanga,WhatsApp
TRX-10903,PROD-2441,2025-05-28,1,885.13,95.53,24,Devuelto,Cali,Online
TRX-10904,PROD-3878,2025-09-16,12,1026.87,88.65,13,Retrasado,Medellín,Físico
TRX-10905,PROD-2858,2025-08-29,11,1217.99,95.97,21,Devuelto,Medellín,WhatsApp
TRX-10906,PROD-2109,2025-02-15,3,559.38,41.94,12,En Camino,Ventas_Web,WhatsApp
TRX-10907,PROD-2255,2025-08-22,11,860.69,88.39,23,Devuelto,Cali,Físico
TRX-10908,PROD-2029,2025-02-12,2,974.23,77.47,19,Entregado,Medellín,WhatsApp
TRX-10909,PROD-1944,2025-05-14,5,1376.95,37.3,26,Perdido,Bogotá,Online
TRX-10910,PROD-1494,2025-11-06,2,1549.35,15.13,17,Retrasado,Bogotá,App
TRX-10911,PROD-3954,2025-12-03,13,1478.28,69.85,23,Devuelto,Medellín,Online
TRX-10912,PROD-1788,2024-11-05,14,689.75,52.345,21,En Camino,Barranquilla,WhatsApp
TRX-10913,PROD-2292,2024-10-24,5,1998.91,17.96,1,Devuelto,Bucaramanga,Físico
TRX-10914,PROD-1489,2025-05-11,5,1698.84,32.91,9,Perdido,Medellín,Físico
TRX-10915,PROD-3194,2024-10-20,4,527.45,52.53,25,Entregado,Bucaramanga,Físico
TRX-10916,PROD-3826,2025-11-19,11,398.26,69.59,22,Desconocido,Bogotá,WhatsApp
TRX-10917,PROD-1758,2026-01-26,7,634.9,92.99,27,Retrasado,Medellín,Físico
TRX-10918,PROD-1784,2025-03-01,10,910.17,61.36,25,Retrasado,Cali,Online
TRX-10919,PROD-1886,2025-08-21,6,1703.09,68.78,23,En Camino,Bucaramanga,Online
TRX-10920,PROD-2983,2025-04-17,2,1558.94,34.45,8,Entregado,Medellín,WhatsApp
TRX-10921,PROD-2132,2024-10-10,4,1703.98,70.29,27,Devuelto,Medellín,Online
TRX-10922,PROD-3967,2025-01-03,13,551.19,46.59,2,Devuelto,Bogotá,Online
TRX-10923,PROD-3414,2024-12-01,14,1190.99,86.41,18,Desconocido,Medellín,Físico
TRX-10924,PROD-3148,2025-01-19,11,573.67,52.345,4,Desconocido,Cali,App
TRX-10925,PROD-3444,2025-02-08,7,226.96,42.28,1,Desconocido,Medellín,Online
TRX-10926,PROD-2159,2025-03-01,9,1371.55,49.49,24,En Camino,Medellín,WhatsApp
TRX-10927,PROD-1411,2025-05-12,9,294.57,46.1,21,Entregado,Bogotá,Físico
TRX-10928,PROD-1795,2025-02-17,12,1338.72,82.06,12,En Camino,Medellín,Online
TRX-10929,PROD-2213,2025-09-10,3,1299.45,95.6,16,Perdido,Ventas_Web,WhatsApp
TRX-10930,PROD-1931,2025-11-20,1,1622.39,36.09,23,Perdido,Medellín,WhatsApp
TRX-10931,PROD-2478,2025-10-19,9,287.71,50.13,28,Devuelto,Bogotá,Físico
TRX-10932,PROD-1734,2025-05-23,8,1569.13,72.06,18,Perdido,Medellín,WhatsApp
TRX-10933,PROD-2238,2024-10-27,7,1998.56,90.06,5,En Camino,Bogotá,App
TRX-10934,PROD-1057,2025-08-13,6,1703.57,51.9,16,Retrasado,Bogotá,App
TRX-10935,PROD-3900,2025-10-09,14,1506.11,15.34,9,Perdido,Bogotá,Online
TRX-10936,PROD-3187,2025-09-12,10,1327.71,52.345,9,En Camino,Bogotá,App
TRX-10937,PROD-1518,2025-05-19,7,849.35,40.02,2,Retrasado,Cali,Físico
TRX-10938,PROD-2123,2025-08-22,11,1463.7,57.28,14,Retrasado,Bogotá,Físico
TRX-10939,PROD-1186,2025-02-18,9,1451.11,44.66,11,Desconocido,Medellín,Online
TRX-10940,PROD-1223,2025-01-11,6,1266.68,22.72,2,Desconocido,Bucaramanga,App
TRX-10941,PROD-3266,2025-11-04,14,1594.59,8.51,16,Perdido,Bogotá,WhatsApp
TRX-10942,PROD-2196,2024-10-09,14,903.04,70.3,21,Entregado,Medellín,WhatsApp
TRX-10943,PROD-3856,2025-10-29,10,251.29,99.31,19,Desconocido,Medellín,App
TRX-10944,PROD-1517,2025-05-06,3,1122.54,92.32,13,Perdido,Ventas_Web,Físico
TRX-10945,PROD-3612,2025-02-09,13,537.44,69.91,17,Perdido,Bogotá,Físico
TRX-10946,PROD-3010,2025-02-13,14,775.02,84.95,27,Entregado,Bucaramanga,Físico
TRX-10947,PROD-1420,2025-06-09,3,44.66,29.29,29,Perdido,Medellín,Físico
TRX-10948,PROD-1050,2025-04-27,4,771.75,52.345,1,En Camino,Bucaramanga,App
TRX-10949,PROD-3351,2025-03-03,10,1619.51,64.13,21,Entregado,Ventas_Web,Online
TRX-10950,PROD-2164,2024-12-23,13,1090.02,10.76,19,En Camino,Bogotá,App
TRX-10951,PROD-2922,2025-03-15,14,29.5,72.18,16,Retrasado,Medellín,App
TRX-10952,PROD-2960,2025-08-19,14,944.99,97.14,25,Entregado,Bogotá,Físico
TRX-10953,PROD-2804,2025-04-15,10,589.99,86.78,13,Retrasado,Bogotá,Físico
TRX-10954,PROD-2395,2025-11-11,8,960.33,55.77,28,Desconocido,Ventas_Web,Físico
TRX-10955,PROD-1755,2025-02-22,10,815.34,79.93,19,Devuelto,Barranquilla,Online
TRX-10956,PROD-1210,2025-01-03,9,1864.64,94.67,3,Devuelto,Medellín,Online
TRX-10957,PROD-2034,2025-04-12,14,91.94,25.52,3,En Camino,Bogotá,Físico
TRX-10958,PROD-2956,2025-06-29,8,1370.34,80.36,1,Retrasado,Bogotá,Físico
TRX-10959,PROD-1467,2024-11-26,11,1703.54,30.64,3,Retrasado,Cali,App
TRX-10960,PROD-1267,2025-01-17,10,1918.88,52.345,16,Entregado,Barranquilla,App
TRX-10961,PROD-2641,2025-02-22,2,363.5,88.31,21,Devuelto,Ventas_Web,App
TRX-10962,PROD-3014,2025-02-25,4,1067.3,14.34,8,En Camino,Medellín,Físico
TRX-10963,PROD-1303,2025-03-05,4,96.74,21.93,23,En Camino,Ventas_Web,App
TRX-10964,PROD-3363,2024-12-13,12,1003.38,73.46,16,Entregado,Bucaramanga,WhatsApp
TRX-10965,PROD-3578,2024-09-28,2,259.66,21.6,28,Entregado,Medellín,Online
TRX-10966,PROD-3811,2025-08-10,13,1677.41,20.02,13,Desconocido,Cali,App
TRX-10967,PROD-1219,2024-11-28,8,236.6,57.77,13,En Camino,Cali,Online
TRX-10968,PROD-1621,2025-05-18,3,1031.44,84.32,11,Entregado,Bucaramanga,App
TRX-10969,PROD-1611,2024-12-03,2,1046.98,30.5,4,Desconocido,Bucaramanga,Online
TRX-10970,PROD-3305,2024-12-26,7,1943.58,84.91,4,Retrasado,Bucaramanga,Físico
TRX-10971,PROD-2244,2025-07-23,1,1313.41,81.76,15,En Camino,Ventas_Web,WhatsApp
TRX-10972,PROD-1348,2026-01-02,6,582.8,52.345,28,Perdido,Bogotá,Online
TRX-10973,PROD-2016,2026-02-02,13,489.19,60.02,4,Devuelto,Barranquilla,App
TRX-10974,PROD-1485,2025-08-14,13,265.21,66.42,8,Devuelto,Bogotá,Físico
TRX-10975,PROD-3285,2024-12-09,3,1515.46,8.84,24,Perdido,Ventas_Web,WhatsApp
TRX-10976,PROD-2704,2024-11-28,13,1384.61,39.88,2,Perdido,Cali,Físico
TRX-10977,PROD-3483,2025-03-17,3,1223.66,30.02,15,Retrasado,Bucaramanga,Físico
TRX-10978,PROD-3441,2025-08-09,5,91.27,19.25,23,En Camino,Cali,Online
TRX-10979,PROD-3533,2025-03-13,14,1528.03,42.02,28,Entregado,Barranquilla,WhatsApp
TRX-10980,PROD-1924,2026-01-13,3,1287.36,38.72,27,Devuelto,Medellín,Físico
TRX-10981,PROD-3140,2025-06-04,12,1928.14,74.24,14,Perdido,Bogotá,App
TRX-10982,PROD-2558,2024-11-24,4,1178.53,61.82,28,En Camino,Barranquilla,Físico
TRX-10983,PROD-2845,2025-07-21,13,614.86,91.74,21,Entregado,Bogotá,App
TRX-10984,PROD-2813,2025-10-30,13,769.23,52.345,2,Devuelto,Ventas_Web,Físico
TRX-10985,PROD-2217,2025-05-26,3,359.92,18.81,29,En Camino,Medellín,WhatsApp
TRX-10986,PROD-3410,2025-04-02,7,1448.6,10.68,3,Devuelto,Cali,WhatsApp
TRX-10987,PROD-2756,2026-01-02,3,1418.37,55.79,11,Retrasado,Bucaramanga,WhatsApp
TRX-10988,PROD-2250,2025-08-17,14,409.29,5.1,7,Devuelto,Ventas_Web,Online
TRX-10989,PROD-3329,2024-12-02,10,325.39,79.83,16,Retrasado,Ventas_Web,Físico
TRX-10990,PROD-3543,2025-09-23,4,163.24,53.07,22,Retrasado,Medellín,WhatsApp
TRX-10991,PROD-1246,2025-05-09,2,1824.83,51.37,22,Retrasado,Medellín,App
TRX-10992,PROD-3497,2025-11-30,2,473.81,39.44,28,Entregado,Bogotá,App
TRX-10993,PROD-1406,2024-11-24,9,694.89,40.62,7,Desconocido,Cali,Físico
TRX-10994,PROD-1851,2025-07-16,11,568.2,45.96,22,Entregado,Medellín,WhatsApp
TRX-10995,PROD-3562,2025-05-25,1,833.11,6.52,11,Retrasado,Barranquilla,Online
TRX-10996,PROD-1864,2024-09-29,1,1430.96,52.345,2,En Camino,Bogotá,WhatsApp
TRX-10997,PROD-2083,2025-10-20,10,1742.49,12.94,8,Desconocido,Bogotá,Físico
TRX-10998,PROD-3705,2025-06-09,1,373.37,52.98,7,Desconocido,Bucaramanga,Online
TRX-10999,PROD-1332,2024-12-20,14,1375.96,19.26,6,Retrasado,Ventas_Web,App
TRX-11001,PROD-1982,2025-04-14,3,1961.25,31.08,16,Devuelto,Bogotá,WhatsApp
TRX-11002,PROD-1711,2025-02-03,2,604.85,14.3,21,Entregado,Cali,App
TRX-11003,PROD-3260,2024-12-13,3,24.31,27.34,11,En Camino,Medellín,Físico
TRX-11004,PROD-1307,2026-01-23,14,1036.12,38.92,22,Desconocido,Medellín,Online
TRX-11005,PROD-1641,2024-10-13,5,309.95,8.36,3,En Camino,Barranquilla,App
TRX-11006,PROD-1010,2025-10-26,9,98.54,18.46,18,En Camino,Barranquilla,Online
TRX-11007,PROD-2673,2025-01-28,2,1399.56,35.77,9,Perdido,Barranquilla,Físico
TRX-11008,PROD-2845,2025-04-05,12,1467.2,52.345,17,Entregado,Cali,Online
TRX-11009,PROD-3823,2025-04-04,11,926.79,34.5,2,Perdido,Ventas_Web,Online
TRX-11010,PROD-3432,2025-03-25,14,1357.0,81.04,27,Devuelto,Medellín,WhatsApp
TRX-11011,PROD-2924,2025-05-27,1,1081.1,85.11,10,En Camino,Ventas_Web,App
TRX-11012,PROD-2192,2025-09-18,11,1263.3,23.37,10,Entregado,Medellín,Online
TRX-11013,PROD-1133,2025-09-17,6,1197.44,16.77,17,Desconocido,Barranquilla,Online
TRX-11014,PROD-1948,2025-08-12,3,1334.99,65.25,8,Entregado,Barranquilla,App
TRX-11015,PROD-2180,2025-03-01,13,407.26,81.44,20,Entregado,Bogotá,App
TRX-11016,PROD-3895,2025-04-04,7,544.73,96.55,6,En Camino,Bucaramanga,Físico
TRX-11017,PROD-2158,2025-01-10,6,885.53,5.65,11,Desconocido,Bogotá,App
TRX-11018,PROD-3879,2025-11-09,11,897.79,44.3,5,Retrasado,Medellín,Online
TRX-11019,PROD-2859,2024-11-27,7,1551.08,74.73,24,Retrasado,Barranquilla,WhatsApp
TRX-11020,PROD-1291,2025-11-14,13,741.11,52.345,10,Retrasado,Bogotá,Físico
TRX-11021,PROD-3815,2025-06-03,13,333.39,83.71,23,Perdido,Barranquilla,App
TRX-11022,PROD-1956,2025-07-02,5,510.42,10.92,1,En Camino,Barranquilla,App
TRX-11023,PROD-2083,2024-11-21,1,437.32,69.66,8,Devuelto,Medellín,App
TRX-11024,PROD-3560,2025-01-18,14,1466.0,32.45,4,Perdido,Bucaramanga,Físico
TRX-11025,PROD-3415,2025-11-19,3,945.98,12.09,7,Entregado,Medellín,Físico
TRX-11026,PROD-3708,2024-11-05,3,1420.18,51.46,19,Retrasado,Medellín,App
TRX-11027,PROD-1810,2026-01-21,7,838.28,20.02,15,Entregado,Medellín,Físico
TRX-11028,PROD-2741,2025-04-20,14,1780.57,75.02,2,Perdido,Bucaramanga,WhatsApp
TRX-11029,PROD-1470,2024-10-28,13,1967.21,75.42,17,Desconocido,Cali,Online
TRX-11030,PROD-3230,2024-10-11,3,1342.99,85.0,26,Retrasado,Bucaramanga,WhatsApp
TRX-11031,PROD-1920,2024-12-22,11,1728.99,40.87,21,En Camino,Bogotá,Online
TRX-11032,PROD-3652,2025-07-20,5,1020.79,52.345,16,Retrasado,Medellín,Físico
TRX-11033,PROD-1610,2025-04-22,4,1869.9,6.26,27,Retrasado,Bogotá,App
TRX-11034,PROD-2088,2025-11-01,4,1664.86,29.67,14,Desconocido,Bogotá,Físico
TRX-11035,PROD-1582,2025-11-03,13,1983.64,49.44,3,Retrasado,Medellín,WhatsApp
TRX-11036,PROD-1292,2025-05-02,7,1249.96,70.93,27,Perdido,Bogotá,WhatsApp
TRX-11037,PROD-1244,2025-04-27,1,1560.62,41.29,19,Retrasado,Bucaramanga,Físico
TRX-11038,PROD-1679,2025-05-03,7,1090.31,55.92,8,Desconocido,Bogotá,App
TRX-11039,PROD-2259,2025-11-07,8,525.65,54.81,17,Perdido,Bogotá,App
TRX-11040,PROD-3437,2024-12-29,3,715.96,20.67,29,Entregado,Bogotá,Online
TRX-11041,PROD-3331,2025-12-22,3,1789.07,64.19,18,En Camino,Medellín,WhatsApp
TRX-11042,PROD-2182,2024-10-11,4,121.34,46.73,1,Retrasado,Barranquilla,Online
TRX-11043,PROD-2798,2025-07-16,13,1187.04,81.75,7,Perdido,Bogotá,Físico
TRX-11044,PROD-1509,2024-10-18,6,751.24,52.345,4,Retrasado,Ventas_Web,Online
TRX-11045,PROD-2919,2024-10-20,14,779.52,70.61,3,Retrasado,Bogotá,App
TRX-11046,PROD-3820,2024-11-25,7,1770.3,15.59,19,Desconocido,Bucaramanga,WhatsApp
TRX-11047,PROD-2245,2025-08-12,1,1709.11,51.43,10,Retrasado,Cali,App
TRX-11048,PROD-3866,2025-05-03,13,1201.7,71.74,27,Devuelto,Medellín,Online
TRX-11049,PROD-2648,2024-12-11,4,553.11,13.27,3,En Camino,Bucaramanga,Físico
TRX-11050,PROD-2115,2024-11-12,12,956.16,80.29,2,En Camino,Medellín,Online
TRX-11051,PROD-3049,2025-12-24,7,822.5,26.09,5,Perdido,Medellín,App
TRX-11052,PROD-3211,2025-01-02,11,713.7,52.79,17,Entregado,Bogotá,WhatsApp
TRX-11053,PROD-3022,2025-03-17,2,214.54,94.35,5,Entregado,Barranquilla,Online
TRX-11054,PROD-2793,2024-10-02,1,1090.8,59.28,26,Entregado,Ventas_Web,WhatsApp
TRX-11055,PROD-1329,2025-05-17,1,610.64,45.29,14,Retrasado,Barranquilla,WhatsApp
TRX-11056,PROD-3449,2025-12-23,10,1325.01,52.345,16,Desconocido,Bucaramanga,Online
TRX-11057,PROD-1163,2025-11-19,14,645.22,5.65,24,Perdido,Ventas_Web,App
TRX-11058,PROD-2769,2024-12-31,14,868.02,17.67,23,Retrasado,Bogotá,Físico
TRX-11059,PROD-2320,2026-02-03,6,114.2,59.97,14,Desconocido,Bogotá,App
TRX-11060,PROD-3472,2025-10-05,12,1985.15,51.91,27,Devuelto,Ventas_Web,Online
TRX-11061,PROD-2025,2025-05-08,5,1020.14,39.56,19,Perdido,Bogotá,WhatsApp
TRX-11062,PROD-1105,2025-10-30,1,58.23,92.71,13,Perdido,Medellín,App
TRX-11063,PROD-1374,2024-11-25,10,1087.05,36.59,12,Desconocido,Medellín,Físico
TRX-11064,PROD-1937,2025-10-07,3,1742.0,56.03,25,Perdido,Bogotá,WhatsApp
TRX-11065,PROD-3761,2024-10-11,11,1547.38,59.03,27,Desconocido,Medellín,Físico
TRX-11066,PROD-3356,2025-08-20,7,1404.8,55.11,26,Devuelto,Bogotá,WhatsApp
TRX-11067,PROD-3404,2025-08-06,12,287.53,50.37,16,Perdido,Bogotá,Físico
TRX-11068,PROD-1084,2025-02-10,9,1318.9,52.345,29,Desconocido,Cali,Físico
TRX-11069,PROD-3753,2024-10-17,13,1534.93,37.02,23,Desconocido,Barranquilla,Online
TRX-11070,PROD-2103,2025-05-08,9,1149.11,91.33,17,Devuelto,Medellín,Online
TRX-11071,PROD-3360,2024-12-20,6,1786.57,47.83,22,Entregado,Ventas_Web,WhatsApp
TRX-11072,PROD-1164,2024-12-23,3,561.21,55.2,20,Desconocido,Ventas_Web,Online
TRX-11073,PROD-1717,2024-11-03,1,491.87,67.37,6,Desconocido,Cali,Online
TRX-11074,PROD-2927,2025-09-30,3,1740.44,11.43,14,Perdido,Medellín,Físico
TRX-11075,PROD-3125,2025-07-14,10,1254.54,79.22,16,Retrasado,Cali,WhatsApp
TRX-11076,PROD-3668,2025-11-10,2,12.88,53.69,3,En Camino,Medellín,Físico
TRX-11077,PROD-2811,2025-10-16,11,712.73,67.43,21,Devuelto,Bogotá,Online
TRX-11078,PROD-2139,2024-12-12,5,1717.13,78.34,19,Entregado,Medellín,Online
TRX-11079,PROD-1743,2025-10-29,8,64.37,88.04,7,Entregado,Medellín,App
TRX-11080,PROD-3397,2025-01-07,5,16.46,52.345,5,En Camino,Barranquilla,Físico
TRX-11081,PROD-2785,2025-01-11,1,569.71,42.26,20,Perdido,Bogotá,Online
TRX-11082,PROD-3600,2025-06-26,3,1828.86,82.09,26,Retrasado,Medellín,WhatsApp
TRX-11083,PROD-3014,2025-04-24,12,1803.94,29.59,23,En Camino,Medellín,WhatsApp
TRX-11084,PROD-1373,2025-05-11,5,1042.34,67.73,23,Perdido,Ventas_Web,Online
TRX-11085,PROD-2925,2025-07-25,7,1110.94,14.76,10,Desconocido,Cali,Online
TRX-11086,PROD-2425,2025-01-21,5,670.7,6.9,9,Perdido,Bogotá,Online
TRX-11087,PROD-2672,2025-02-03,14,495.04,14.1,3,Devuelto,Medellín,WhatsApp
TRX-11088,PROD-2365,2025-07-25,10,1632.29,35.34,27,Retrasado,Ventas_Web,Online
TRX-11089,PROD-2315,2025-04-18,5,221.53,7.95,27,Retrasado,Bogotá,Físico
TRX-11090,PROD-3744,2025-12-16,7,979.84,64.9,10,Devuelto,Medellín,App
TRX-11091,PROD-1428,2025-09-28,13,1272.45,35.07,16,Perdido,Bogotá,App
TRX-11092,PROD-1658,2025-06-06,8,216.32,52.345,24,Perdido,Ventas_Web,App
TRX-11093,PROD-2350,2025-03-26,14,1044.02,74.96,23,Retrasado,Bogotá,Físico
TRX-11094,PROD-2686,2025-07-05,8,1159.27,9.36,9,Retrasado,Bogotá,Online
TRX-11095,PROD-3841,2025-12-08,7,1487.57,25.59,2,Retrasado,Cali,App
TRX-11096,PROD-3029,2025-09-20,13,477.32,43.76,6,Retrasado,Bogotá,WhatsApp
TRX-11097,PROD-2180,2025-03-21,14,593.72,41.35,5,Perdido,Bogotá,Online
TRX-11098,PROD-3713,2025-11-17,3,1143.35,17.44,3,Retrasado,Bogotá,WhatsApp
TRX-11099,PROD-2640,2024-11-09,11,1966.42,99.44,7,Desconocido,Medellín,App
TRX-11101,PROD-1150,2025-10-12,2,1971.95,73.5,21,Devuelto,Bogotá,App
TRX-11102,PROD-2862,2024-10-11,1,1431.54,25.9,6,Desconocido,Bogotá,App
TRX-11103,PROD-1360,2024-11-07,6,1653.9,88.4,4,Entregado,Medellín,Online
TRX-11104,PROD-2288,2025-12-17,13,188.39,52.345,23,Devuelto,Bogotá,Online
TRX-11105,PROD-2033,2025-10-13,9,607.84,41.84,29,Devuelto,Barranquilla,App
TRX-11106,PROD-2324,2024-11-17,3,124.9,90.59,13,En Camino,Bucaramanga,Físico
TRX-11107,PROD-1474,2025-05-09,5,749.38,37.47,23,Devuelto,Medellín,WhatsApp
TRX-11108,PROD-2655,2025-02-14,9,1962.77,5.82,5,En Camino,Ventas_Web,WhatsApp
TRX-11109,PROD-3107,2024-12-23,14,219.49,54.12,15,En Camino,Barranquilla,Físico
TRX-11110,PROD-1004,2024-12-13,14,1129.12,54.85,7,En Camino,Medellín,Online
TRX-11111,PROD-3693,2025-05-05,9,22.08,16.38,7,Desconocido,Barranquilla,App
TRX-11112,PROD-3222,2024-12-10,7,1428.24,27.32,10,Devuelto,Barranquilla,App
TRX-11113,PROD-2892,2025-02-19,14,402.41,79.43,13,Entregado,Bogotá,App
TRX-11114,PROD-2692,2025-09-18,4,267.87,8.49,24,Desconocido,Medellín,WhatsApp
TRX-11115,PROD-1222,2025-07-02,11,680.67,51.51,11,En Camino,Medellín,Físico
TRX-11116,PROD-1768,2025-07-30,2,1544.38,52.345,1,Retrasado,Ventas_Web,Físico
TRX-11117,PROD-3123,2026-01-20,2,222.16,55.39,20,Retrasado,Ventas_Web,App
TRX-11118,PROD-2481,2025-03-01,4,467.38,70.43,11,Perdido,Cali,App
TRX-11119,PROD-3550,2025-08-04,1,26.84,8.56,1,Retrasado,Bogotá,Físico
TRX-11120,PROD-3041,2025-09-22,14,1937.15,60.64,3,Retrasado,Barranquilla,WhatsApp
TRX-11121,PROD-3561,2026-01-02,4,1188.37,5.29,8,En Camino,Cali,Online
TRX-11122,PROD-2810,2025-02-25,12,1442.6,30.19,13,Desconocido,Cali,App
TRX-11123,PROD-1211,2025-02-25,14,1306.25,52.47,28,Devuelto,Medellín,Físico
TRX-11124,PROD-1833,2025-10-03,11,297.29,91.57,7,Desconocido,Bogotá,WhatsApp
TRX-11125,PROD-2093,2025-04-12,6,1193.93,17.03,3,Desconocido,Ventas_Web,Online
TRX-11126,PROD-3249,2026-01-03,6,271.52,21.08,20,Retrasado,Bogotá,Físico
TRX-11127,PROD-1536,2025-11-05,7,808.46,68.58,2,Devuelto,Bogotá,App
TRX-11128,PROD-2179,2025-08-29,5,1142.24,52.345,18,Entregado,Barranquilla,Físico
TRX-11129,PROD-2794,2025-12-28,9,1122.17,40.61,5,Desconocido,Bogotá,WhatsApp
TRX-11130,PROD-3860,2025-08-30,2,246.96,64.23,29,Desconocido,Medellín,App
TRX-11131,PROD-2985,2025-01-17,2,78.53,99.76,18,Retrasado,Bogotá,Físico
TRX-11132,PROD-1497,2025-02-23,4,1598.49,98.75,16,Entregado,Ventas_Web,Físico
TRX-11133,PROD-1118,2025-09-21,4,1454.59,38.6,27,Entregado,Bogotá,App
TRX-11134,PROD-3580,2025-08-19,4,172.82,52.87,7,Perdido,Barranquilla,App
TRX-11135,PROD-3493,2025-01-19,1,263.56,90.95,1,Devuelto,Bogotá,WhatsApp
TRX-11136,PROD-1980,2025-04-09,4,1786.24,13.76,9,Devuelto,Bogotá,App
TRX-11137,PROD-3907,2025-10-28,12,1540.57,47.97,15,Perdido,Ventas_Web,WhatsApp
TRX-11138,PROD-1648,2026-01-01,5,1992.36,40.87,26,En Camino,Bucaramanga,Físico
TRX-11139,PROD-2272,2025-06-12,9,515.44,33.01,1,Perdido,Ventas_Web,App
TRX-11140,PROD-3256,2025-03-25,3,980.73,52.345,27,Desconocido,Bogotá,WhatsApp
TRX-11141,PROD-1056,2025-12-14,3,480.55,99.45,17,Perdido,Cali,Físico
TRX-11142,PROD-3262,2025-02-17,14,1249.37,74.69,9,Perdido,Cali,Online
TRX-11143,PROD-2671,2025-03-07,5,239.67,41.93,23,Entregado,Bucaramanga,Físico
TRX-11144,PROD-1381,2024-12-06,10,263.21,83.76,15,Devuelto,Bogotá,App
TRX-11145,PROD-1920,2025-05-16,6,153.06,51.52,10,En Camino,Medellín,WhatsApp
TRX-11146,PROD-1464,2025-08-02,3,1390.24,87.92,28,Retrasado,Medellín,Online
TRX-11147,PROD-2890,2025-06-21,1,993.2,30.31,20,Retrasado,Ventas_Web,WhatsApp
TRX-11148,PROD-1481,2025-03-20,10,1239.29,26.24,3,Retrasado,Bucaramanga,WhatsApp
TRX-11149,PROD-3653,2025-07-02,8,1759.81,28.49,28,En Camino,Bucaramanga,Online
TRX-11150,PROD-1630,2024-11-12,12,1483.25,56.16,5,Retrasado,Ventas_Web,Online
TRX-11151,PROD-3041,2024-12-06,1,928.83,32.67,2,En Camino,Bogotá,WhatsApp
TRX-11152,PROD-3935,2025-02-13,2,1968.87,52.345,22,Retrasado,Bogotá,App
TRX-11153,PROD-2195,2025-08-31,3,917.95,18.98,6,Retrasado,Ventas_Web,Online
TRX-11154,PROD-3084,2025-03-29,6,233.78,99.49,16,En Camino,Cali,App
TRX-11155,PROD-3889,2025-01-23,4,1985.38,90.54,12,Devuelto,Ventas_Web,Online
TRX-11156,PROD-2119,2025-08-20,4,55.41,65.33,17,Desconocido,Medellín,WhatsApp
TRX-11157,PROD-2701,2025-05-31,9,1104.27,89.7,12,Desconocido,Medellín,Online
TRX-11158,PROD-2976,2025-07-15,6,625.1,93.87,26,En Camino,Bogotá,WhatsApp
TRX-11159,PROD-2934,2025-08-11,12,1012.07,69.23,25,En Camino,Medellín,Online
TRX-11160,PROD-1998,2025-01-30,2,1121.84,54.27,17,Perdido,Bogotá,Online
TRX-11161,PROD-2870,2025-06-01,7,487.79,88.79,22,Entregado,Bogotá,Online
TRX-11162,PROD-3257,2025-09-15,13,1118.15,58.94,7,Entregado,Ventas_Web,Físico
TRX-11163,PROD-1592,2025-11-28,3,1514.56,17.05,24,Devuelto,Bogotá,Online
TRX-11164,PROD-2571,2025-03-21,9,540.35,52.345,16,Devuelto,Barranquilla,Físico
TRX-11165,PROD-1780,2025-11-04,6,773.02,39.85,18,Devuelto,Ventas_Web,App
TRX-11166,PROD-3455,2025-09-06,8,543.8,47.36,27,Entregado,Bucaramanga,App
TRX-11167,PROD-3081,2026-01-30,13,1642.91,93.86,8,Devuelto,Medellín,Online
TRX-11168,PROD-1559,2025-01-10,13,1452.71,67.62,27,Desconocido,Medellín,App
TRX-11169,PROD-1285,2026-01-17,1,1743.68,88.15,26,Devuelto,Bogotá,Online
TRX-11170,PROD-2131,2026-01-03,2,348.4,76.97,18,En Camino,Bucaramanga,Físico
TRX-11171,PROD-2699,2025-08-26,6,156.42,34.44,2,Desconocido,Bogotá,App
TRX-11172,PROD-2392,2024-12-09,3,247.57,73.28,9,Desconocido,Bogotá,WhatsApp
TRX-11173,PROD-3079,2026-01-01,1,330.43,23.55,23,En Camino,Bogotá,Online
TRX-11174,PROD-2094,2024-09-24,6,1070.83,43.77,24,Entregado,Bogotá,Online
TRX-11175,PROD-1010,2025-08-09,5,1942.12,81.58,16,En Camino,Bucaramanga,App
TRX-11176,PROD-2158,2025-06-25,13,720.9,52.345,17,Devuelto,Bogotá,App
TRX-11177,PROD-3973,2025-07-09,9,1917.43,63.13,10,En Camino,Bucaramanga,App
TRX-11178,PROD-2222,2025-07-16,6,86.02,83.41,22,Desconocido,Medellín,Online
TRX-11179,PROD-3404,2025-03-10,5,1854.48,29.2,1,Perdido,Bogotá,WhatsApp
TRX-11180,PROD-3375,2025-05-20,1,370.49,76.23,21,En Camino,Bucaramanga,Online
TRX-11181,PROD-3703,2025-12-25,1,1825.83,24.22,18,Entregado,Medellín,Online
TRX-11182,PROD-3005,2026-01-10,11,121.89,56.8,15,Devuelto,Bogotá,Físico
TRX-11183,PROD-1608,2024-10-15,1,1896.96,46.19,9,Desconocido,Cali,Online
TRX-11184,PROD-2829,2025-07-13,7,409.59,57.87,3,Desconocido,Bogotá,Online
TRX-11185,PROD-3206,2025-03-13,6,612.4,17.88,16,Devuelto,Medellín,Online
TRX-11186,PROD-2983,2025-08-11,14,986.98,39.32,26,Entregado,Cali,WhatsApp
TRX-11187,PROD-2413,2025-08-06,5,767.63,68.36,23,En Camino,Barranquilla,App
TRX-11188,PROD-2361,2025-10-23,4,1338.38,52.345,15,Devuelto,Bogotá,Online
TRX-11189,PROD-3260,2025-07-05,11,1949.87,58.06,2,Devuelto,Barranquilla,Físico
TRX-11190,PROD-3225,2026-01-14,14,1216.79,57.15,10,Perdido,Bogotá,Físico
TRX-11191,PROD-2545,2025-08-31,13,1445.76,53.53,4,Entregado,Bogotá,App
TRX-11192,PROD-2865,2025-04-03,13,185.13,94.67,26,Desconocido,Bogotá,Físico
TRX-11193,PROD-2318,2025-03-10,11,1259.35,93.78,19,Desconocido,Medellín,Físico
TRX-11194,PROD-1772,2025-10-31,8,913.16,39.21,17,En Camino,Medellín,WhatsApp
TRX-11195,PROD-3856,2025-01-18,11,1772.71,38.43,10,En Camino,Bogotá,Online
TRX-11196,PROD-1978,2024-09-28,8,782.54,57.72,22,Devuelto,Medellín,Online
TRX-11197,PROD-3342,2025-08-19,5,1362.11,14.08,21,Retrasado,Medellín,Online
TRX-11198,PROD-2568,2026-01-18,4,464.03,33.79,6,Perdido,Bucaramanga,Online
TRX-11199,PROD-1956,2025-02-01,2,526.15,26.93,1,Perdido,Medellín,Online
TRX-11201,PROD-1178,2025-05-31,7,615.09,26.22,11,Desconocido,Bucaramanga,WhatsApp
TRX-11202,PROD-2303,2024-10-02,5,515.22,65.66,16,Devuelto,Medellín,Online
TRX-11203,PROD-2937,2024-11-12,3,108.84,41.51,24,Entregado,Ventas_Web,Físico
TRX-11204,PROD-3888,2025-09-06,9,1675.13,21.26,20,Entregado,Bogotá,App
TRX-11205,PROD-2561,2025-07-13,9,137.96,89.32,7,Perdido,Ventas_Web,Físico
TRX-11206,PROD-2581,2025-01-29,11,1775.86,88.04,24,Desconocido,Ventas_Web,WhatsApp
TRX-11207,PROD-3718,2026-01-23,11,259.68,86.93,3,Retrasado,Ventas_Web,Online
TRX-11208,PROD-3670,2025-10-19,10,139.87,42.12,14,Desconocido,Medellín,Online
TRX-11209,PROD-1623,2025-05-29,14,1130.38,10.41,4,Retrasado,Medellín,Online
TRX-11210,PROD-3028,2025-01-02,11,1009.86,15.14,9,En Camino,Cali,WhatsApp
TRX-11211,PROD-1151,2025-08-25,8,987.56,31.22,15,Retrasado,Bogotá,App
TRX-11212,PROD-1517,2024-12-14,1,1153.26,52.345,12,Perdido,Bogotá,App
TRX-11213,PROD-3057,2025-04-01,12,581.24,25.9,25,En Camino,Barranquilla,Físico
TRX-11214,PROD-3417,2025-11-13,3,1329.27,88.03,16,Perdido,Bogotá,Físico
TRX-11215,PROD-2359,2025-02-12,2,1009.78,98.7,23,Desconocido,Bogotá,Online
TRX-11216,PROD-1411,2025-05-17,4,676.14,82.58,19,Desconocido,Bogotá,Online
TRX-11217,PROD-2803,2025-07-06,2,1654.74,74.34,14,Entregado,Medellín,Online
TRX-11218,PROD-1408,2025-06-26,12,1458.16,60.92,27,Perdido,Cali,Físico
TRX-11219,PROD-3154,2025-10-14,11,793.28,78.14,4,En Camino,Medellín,Online
TRX-11220,PROD-2871,2025-10-09,8,1696.76,94.97,23,Perdido,Cali,Físico
TRX-11221,PROD-1062,2025-12-16,1,1841.31,62.13,29,Devuelto,Ventas_Web,Físico
TRX-11222,PROD-3959,2025-07-10,4,1078.36,19.69,6,Desconocido,Cali,WhatsApp
TRX-11223,PROD-1590,2025-03-10,5,437.76,20.57,22,En Camino,Bogotá,Online
TRX-11224,PROD-2679,2025-12-09,14,1832.43,52.345,11,Retrasado,Bogotá,Online
TRX-11225,PROD-3681,2025-02-13,10,387.06,60.47,4,Entregado,Barranquilla,Físico
TRX-11226,PROD-1632,2025-03-25,4,106.36,36.68,26,Retrasado,Barranquilla,Físico
TRX-11227,PROD-1306,2024-11-06,8,661.7,91.47,8,Perdido,Bucaramanga,Físico
TRX-11228,PROD-2923,2025-05-23,2,1456.66,63.11,9,Retrasado,Bogotá,WhatsApp
TRX-11229,PROD-2085,2025-08-03,9,1847.32,69.27,26,En Camino,Cali,WhatsApp
TRX-11230,PROD-2386,2025-11-30,2,1278.2,5.55,23,Devuelto,Bogotá,Físico
TRX-11231,PROD-3552,2026-01-04,2,1904.16,52.39,24,Retrasado,Cali,WhatsApp
TRX-11232,PROD-3837,2025-06-17,13,193.82,45.96,26,Perdido,Medellín,WhatsApp
TRX-11233,PROD-2628,2026-01-11,2,130.9,72.06,2,Retrasado,Ventas_Web,App
TRX-11234,PROD-3661,2025-06-02,12,1212.34,41.35,20,Retrasado,Bogotá,Online
TRX-11235,PROD-1328,2025-10-23,10,1932.57,97.77,3,En Camino,Bucaramanga,Físico
TRX-11236,PROD-2345,2025-07-08,8,1010.42,52.345,6,Perdido,Medellín,App
TRX-11237,PROD-3762,2025-04-22,3,112.52,68.67,2,Perdido,Ventas_Web,App
TRX-11238,PROD-3185,2026-01-23,10,450.23,67.69,23,Devuelto,Bogotá,WhatsApp
TRX-11239,PROD-2556,2025-03-18,11,497.14,92.34,8,En Camino,Cali,Físico
TRX-11240,PROD-2297,2024-10-13,14,682.34,99.54,20,Desconocido,Barranquilla,WhatsApp
TRX-11241,PROD-3567,2025-08-04,10,96.77,23.79,24,En Camino,Barranquilla,App
TRX-11242,PROD-3943,2024-11-13,14,1810.74,82.0,8,Entregado,Bucaramanga,App
TRX-11243,PROD-2998,2025-12-04,8,1035.97,20.42,3,Devuelto,Ventas_Web,App
TRX-11244,PROD-3216,2025-11-19,7,1345.15,48.42,17,Devuelto,Bogotá,Online
TRX-11245,PROD-1147,2025-05-13,10,143.67,14.52,11,Perdido,Medellín,Físico
TRX-11246,PROD-3529,2025-11-29,4,117.69,64.22,3,Perdido,Barranquilla,Online
TRX-11247,PROD-1280,2025-01-23,7,1177.07,49.51,26,Devuelto,Cali,App
TRX-11248,PROD-1961,2025-09-19,11,1775.72,52.345,12,En Camino,Bucaramanga,App
TRX-11249,PROD-3585,2025-12-14,8,1061.68,64.73,14,Entregado,Medellín,App
TRX-11250,PROD-3803,2024-12-31,6,1756.86,69.41,29,Perdido,Medellín,Online
TRX-11251,PROD-2177,2025-04-24,6,1623.87,63.85,1,Entregado,Bucaramanga,WhatsApp
TRX-11252,PROD-1931,2025-11-06,3,160.95,32.93,12,Devuelto,Barranquilla,Físico
TRX-11253,PROD-1370,2025-08-15,5,411.9,84.51,18,En Camino,Bogotá,WhatsApp
TRX-11254,PROD-2777,2025-02-04,10,1318.84,57.41,24,Entregado,Ventas_Web,WhatsApp
TRX-11255,PROD-1403,2025-12-22,2,892.57,51.54,4,Desconocido,Bucaramanga,App
TRX-11256,PROD-3595,2025-08-06,12,588.49,98.77,29,Retrasado,Cali,Online
TRX-11257,PROD-3883,2025-04-28,5,843.08,31.93,25,Devuelto,Medellín,WhatsApp
TRX-11258,PROD-1411,2024-12-19,5,895.95,55.16,23,En Camino,Bucaramanga,Online
TRX-11259,PROD-2817,2025-06-29,7,1822.0,69.82,3,Devuelto,Barranquilla,Online
TRX-11260,PROD-1681,2024-11-01,4,215.88,52.345,17,Devuelto,Bucaramanga,Online
TRX-11261,PROD-3842,2025-05-20,14,566.66,16.9,13,Entregado,Ventas_Web,Físico
TRX-11262,PROD-2226,2025-08-20,11,1079.75,38.65,17,Entregado,Cali,WhatsApp
TRX-11263,PROD-1118,2025-11-27,6,1399.59,81.16,17,Retrasado,Cali,App
TRX-11264,PROD-1188,2025-02-05,9,1264.97,27.49,26,Perdido,Barranquilla,App
TRX-11265,PROD-2328,2025-03-23,4,1883.87,51.86,19,Retrasado,Bogotá,Físico
TRX-11266,PROD-1229,2025-06-14,11,1593.26,64.91,5,Desconocido,Cali,WhatsApp
TRX-11267,PROD-2201,2025-06-08,14,1118.58,68.76,8,En Camino,Barranquilla,App
TRX-11268,PROD-2468,2025-03-23,6,437.22,74.19,24,En Camino,Ventas_Web,Online
TRX-11269,PROD-2535,2024-10-13,13,907.24,87.27,2,Devuelto,Ventas_Web,App
TRX-11270,PROD-2764,2025-09-08,12,1389.83,42.32,25,Entregado,Bucaramanga,WhatsApp
TRX-11271,PROD-1596,2025-11-28,9,1677.54,72.13,9,Devuelto,Bucaramanga,Online
TRX-11272,PROD-2000,2025-11-27,10,1919.88,52.345,7,Perdido,Medellín,Físico
TRX-11273,PROD-3175,2026-01-07,12,1214.85,74.56,16,Devuelto,Barranquilla,App
TRX-11274,PROD-2687,2025-04-06,1,1058.57,33.53,12,Desconocido,Bogotá,App
TRX-11275,PROD-3318,2025-04-22,8,45.21,96.98,26,En Camino,Barranquilla,Físico
TRX-11276,PROD-3792,2025-12-13,1,153.48,87.2,21,Desconocido,Bucaramanga,WhatsApp
TRX-11277,PROD-1737,2024-10-08,4,320.65,32.54,5,En Camino,Medellín,Online
TRX-11278,PROD-1696,2025-04-12,3,118.97,69.13,24,Desconocido,Bucaramanga,App
TRX-11279,PROD-1717,2025-09-20,4,807.72,73.19,24,Retrasado,Cali,WhatsApp
TRX-11280,PROD-1323,2025-04-28,14,680.39,45.99,21,Desconocido,Medellín,Online
TRX-11281,PROD-3496,2024-12-24,7,1278.33,87.06,22,Devuelto,Bogotá,App
TRX-11282,PROD-2566,2025-02-02,13,1075.97,70.57,6,Entregado,Bogotá,WhatsApp
TRX-11283,PROD-3538,2025-02-08,14,1195.98,67.52,22,Perdido,Medellín,WhatsApp
TRX-11284,PROD-3798,2025-02-26,9,949.23,52.345,21,Perdido,Barranquilla,Físico
TRX-11285,PROD-1986,2026-01-28,9,562.7,25.98,25,Desconocido,Medellín,App
TRX-11286,PROD-3038,2025-08-23,10,1906.12,43.75,17,Entregado,Ventas_Web,Online
TRX-11287,PROD-3388,2024-12-01,1,181.95,46.22,15,Perdido,Barranquilla,App
TRX-11288,PROD-1586,2025-07-23,10,1878.39,74.7,10,Desconocido,Bucaramanga,Físico
TRX-11289,PROD-1951,2024-10-07,1,629.36,63.75,3,Desconocido,Cali,Online
TRX-11290,PROD-2888,2025-05-15,9,1030.2,13.16,7,Entregado,Bogotá,WhatsApp
TRX-11291,PROD-3612,2025-04-22,4,226.6,34.23,29,Entregado,Bogotá,Físico
TRX-11292,PROD-2040,2025-07-09,12,151.15,49.94,25,Retrasado,Medellín,Online
TRX-11293,PROD-2882,2024-11-21,13,864.8,74.99,2,Desconocido,Cali,Online
TRX-11294,PROD-2045,2025-06-01,14,1485.98,75.64,13,Devuelto,Bogotá,App
TRX-11295,PROD-3731,2025-12-12,3,546.04,51.6,27,En Camino,Medellín,WhatsApp
TRX-11296,PROD-1038,2024-09-24,13,1129.07,52.345,29,En Camino,Medellín,Físico
TRX-11297,PROD-2905,2025-05-16,9,564.51,16.11,14,Desconocido,Bogotá,WhatsApp
TRX-11298,PROD-2178,2025-08-24,5,783.34,32.83,4,Devuelto,Bucaramanga,Físico
TRX-11299,PROD-3775,2024-10-11,12,1813.83,29.2,8,Perdido,Cali,App
TRX-11301,PROD-1647,2024-11-10,6,1036.87,22.1,12,En Camino,Bogotá,App
TRX-11302,PROD-1302,2024-12-09,1,483.83,49.17,27,Retrasado,Bucaramanga,Físico
TRX-11303,PROD-2809,2026-01-07,1,394.44,68.72,24,Perdido,Bogotá,WhatsApp
TRX-11304,PROD-2415,2024-10-20,13,1908.63,96.65,12,Retrasado,Bogotá,Online
TRX-11305,PROD-3406,2024-11-09,14,413.41,99.93,11,En Camino,Medellín,Físico
TRX-11306,PROD-2225,2024-12-27,7,1618.25,95.53,2,Devuelto,Bogotá,Online
TRX-11307,PROD-3617,2025-03-06,10,744.25,73.23,28,Devuelto,Bucaramanga,Online
TRX-11308,PROD-2737,2025-12-24,8,1971.46,52.345,24,Retrasado,Barranquilla,App
TRX-11309,PROD-3827,2025-11-29,11,742.63,75.91,22,Desconocido,Barranquilla,Físico
TRX-11310,PROD-2024,2025-09-22,8,709.52,77.12,5,Perdido,Ventas_Web,WhatsApp
TRX-11311,PROD-2871,2025-03-17,14,1278.55,86.95,13,En Camino,Bogotá,App
TRX-11312,PROD-2237,2024-12-04,13,1923.42,95.42,18,Entregado,Bucaramanga,App
TRX-11313,PROD-1815,2026-01-07,7,1952.66,47.34,23,Devuelto,Cali,App
TRX-11314,PROD-2575,2025-09-13,13,1417.34,44.57,17,Retrasado,Bucaramanga,Físico
TRX-11315,PROD-2979,2024-10-21,11,1511.67,48.74,6,En Camino,Bogotá,Físico
TRX-11316,PROD-1436,2025-12-10,9,1131.17,67.68,19,Perdido,Barranquilla,Online
TRX-11317,PROD-1971,2025-02-26,1,1513.99,78.67,22,Desconocido,Medellín,Online
TRX-11318,PROD-2562,2025-08-02,2,1720.96,87.7,17,Entregado,Ventas_Web,Online
TRX-11319,PROD-3342,2025-07-23,13,977.33,48.34,17,Entregado,Bogotá,Online
TRX-11320,PROD-2470,2025-06-28,3,1243.53,52.345,18,Desconocido,Medellín,App
TRX-11321,PROD-3354,2025-07-02,13,1079.26,39.52,26,Devuelto,Medellín,WhatsApp
TRX-11322,PROD-2211,2026-01-14,12,1129.32,98.42,15,Entregado,Medellín,Online
TRX-11323,PROD-3864,2026-01-26,13,1781.2,27.03,23,En Camino,Bucaramanga,Físico
TRX-11324,PROD-2209,2024-09-29,5,717.68,26.09,28,Devuelto,Barranquilla,Online
TRX-11325,PROD-1089,2025-07-24,4,424.29,72.96,28,Devuelto,Bucaramanga,Físico
TRX-11326,PROD-3696,2025-03-23,4,918.0,22.07,20,Devuelto,Bogotá,WhatsApp
TRX-11327,PROD-2621,2025-01-09,8,424.09,42.94,4,Desconocido,Cali,App
TRX-11328,PROD-2124,2025-08-12,8,1001.82,32.78,4,En Camino,Medellín,WhatsApp
TRX-11329,PROD-1033,2025-04-16,11,1807.98,21.03,5,Retrasado,Bucaramanga,WhatsApp
TRX-11330,PROD-3318,2025-05-14,7,1238.69,60.07,15,Entregado,Barranquilla,App
TRX-11331,PROD-3809,2025-11-22,1,1712.31,40.48,2,Entregado,Medellín,Físico
TRX-11332,PROD-1200,2025-12-24,10,340.72,52.345,11,Retrasado,Ventas_Web,WhatsApp
TRX-11333,PROD-3483,2025-03-28,4,1802.74,48.91,23,Devuelto,Bogotá,App
TRX-11334,PROD-3034,2025-11-24,1,1207.56,23.61,3,Perdido,Bogotá,Físico
TRX-11335,PROD-2172,2026-01-17,11,73.2,77.95,11,En Camino,Medellín,Físico
TRX-11336,PROD-1942,2025-11-06,14,1269.91,34.9,3,Devuelto,Medellín,Físico
TRX-11337,PROD-3486,2025-11-03,5,1903.28,37.56,11,Devuelto,Cali,App
TRX-11338,PROD-2443,2025-08-17,3,167.54,28.95,29,Devuelto,Bucaramanga,Online
TRX-11339,PROD-1897,2025-09-14,3,1169.09,46.27,2,Entregado,Cali,App
TRX-11340,PROD-3607,2024-09-30,4,1831.8,49.04,22,Desconocido,Barranquilla,WhatsApp
TRX-11341,PROD-1778,2024-11-14,2,29.29,55.32,20,Desconocido,Barranquilla,App
TRX-11342,PROD-3543,2025-10-25,7,1265.52,96.92,20,Desconocido,Ventas_Web,App
TRX-11343,PROD-2026,2025-04-09,12,955.06,90.95,15,Entregado,Ventas_Web,WhatsApp
TRX-11344,PROD-3776,2025-10-18,13,700.51,52.345,8,Desconocido,Bucaramanga,App
TRX-11345,PROD-3952,2025-02-06,4,1258.8,62.89,28,Perdido,Medellín,App
TRX-11346,PROD-3700,2025-06-08,5,114.88,8.7,2,En Camino,Bogotá,WhatsApp
TRX-11347,PROD-3788,2025-08-22,12,1508.6,63.16,23,Devuelto,Cali,Online
TRX-11348,PROD-1560,2025-10-28,14,18.91,13.52,18,Desconocido,Bogotá,Online
TRX-11349,PROD-3573,2026-02-02,2,620.8,72.48,22,Entregado,Medellín,Físico
TRX-11350,PROD-1397,2025-03-13,6,1012.88,42.06,29,Retrasado,Medellín,Online
TRX-11351,PROD-3570,2024-12-17,9,760.27,84.58,21,Entregado,Barranquilla,App
TRX-11352,PROD-3647,2024-11-07,8,621.88,94.54,8,Devuelto,Bogotá,WhatsApp
TRX-11353,PROD-1161,2025-09-03,8,1663.36,44.63,22,Devuelto,Barranquilla,Físico
TRX-11354,PROD-2265,2025-03-27,2,1870.32,48.75,12,Entregado,Medellín,App
TRX-11355,PROD-2805,2025-02-25,4,1748.69,61.06,23,Retrasado,Medellín,Físico
TRX-11356,PROD-1136,2026-01-28,8,1049.64,52.345,6,Retrasado,Medellín,WhatsApp
TRX-11357,PROD-3373,2025-10-25,11,1769.49,23.73,24,Devuelto,Barranquilla,App
TRX-11358,PROD-2494,2024-10-01,1,1842.51,93.1,2,Entregado,Cali,Físico
TRX-11359,PROD-3999,2025-01-15,8,824.38,46.13,12,En Camino,Cali,Físico
TRX-11360,PROD-1538,2025-02-23,3,574.06,20.85,23,En Camino,Medellín,Online
TRX-11361,PROD-1369,2025-01-30,8,205.55,77.46,21,Devuelto,Bucaramanga,Físico
TRX-11362,PROD-2208,2025-08-19,6,963.39,25.82,12,Retrasado,Barranquilla,Online
TRX-11363,PROD-2338,2024-12-12,7,1893.13,18.64,13,En Camino,Bogotá,Online
TRX-11364,PROD-2701,2025-10-11,2,1126.21,58.47,9,Entregado,Barranquilla,WhatsApp
TRX-11365,PROD-1719,2025-07-09,1,1338.45,68.79,15,Perdido,Ventas_Web,Online
TRX-11366,PROD-1822,2025-02-16,6,234.64,59.11,11,Perdido,Cali,Físico
TRX-11367,PROD-1541,2025-07-14,12,295.6,67.37,9,Retrasado,Cali,Online
TRX-11368,PROD-3209,2026-01-01,3,934.3,52.345,24,Desconocido,Bogotá,Online
TRX-11369,PROD-2498,2025-06-18,4,1903.02,15.97,8,Perdido,Cali,Físico
TRX-11370,PROD-3174,2025-02-02,13,727.96,50.22,20,Entregado,Bogotá,WhatsApp
TRX-11371,PROD-3055,2024-11-11,9,1756.19,38.92,28,Desconocido,Cali,WhatsApp
TRX-11372,PROD-2116,2024-10-15,3,249.37,97.47,24,Devuelto,Medellín,Físico
TRX-11373,PROD-1673,2025-10-05,2,1237.86,9.71,18,Devuelto,Bogotá,App
TRX-11374,PROD-2052,2025-10-03,2,1205.22,33.34,11,Entregado,Bucaramanga,App
TRX-11375,PROD-2973,2024-12-19,2,1721.15,94.48,5,Devuelto,Barranquilla,Físico
TRX-11376,PROD-2208,2025-11-09,6,16.6,98.43,4,Entregado,Ventas_Web,Online
TRX-11377,PROD-2387,2025-01-12,2,387.96,83.37,21,Entregado,Ventas_Web,Físico
TRX-11378,PROD-1471,2025-01-11,11,447.18,12.22,5,Perdido,Cali,Físico
TRX-11379,PROD-2918,2024-12-03,7,1900.43,58.33,21,Desconocido,Medellín,App
TRX-11380,PROD-1308,2025-02-23,7,315.85,52.345,7,Perdido,Bogotá,App
TRX-11381,PROD-1576,2025-12-29,7,83.56,43.01,17,Retrasado,Bogotá,Físico
TRX-11382,PROD-1924,2024-11-18,14,1073.58,81.61,29,Perdido,Bogotá,Online
TRX-11383,PROD-3770,2025-06-06,13,1061.83,10.23,18,Devuelto,Cali,WhatsApp
TRX-11384,PROD-3966,2025-02-25,2,1689.65,23.73,23,Desconocido,Barranquilla,Físico
TRX-11385,PROD-3762,2025-01-13,7,1898.23,51.47,1,Perdido,Medellín,Físico
TRX-11386,PROD-2627,2025-08-06,10,1081.71,19.98,16,Entregado,Bogotá,WhatsApp
TRX-11387,PROD-3282,2024-11-08,8,1860.69,70.81,9,Perdido,Bogotá,App
TRX-11388,PROD-2498,2025-05-18,8,1453.07,82.97,12,Devuelto,Bogotá,Online
TRX-11389,PROD-1369,2025-08-22,14,536.47,71.93,19,Retrasado,Bogotá,App
TRX-11390,PROD-2616,2025-01-06,2,1857.56,46.83,11,Desconocido,Medellín,WhatsApp
TRX-11391,PROD-1057,2026-01-17,5,1338.21,88.45,6,En Camino,Bogotá,WhatsApp
TRX-11392,PROD-2083,2025-03-28,14,834.05,52.345,4,Desconocido,Medellín,WhatsApp
TRX-11393,PROD-3197,2025-02-28,6,1363.68,18.08,16,Entregado,Bogotá,WhatsApp
TRX-11394,PROD-1506,2025-04-08,9,808.61,29.73,3,Devuelto,Medellín,Online
TRX-11395,PROD-2862,2025-10-09,6,237.23,51.51,8,Devuelto,Medellín,Físico
TRX-11396,PROD-2509,2025-03-18,10,1440.77,10.83,16,En Camino,Medellín,Físico
TRX-11397,PROD-3755,2025-06-10,6,1649.93,14.09,29,Retrasado,Bogotá,WhatsApp
TRX-11398,PROD-3753,2025-07-06,10,1460.32,42.76,2,Entregado,Bucaramanga,Online
TRX-11399,PROD-2073,2025-07-12,10,465.94,94.67,13,Retrasado,Ventas_Web,WhatsApp
TRX-11401,PROD-2560,2025-02-12,6,60.26,49.27,19,Entregado,Ventas_Web,Físico
TRX-11402,PROD-3615,2025-07-27,9,672.04,18.51,24,Perdido,Bucaramanga,Online
TRX-11403,PROD-2521,2026-01-26,10,527.58,21.92,16,Retrasado,Medellín,Físico
TRX-11404,PROD-1443,2025-04-07,7,105.77,52.345,19,Perdido,Medellín,Online
TRX-11405,PROD-3764,2026-01-11,1,817.4,40.87,8,Entregado,Bogotá,App
TRX-11406,PROD-1957,2025-05-05,1,1250.0,24.96,23,En Camino,Cali,Online
TRX-11407,PROD-2931,2025-10-22,14,1766.28,12.88,2,Perdido,Bogotá,WhatsApp
TRX-11408,PROD-1102,2024-11-04,4,1979.48,69.01,1,Perdido,Cali,App
TRX-11409,PROD-3537,2025-12-20,12,1618.1,60.24,17,Devuelto,Ventas_Web,App
TRX-11410,PROD-3299,2025-02-20,2,942.67,32.67,18,Entregado,Ventas_Web,App
TRX-11411,PROD-2343,2025-07-15,3,1450.17,79.0,7,Desconocido,Medellín,App
TRX-11412,PROD-3498,2024-11-24,12,1688.81,78.72,9,En Camino,Cali,App
TRX-11413,PROD-1906,2025-01-30,7,935.96,51.65,23,Devuelto,Bogotá,App
TRX-11414,PROD-3652,2025-06-04,14,1572.26,14.17,3,Retrasado,Ventas_Web,App
TRX-11415,PROD-1258,2025-12-29,7,970.48,92.25,24,En Camino,Bogotá,Online
TRX-11416,PROD-3602,2025-08-31,14,779.13,52.345,24,Devuelto,Bogotá,WhatsApp
TRX-11417,PROD-2901,2025-04-24,12,1056.92,68.52,25,Retrasado,Bogotá,Online
TRX-11418,PROD-3871,2024-12-04,3,1354.95,28.47,11,En Camino,Medellín,App
TRX-11419,PROD-2237,2025-11-27,13,1456.5,62.99,28,Devuelto,Medellín,App
TRX-11420,PROD-3659,2025-01-04,2,719.91,43.48,16,En Camino,Bucaramanga,App
TRX-11421,PROD-2672,2025-02-27,13,1146.93,65.36,29,Perdido,Barranquilla,Online
TRX-11422,PROD-1477,2025-06-21,13,1820.64,50.02,9,Devuelto,Bogotá,WhatsApp
TRX-11423,PROD-1572,2025-08-03,1,1952.86,51.12,12,Perdido,Ventas_Web,WhatsApp
TRX-11424,PROD-1185,2025-05-18,9,462.22,74.91,14,Devuelto,Ventas_Web,Online
TRX-11425,PROD-1152,2025-07-22,10,393.73,63.3,25,Perdido,Bogotá,Físico
TRX-11426,PROD-2246,2025-09-29,3,1356.6,12.6,4,Entregado,Cali,Físico
TRX-11427,PROD-3017,2025-02-27,9,835.22,11.21,26,Perdido,Bucaramanga,WhatsApp
TRX-11428,PROD-1475,2025-01-09,4,58.2,52.345,4,Entregado,Bogotá,Físico
TRX-11429,PROD-1398,2024-10-01,10,700.26,33.98,11,Desconocido,Ventas_Web,Online
TRX-11430,PROD-1961,2025-08-09,6,1615.42,45.87,2,En Camino,Cali,WhatsApp
TRX-11431,PROD-3201,2024-11-20,13,1596.88,31.15,24,Retrasado,Ventas_Web,WhatsApp
TRX-11432,PROD-1555,2025-09-15,7,994.42,66.89,18,Retrasado,Bogotá,Online
TRX-11433,PROD-2591,2025-04-02,10,950.43,23.54,3,Retrasado,Medellín,Online
TRX-11434,PROD-2858,2025-02-05,14,1163.22,71.89,25,Entregado,Cali,Online
TRX-11435,PROD-2519,2025-05-31,6,446.6,78.45,2,Retrasado,Barranquilla,App
TRX-11436,PROD-3746,2025-10-06,1,1056.83,16.81,1,Retrasado,Ventas_Web,Físico
TRX-11437,PROD-3852,2025-12-02,6,31.98,66.83,5,Perdido,Bogotá,Físico
TRX-11438,PROD-3212,2025-02-15,11,956.36,96.34,7,Desconocido,Medellín,WhatsApp
TRX-11439,PROD-2716,2025-09-04,14,678.74,23.32,20,Retrasado,Bogotá,Físico
TRX-11440,PROD-3405,2026-01-01,6,1352.99,52.345,4,Entregado,Bucaramanga,WhatsApp
TRX-11441,PROD-3976,2025-09-09,5,1280.32,91.38,27,Perdido,Barranquilla,WhatsApp
TRX-11442,PROD-1632,2024-11-19,3,767.86,62.57,3,Entregado,Bogotá,App
TRX-11443,PROD-2699,2025-03-18,10,24.47,61.14,6,Devuelto,Barranquilla,WhatsApp
TRX-11444,PROD-3682,2025-07-07,3,512.02,9.93,12,Retrasado,Medellín,App
TRX-11445,PROD-1405,2025-05-25,11,1270.36,76.09,29,Entregado,Medellín,Físico
TRX-11446,PROD-3004,2024-11-09,10,154.02,50.44,16,Entregado,Bogotá,App
TRX-11447,PROD-3521,2025-07-20,13,224.21,73.51,8,Perdido,Barranquilla,Online
TRX-11448,PROD-2671,2025-12-04,7,1297.6,81.87,11,Devuelto,Bucaramanga,App
TRX-11449,PROD-2145,2025-09-13,8,1513.98,54.76,13,Devuelto,Bucaramanga,WhatsApp
TRX-11450,PROD-1134,2024-12-31,14,649.88,30.05,14,Retrasado,Cali,Físico
TRX-11451,PROD-3827,2025-04-23,3,984.45,18.45,27,Desconocido,Ventas_Web,WhatsApp
TRX-11452,PROD-2517,2025-07-21,3,1891.97,52.345,18,En Camino,Medellín,Físico
TRX-11453,PROD-1889,2026-01-15,7,1891.63,20.25,22,En Camino,Medellín,WhatsApp
TRX-11454,PROD-2816,2025-11-11,10,621.93,87.36,8,Perdido,Medellín,App
TRX-11455,PROD-2821,2025-03-06,12,1621.88,16.74,1,Retrasado,Barranquilla,WhatsApp
TRX-11456,PROD-1967,2025-10-27,7,1191.95,41.55,4,Perdido,Bucaramanga,Online
TRX-11457,PROD-2485,2025-11-26,11,1951.21,36.76,17,Desconocido,Bucaramanga,Online
TRX-11458,PROD-1406,2025-01-26,9,960.45,87.22,20,Retrasado,Bucaramanga,Físico
TRX-11459,PROD-3808,2025-07-21,14,1551.67,50.38,27,Devuelto,Bogotá,Físico
TRX-11460,PROD-2504,2025-12-28,6,1538.59,99.66,25,En Camino,Medellín,App
TRX-11461,PROD-3230,2025-01-21,13,999.89,75.02,22,Entregado,Bucaramanga,WhatsApp
TRX-11462,PROD-3641,2024-12-19,7,1593.3,85.84,6,En Camino,Cali,Online
TRX-11463,PROD-2469,2025-04-27,11,529.47,14.37,5,Retrasado,Bogotá,App
TRX-11464,PROD-1248,2024-11-22,10,253.28,52.345,14,Desconocido,Bucaramanga,Físico
TRX-11465,PROD-2630,2025-07-21,1,856.08,29.04,19,En Camino,Cali,App
TRX-11466,PROD-2130,2025-03-20,7,1887.83,17.87,14,Entregado,Cali,Físico
TRX-11467,PROD-1777,2025-03-31,2,1006.48,49.04,2,Devuelto,Bogotá,Físico
TRX-11468,PROD-1500,2025-03-04,7,1274.17,73.24,9,Devuelto,Ventas_Web,App
TRX-11469,PROD-2862,2024-12-12,3,1252.08,21.06,25,Retrasado,Medellín,WhatsApp
TRX-11470,PROD-1375,2026-01-29,9,273.82,17.37,7,En Camino,Bucaramanga,App
TRX-11471,PROD-3714,2025-03-11,13,786.69,63.39,18,Retrasado,Medellín,Físico
TRX-11472,PROD-1868,2025-07-20,5,1416.81,26.88,20,En Camino,Cali,Online
TRX-11473,PROD-3628,2025-10-01,7,1944.26,50.54,11,Perdido,Ventas_Web,WhatsApp
TRX-11474,PROD-3619,2025-04-06,8,344.36,9.86,8,Retrasado,Cali,WhatsApp
TRX-11475,PROD-3445,2025-04-13,13,826.78,69.66,26,En Camino,Bogotá,Online
TRX-11476,PROD-1087,2024-11-08,12,199.24,52.345,22,Perdido,Bogotá,WhatsApp
TRX-11477,PROD-1207,2025-12-29,2,492.33,56.43,21,Retrasado,Medellín,Físico
TRX-11478,PROD-2366,2025-02-27,11,759.75,66.51,27,Devuelto,Ventas_Web,App
TRX-11479,PROD-1997,2025-11-04,1,1085.88,31.16,10,Desconocido,Cali,Físico
TRX-11480,PROD-1515,2025-04-04,7,468.83,31.47,18,Perdido,Bucaramanga,WhatsApp
TRX-11481,PROD-3312,2025-11-23,6,462.85,81.13,17,Retrasado,Medellín,Online
TRX-11482,PROD-1840,2025-11-14,6,1557.88,73.26,17,Entregado,Cali,WhatsApp
TRX-11483,PROD-1281,2025-06-28,2,1925.66,60.07,1,Desconocido,Medellín,Físico
TRX-11484,PROD-3270,2025-08-05,3,653.99,64.67,27,Devuelto,Cali,WhatsApp
TRX-11485,PROD-1848,2026-01-14,4,1379.1,13.93,22,Desconocido,Cali,WhatsApp
TRX-11486,PROD-3401,2025-11-17,3,523.58,86.34,4,Desconocido,Ventas_Web,Físico
TRX-11487,PROD-1884,2025-06-18,2,1856.62,78.14,11,Perdido,Bucaramanga,WhatsApp
TRX-11488,PROD-1954,2026-01-16,3,1349.08,52.345,9,En Camino,Ventas_Web,Físico
TRX-11489,PROD-2345,2025-04-09,14,1607.33,61.1,9,Entregado,Medellín,Online
TRX-11490,PROD-1604,2025-05-04,6,108.21,92.27,3,En Camino,Medellín,WhatsApp
TRX-11491,PROD-3441,2025-06-12,9,1201.03,21.02,6,Desconocido,Barranquilla,Online
TRX-11492,PROD-1011,2025-11-22,4,1059.95,70.23,6,Entregado,Bucaramanga,App
TRX-11493,PROD-2135,2025-03-07,6,593.06,96.48,10,Retrasado,Medellín,WhatsApp
TRX-11494,PROD-1592,2025-03-21,1,532.24,34.45,10,Retrasado,Medellín,App
TRX-11495,PROD-1532,2025-11-24,12,1164.25,6.45,17,En Camino,Medellín,Online
TRX-11496,PROD-3212,2025-04-02,6,1415.91,74.81,15,Desconocido,Bogotá,Online
TRX-11497,PROD-2026,2025-10-24,12,76.01,5.66,25,En Camino,Barranquilla,Físico
TRX-11498,PROD-1714,2025-04-26,3,1139.13,87.89,4,En Camino,Bucaramanga,App
TRX-11499,PROD-1450,2025-07-03,9,349.21,10.35,22,Perdido,Bogotá,App
TRX-11501,PROD-1105,2025-01-07,4,1250.01,67.01,28,Devuelto,Cali,App
TRX-11502,PROD-1539,2026-01-01,7,628.63,40.83,8,En Camino,Bogotá,Online
TRX-11503,PROD-1060,2024-12-29,4,887.35,24.32,1,Retrasado,Barranquilla,Online
TRX-11504,PROD-2467,2025-09-25,11,726.4,90.33,24,Desconocido,Cali,Online
TRX-11505,PROD-1974,2026-01-17,6,1300.19,75.89,22,Desconocido,Barranquilla,Online
TRX-11506,PROD-3411,2026-02-03,14,945.54,37.34,17,Desconocido,Medellín,WhatsApp
TRX-11507,PROD-2326,2025-05-10,7,1927.28,31.99,12,Retrasado,Bogotá,Físico
TRX-11508,PROD-1064,2025-06-06,2,711.24,74.92,12,En Camino,Bogotá,WhatsApp
TRX-11509,PROD-1713,2024-11-04,10,1483.17,84.47,25,Desconocido,Medellín,WhatsApp
TRX-11510,PROD-2086,2025-05-22,6,522.01,73.01,13,Desconocido,Cali,App
TRX-11511,PROD-1214,2024-11-03,8,1022.42,65.8,25,En Camino,Bogotá,Físico
TRX-11512,PROD-1519,2024-12-26,13,1109.61,52.345,26,Retrasado,Bogotá,WhatsApp
TRX-11513,PROD-2724,2025-11-30,13,664.93,26.65,14,Perdido,Medellín,WhatsApp
TRX-11514,PROD-3154,2025-06-03,12,948.84,86.02,8,Desconocido,Barranquilla,Físico
TRX-11515,PROD-1465,2025-03-29,6,565.76,76.22,14,Entregado,Barranquilla,Online
TRX-11516,PROD-1260,2025-10-12,2,21.94,54.14,7,Retrasado,Bogotá,Físico
TRX-11517,PROD-2950,2025-07-26,4,439.14,53.6,17,Entregado,Barranquilla,Físico
TRX-11518,PROD-2836,2025-10-27,1,1403.13,59.07,11,En Camino,Cali,Físico
TRX-11519,PROD-2482,2025-03-08,7,1544.22,83.69,1,Devuelto,Barranquilla,Online
TRX-11520,PROD-3102,2025-06-20,8,567.6,75.51,8,En Camino,Ventas_Web,Físico
TRX-11521,PROD-3431,2025-01-25,10,822.01,86.34,13,En Camino,Bogotá,Online
TRX-11522,PROD-1446,2025-03-02,2,84.36,53.19,26,En Camino,Ventas_Web,WhatsApp
TRX-11523,PROD-2851,2024-12-18,10,481.76,64.34,24,Desconocido,Bogotá,WhatsApp
TRX-11524,PROD-3063,2025-07-28,5,1560.65,52.345,17,Retrasado,Bucaramanga,Online
TRX-11525,PROD-1907,2026-01-24,11,1215.91,86.18,24,Retrasado,Barranquilla,App
TRX-11526,PROD-3519,2025-05-06,8,419.48,27.07,24,Devuelto,Barranquilla,Físico
TRX-11527,PROD-1177,2025-02-14,11,522.31,47.18,12,Entregado,Medellín,WhatsApp
TRX-11528,PROD-3978,2025-09-02,8,1635.44,63.96,26,Entregado,Bogotá,WhatsApp
TRX-11529,PROD-3698,2025-05-28,5,426.08,91.94,16,Entregado,Bogotá,Online
TRX-11530,PROD-3135,2025-09-19,8,674.97,6.5,10,En Camino,Medellín,App
TRX-11531,PROD-2235,2024-09-28,14,1332.07,25.19,29,Devuelto,Medellín,App
TRX-11532,PROD-2876,2024-10-23,6,1126.61,27.27,16,En Camino,Bucaramanga,App
TRX-11533,PROD-3635,2025-04-07,5,927.13,36.03,28,Devuelto,Bogotá,Online
TRX-11534,PROD-1127,2025-05-12,13,1800.48,31.77,3,Perdido,Bucaramanga,Online
TRX-11535,PROD-1249,2025-07-15,14,447.22,61.06,1,Retrasado,Barranquilla,Físico
TRX-11536,PROD-2961,2025-11-10,11,1485.43,52.345,19,Desconocido,Barranquilla,WhatsApp
TRX-11537,PROD-2645,2025-08-13,4,326.54,89.13,24,Desconocido,Bogotá,WhatsApp
TRX-11538,PROD-2746,2025-12-26,5,1235.31,65.51,8,Desconocido,Cali,Online
TRX-11539,PROD-3810,2025-02-04,12,1742.54,27.95,16,En Camino,Ventas_Web,WhatsApp
TRX-11540,PROD-1442,2026-01-28,4,921.22,87.06,28,Perdido,Bucaramanga,Físico
TRX-11541,PROD-3008,2024-10-05,1,1451.35,65.04,15,Entregado,Cali,Online
TRX-11542,PROD-3917,2026-02-01,3,1642.58,25.8,7,Desconocido,Ventas_Web,WhatsApp
TRX-11543,PROD-2816,2024-09-26,8,280.69,39.36,2,Perdido,Ventas_Web,App
TRX-11544,PROD-1301,2025-03-19,7,1414.6,80.05,13,Desconocido,Barranquilla,Online
TRX-11545,PROD-1330,2025-05-14,12,1840.48,75.2,5,Retrasado,Medellín,WhatsApp
TRX-11546,PROD-2319,2025-06-08,7,1156.98,59.78,10,Desconocido,Bogotá,WhatsApp
TRX-11547,PROD-3491,2025-02-09,11,380.38,18.75,8,Retrasado,Bucaramanga,Físico
TRX-11548,PROD-1607,2024-11-26,3,262.62,52.345,13,Desconocido,Barranquilla,Físico
TRX-11549,PROD-1269,2025-07-02,9,526.87,81.31,19,Desconocido,Medellín,App
TRX-11550,PROD-1516,2025-09-20,6,215.99,34.22,6,Retrasado,Bogotá,App
TRX-11551,PROD-2126,2025-07-25,8,1031.65,78.3,18,Desconocido,Medellín,App
TRX-11552,PROD-3557,2025-04-15,8,148.71,66.52,8,Perdido,Bogotá,Físico
TRX-11553,PROD-3593,2024-10-09,3,454.58,30.1,9,Entregado,Bogotá,WhatsApp
TRX-11554,PROD-3397,2025-04-10,4,885.42,25.18,17,En Camino,Bucaramanga,Online
TRX-11555,PROD-3246,2024-10-24,14,953.09,17.44,4,Desconocido,Medellín,Online
TRX-11556,PROD-3916,2025-04-22,6,1135.14,27.98,22,Entregado,Medellín,Físico
TRX-11557,PROD-2331,2025-12-01,2,1414.17,19.99,18,Devuelto,Bogotá,Físico
TRX-11558,PROD-2560,2025-06-22,12,103.98,63.62,6,Devuelto,Ventas_Web,Físico
TRX-11559,PROD-3446,2025-07-09,12,170.44,61.88,11,En Camino,Bucaramanga,Físico
TRX-11560,PROD-3173,2025-07-10,11,131.11,52.345,23,Desconocido,Cali,Online
TRX-11561,PROD-2207,2026-01-18,12,852.07,60.69,22,Desconocido,Bogotá,App
TRX-11562,PROD-2858,2026-01-21,7,93.28,65.98,10,Retrasado,Ventas_Web,Online
TRX-11563,PROD-3070,2025-05-14,2,1494.7,82.4,26,En Camino,Cali,Físico
TRX-11564,PROD-3479,2025-11-04,11,453.77,91.79,11,Perdido,Medellín,App
TRX-11565,PROD-2762,2025-03-23,5,1879.03,26.89,8,Desconocido,Barranquilla,Online
TRX-11566,PROD-1406,2025-02-15,12,977.94,60.84,21,Retrasado,Bogotá,Físico
TRX-11567,PROD-3874,2024-11-11,4,898.19,12.44,3,En Camino,Bogotá,Físico
TRX-11568,PROD-1468,2025-11-26,9,1563.27,16.41,2,En Camino,Medellín,WhatsApp
TRX-11569,PROD-3681,2025-11-28,13,1429.18,67.16,18,Perdido,Bucaramanga,WhatsApp
TRX-11570,PROD-3666,2025-01-03,13,1218.54,51.23,2,Perdido,Bogotá,Físico
TRX-11571,PROD-3258,2024-10-25,2,1870.94,77.04,26,Entregado,Barranquilla,Online
TRX-11572,PROD-3952,2026-02-01,7,850.3,52.345,12,Devuelto,Bogotá,WhatsApp
TRX-11573,PROD-1880,2026-01-06,13,1618.98,45.44,5,En Camino,Ventas_Web,Online
TRX-11574,PROD-2761,2024-12-20,7,766.38,17.12,26,Entregado,Cali,Online
TRX-11575,PROD-2849,2026-01-20,7,1678.31,87.85,4,Retrasado,Bogotá,WhatsApp
TRX-11576,PROD-1935,2025-11-07,1,526.35,12.87,16,Retrasado,Barranquilla,Físico
TRX-11577,PROD-2694,2025-10-12,8,585.64,22.95,14,Devuelto,Medellín,WhatsApp
TRX-11578,PROD-2388,2025-08-29,2,1358.96,31.31,2,Retrasado,Bucaramanga,Online
TRX-11579,PROD-2857,2025-08-03,5,433.3,99.55,21,Devuelto,Bogotá,App
TRX-11580,PROD-2633,2025-05-21,2,466.02,44.6,7,Retrasado,Bucaramanga,WhatsApp
TRX-11581,PROD-2703,2025-06-15,13,617.47,52.66,21,Retrasado,Medellín,App
TRX-11582,PROD-3988,2025-05-03,5,1361.07,78.12,11,En Camino,Bucaramanga,Físico
TRX-11583,PROD-1389,2025-05-16,7,1779.88,65.46,24,Perdido,Ventas_Web,WhatsApp
TRX-11584,PROD-2280,2025-02-22,6,1352.39,52.345,12,En Camino,Bogotá,App
TRX-11585,PROD-2748,2026-01-03,13,1657.35,84.93,22,Entregado,Bogotá,Físico
TRX-11586,PROD-2280,2024-11-18,12,1091.69,51.21,29,Perdido,Medellín,Online
TRX-11587,PROD-3724,2025-08-10,5,147.16,97.36,25,En Camino,Medellín,Físico
TRX-11588,PROD-2044,2025-10-02,4,209.93,80.7,26,Perdido,Barranquilla,Físico
TRX-11589,PROD-2533,2025-01-12,8,1113.24,43.13,5,Perdido,Bucaramanga,Online
TRX-11590,PROD-1625,2024-10-07,11,662.32,41.22,24,Perdido,Bogotá,Físico
TRX-11591,PROD-3813,2025-11-08,14,448.93,93.3,16,Retrasado,Medellín,WhatsApp
TRX-11592,PROD-2942,2025-06-18,8,937.85,70.02,22,Perdido,Cali,Físico
TRX-11593,PROD-1274,2025-01-14,1,1336.33,64.04,7,Retrasado,Ventas_Web,App
TRX-11594,PROD-1373,2025-06-01,10,776.13,76.99,28,Desconocido,Medellín,Físico
TRX-11595,PROD-1349,2026-02-04,2,1607.06,58.28,8,Perdido,Ventas_Web,App
TRX-11596,PROD-1381,2025-10-01,3,1479.66,52.345,4,Retrasado,Barranquilla,Físico
TRX-11597,PROD-2768,2025-02-11,13,1472.48,20.12,4,Perdido,Medellín,WhatsApp
TRX-11598,PROD-1395,2025-01-14,1,1970.53,35.33,27,Entregado,Bogotá,Online
TRX-11599,PROD-2526,2025-12-16,11,597.51,58.0,6,En Camino,Ventas_Web,Online
TRX-11601,PROD-3278,2026-01-18,3,1712.4,46.55,2,Perdido,Bogotá,Físico
TRX-11602,PROD-1245,2025-09-14,10,1163.25,76.8,9,Entregado,Medellín,Físico
TRX-11603,PROD-3402,2024-10-17,12,1581.11,20.6,28,En Camino,Bucaramanga,WhatsApp
TRX-11604,PROD-3300,2025-09-25,8,834.76,11.13,8,Devuelto,Medellín,Físico
TRX-11605,PROD-3300,2025-07-29,4,1185.08,84.42,18,Desconocido,Ventas_Web,App
TRX-11606,PROD-2350,2025-06-04,13,120.78,63.64,28,Desconocido,Medellín,App
TRX-11607,PROD-3744,2025-12-29,13,1971.68,21.78,12,Perdido,Bucaramanga,WhatsApp
TRX-11608,PROD-1500,2025-06-17,7,1602.04,52.345,16,Devuelto,Barranquilla,App
TRX-11609,PROD-2682,2025-01-26,7,1738.93,81.6,1,En Camino,Ventas_Web,App
TRX-11610,PROD-2448,2025-10-20,11,1391.65,67.52,26,En Camino,Medellín,WhatsApp
TRX-11611,PROD-3725,2025-05-30,5,380.24,36.74,20,Perdido,Medellín,App
TRX-11612,PROD-2732,2025-07-06,12,71.75,40.74,27,Entregado,Cali,App
TRX-11613,PROD-3953,2025-08-22,1,1730.67,19.81,4,Perdido,Medellín,Online
TRX-11614,PROD-1210,2026-01-12,10,798.7,84.35,14,Entregado,Bogotá,WhatsApp
TRX-11615,PROD-2178,2024-11-14,4,535.09,53.36,18,Perdido,Cali,Online
TRX-11616,PROD-3459,2025-09-25,7,1127.73,57.92,5,Entregado,Ventas_Web,Físico
TRX-11617,PROD-2279,2024-11-04,14,847.59,88.93,28,Retrasado,Bogotá,WhatsApp
TRX-11618,PROD-2440,2025-03-07,5,1306.82,6.5,3,Entregado,Medellín,Físico
TRX-11619,PROD-1424,2024-11-03,2,972.75,11.36,19,Entregado,Medellín,App
TRX-11620,PROD-3367,2025-10-07,14,1397.49,52.345,12,En Camino,Ventas_Web,Online
TRX-11621,PROD-3078,2025-12-22,8,1708.31,20.35,26,Devuelto,Medellín,App
TRX-11622,PROD-1871,2025-03-17,2,399.16,7.85,28,Perdido,Ventas_Web,Online
TRX-11623,PROD-1633,2024-11-28,11,665.57,67.52,19,En Camino,Bucaramanga,Online
TRX-11624,PROD-3689,2024-11-27,8,879.26,65.22,20,Devuelto,Ventas_Web,Online
TRX-11625,PROD-2975,2025-10-27,13,1924.5,25.03,11,En Camino,Bogotá,Online
TRX-11626,PROD-1918,2024-12-14,11,737.01,19.19,21,Desconocido,Barranquilla,App
TRX-11627,PROD-1443,2025-09-07,2,768.39,18.84,20,En Camino,Cali,App
TRX-11628,PROD-2434,2025-01-05,11,1310.41,95.56,9,Perdido,Medellín,App
TRX-11629,PROD-3278,2025-10-27,5,844.21,70.88,20,Desconocido,Barranquilla,Online
TRX-11630,PROD-2505,2025-07-06,4,1902.94,60.62,27,Retrasado,Bogotá,Físico
TRX-11631,PROD-1470,2025-10-01,1,1789.99,35.64,23,En Camino,Ventas_Web,App
TRX-11632,PROD-2141,2025-03-27,14,1031.68,52.345,26,Perdido,Barranquilla,App
TRX-11633,PROD-3351,2025-07-03,12,1293.1,46.14,27,Entregado,Bogotá,WhatsApp
TRX-11634,PROD-1926,2024-09-26,8,125.48,13.49,5,Devuelto,Bucaramanga,Físico
TRX-11635,PROD-2757,2025-02-07,10,1394.5,99.82,10,Perdido,Bucaramanga,App
TRX-11636,PROD-3297,2025-03-20,12,1417.33,76.73,9,Retrasado,Barranquilla,App
TRX-11637,PROD-3546,2025-05-17,3,724.81,64.04,25,Perdido,Bogotá,WhatsApp
TRX-11638,PROD-3513,2024-10-10,13,447.17,60.84,13,Perdido,Bogotá,Online
TRX-11639,PROD-3764,2025-07-22,4,1831.01,52.91,29,Entregado,Barranquilla,Físico
TRX-11640,PROD-3632,2025-11-12,4,859.14,29.46,29,Devuelto,Ventas_Web,Físico
TRX-11641,PROD-3280,2025-11-10,5,1310.88,26.51,8,Desconocido,Medellín,WhatsApp
TRX-11642,PROD-1107,2025-11-16,3,76.32,57.21,22,Devuelto,Bogotá,Físico
TRX-11643,PROD-3494,2024-10-01,9,833.99,11.67,13,Retrasado,Bogotá,App
TRX-11644,PROD-3694,2025-11-16,4,1636.35,52.345,28,Desconocido,Bucaramanga,Físico
TRX-11645,PROD-3840,2024-10-21,14,781.28,12.07,27,Desconocido,Medellín,WhatsApp
TRX-11646,PROD-2095,2025-02-13,10,1210.29,58.28,22,Devuelto,Barranquilla,Online
TRX-11647,PROD-1118,2025-09-05,11,427.61,92.38,28,Entregado,Medellín,WhatsApp
TRX-11648,PROD-1738,2025-02-18,11,838.89,91.86,18,Retrasado,Bogotá,Físico
TRX-11649,PROD-2119,2024-11-25,4,1856.0,6.03,23,Entregado,Bogotá,WhatsApp
TRX-11650,PROD-3878,2025-09-24,6,1137.24,15.2,9,Entregado,Barranquilla,WhatsApp
TRX-11651,PROD-2265,2025-12-16,8,1804.84,60.39,9,Desconocido,Ventas_Web,Físico
TRX-11652,PROD-2391,2025-10-07,13,1805.02,85.61,2,Perdido,Cali,Online
TRX-11653,PROD-2437,2025-03-28,7,1888.85,95.67,25,Perdido,Medellín,App
TRX-11654,PROD-1025,2025-09-23,4,1791.83,86.76,7,Perdido,Medellín,WhatsApp
TRX-11655,PROD-1743,2025-05-07,4,16.53,69.37,5,Desconocido,Bogotá,Online
TRX-11656,PROD-1586,2025-01-18,5,1868.69,52.345,21,En Camino,Bucaramanga,Online
TRX-11657,PROD-3319,2025-11-08,10,283.54,24.05,6,Entregado,Bogotá,WhatsApp
TRX-11658,PROD-3692,2025-12-05,5,89.45,11.9,13,Devuelto,Medellín,Físico
TRX-11659,PROD-2641,2025-09-13,12,120.22,9.51,24,Retrasado,Medellín,Físico
TRX-11660,PROD-1285,2025-06-03,1,704.34,63.15,18,En Camino,Bogotá,WhatsApp
TRX-11661,PROD-1581,2024-10-23,13,1245.4,8.44,3,Perdido,Medellín,Físico
TRX-11662,PROD-3593,2025-03-02,8,810.6,75.23,10,Desconocido,Cali,Físico
TRX-11663,PROD-1125,2025-04-25,10,60.85,72.68,23,En Camino,Medellín,Online
TRX-11664,PROD-1375,2025-12-10,13,958.2,12.56,3,Desconocido,Bucaramanga,App
TRX-11665,PROD-3172,2025-03-10,5,889.84,91.13,1,En Camino,Ventas_Web,App
TRX-11666,PROD-1881,2024-12-12,3,1516.13,54.58,6,Entregado,Medellín,Físico
TRX-11667,PROD-2540,2024-11-07,3,566.43,90.92,23,Entregado,Medellín,Físico
TRX-11668,PROD-2719,2024-11-10,4,442.89,52.345,16,Desconocido,Bogotá,WhatsApp
TRX-11669,PROD-2858,2025-12-15,12,519.32,90.65,25,Devuelto,Barranquilla,Físico
TRX-11670,PROD-2396,2025-07-17,7,614.44,23.72,17,Retrasado,Ventas_Web,WhatsApp
TRX-11671,PROD-1644,2025-11-03,5,1202.34,41.15,27,Retrasado,Bogotá,App
TRX-11672,PROD-2515,2025-09-25,1,948.34,17.79,16,Perdido,Bogotá,Online
TRX-11673,PROD-2276,2025-07-02,14,680.42,78.62,25,Devuelto,Barranquilla,WhatsApp
TRX-11674,PROD-3955,2026-01-08,12,754.89,52.89,10,Retrasado,Cali,Online
TRX-11675,PROD-2328,2025-11-12,13,748.14,93.24,7,En Camino,Medellín,App
TRX-11676,PROD-3324,2026-01-02,5,1945.09,24.78,8,En Camino,Barranquilla,Online
TRX-11677,PROD-3442,2024-12-19,14,473.66,70.39,3,Retrasado,Ventas_Web,App
TRX-11678,PROD-1347,2025-01-21,5,1637.94,98.98,5,En Camino,Cali,Online
TRX-11679,PROD-1215,2024-09-25,6,1419.34,68.21,19,Desconocido,Barranquilla,Online
TRX-11680,PROD-1637,2025-08-04,14,21.08,52.345,7,En Camino,Bucaramanga,Físico
TRX-11681,PROD-1644,2025-12-26,7,1986.42,11.53,18,Desconocido,Barranquilla,App
TRX-11682,PROD-3530,2025-05-07,5,1515.31,60.9,22,Perdido,Bogotá,WhatsApp
TRX-11683,PROD-1203,2024-12-10,13,1368.07,22.09,26,En Camino,Ventas_Web,App
TRX-11684,PROD-3760,2025-02-14,11,816.6,7.9,18,Desconocido,Medellín,Físico
TRX-11685,PROD-1334,2025-05-22,14,1114.85,36.82,25,Retrasado,Barranquilla,WhatsApp
TRX-11686,PROD-2114,2024-10-24,2,514.01,30.28,6,Entregado,Barranquilla,Físico
TRX-11687,PROD-2814,2025-06-12,14,80.61,79.93,5,En Camino,Barranquilla,App
TRX-11688,PROD-3711,2025-04-21,2,1673.68,40.5,6,Retrasado,Bogotá,App
TRX-11689,PROD-2736,2024-12-02,13,1794.0,74.63,29,En Camino,Barranquilla,Físico
TRX-11690,PROD-2989,2025-10-11,4,333.32,6.54,28,Devuelto,Barranquilla,WhatsApp
TRX-11691,PROD-3486,2025-04-07,1,1576.24,6.41,6,Desconocido,Medellín,App
TRX-11692,PROD-2810,2024-11-19,7,1484.89,52.345,22,Perdido,Medellín,Físico
TRX-11693,PROD-2696,2025-11-20,13,364.97,7.78,26,Entregado,Medellín,App
TRX-11694,PROD-2118,2026-01-04,1,849.44,25.84,22,Desconocido,Bogotá,Físico
TRX-11695,PROD-1882,2025-01-12,3,851.29,40.53,25,En Camino,Bucaramanga,App
TRX-11696,PROD-3098,2024-11-09,10,1522.33,62.75,23,Retrasado,Medellín,App
TRX-11697,PROD-1466,2025-12-01,7,1676.95,98.66,11,Entregado,Cali,Online
TRX-11698,PROD-2413,2025-03-26,11,198.6,38.67,17,En Camino,Bogotá,WhatsApp
TRX-11699,PROD-2760,2025-09-24,12,1130.31,10.29,26,Devuelto,Barranquilla,App
TRX-11701,PROD-2160,2025-03-06,12,1574.52,90.3,22,Perdido,Barranquilla,Físico
TRX-11702,PROD-3777,2025-04-25,6,304.51,71.44,16,En Camino,Bucaramanga,Online
TRX-11703,PROD-3779,2025-08-19,7,1055.76,80.07,10,Retrasado,Bucaramanga,Físico
TRX-11704,PROD-3429,2025-08-18,5,1716.54,52.345,15,En Camino,Cali,WhatsApp
TRX-11705,PROD-2993,2025-01-21,8,643.85,16.8,8,Perdido,Bogotá,Físico
TRX-11706,PROD-3158,2025-04-23,6,855.98,17.82,14,Devuelto,Ventas_Web,Físico
TRX-11707,PROD-3732,2025-07-30,12,1610.67,15.66,16,Desconocido,Barranquilla,Físico
TRX-11708,PROD-2263,2024-11-02,4,187.75,86.43,19,Perdido,Ventas_Web,WhatsApp
TRX-11709,PROD-1186,2025-09-10,14,1720.39,24.95,3,Perdido,Bucaramanga,App
TRX-11710,PROD-1903,2025-10-31,11,629.2,66.1,13,Perdido,Barranquilla,Físico
TRX-11711,PROD-2618,2025-07-08,1,12.89,54.04,28,Desconocido,Medellín,WhatsApp
TRX-11712,PROD-3454,2025-03-09,2,475.98,56.72,9,Entregado,Barranquilla,Online
TRX-11713,PROD-1224,2026-01-18,12,188.11,23.57,12,Retrasado,Cali,Online
TRX-11714,PROD-1031,2024-10-26,6,193.85,65.35,25,En Camino,Cali,WhatsApp
TRX-11715,PROD-1837,2025-08-06,4,1388.74,9.09,5,Desconocido,Bucaramanga,Físico
TRX-11716,PROD-2234,2026-01-19,3,435.81,52.345,21,Devuelto,Barranquilla,App
TRX-11717,PROD-1865,2026-01-10,7,1870.14,99.38,19,En Camino,Ventas_Web,Online
TRX-11718,PROD-1562,2025-06-24,7,1037.72,7.54,7,Entregado,Cali,App
TRX-11719,PROD-2046,2025-11-23,2,925.6,9.76,7,Devuelto,Medellín,WhatsApp
TRX-11720,PROD-2185,2025-04-07,8,874.22,35.84,19,Entregado,Bogotá,Online
TRX-11721,PROD-2343,2025-04-01,11,1388.25,84.0,8,En Camino,Bucaramanga,Físico
TRX-11722,PROD-1491,2025-05-01,1,910.0,29.43,6,Devuelto,Medellín,Online
TRX-11723,PROD-1031,2024-10-02,11,265.91,49.83,3,Desconocido,Cali,Físico
TRX-11724,PROD-3037,2025-01-20,10,1761.54,6.71,22,En Camino,Medellín,App
TRX-11725,PROD-2763,2025-01-23,7,862.51,12.49,1,Retrasado,Ventas_Web,Online
TRX-11726,PROD-1719,2025-05-27,10,157.27,62.76,6,Entregado,Bucaramanga,WhatsApp
TRX-11727,PROD-1529,2025-09-17,12,1063.44,23.46,23,Retrasado,Ventas_Web,Online
TRX-11728,PROD-2557,2025-10-24,1,1298.22,52.345,20,Retrasado,Ventas_Web,Físico
TRX-11729,PROD-3181,2025-05-01,13,558.41,70.95,20,En Camino,Barranquilla,App
TRX-11730,PROD-3882,2025-06-10,12,1602.68,79.61,19,En Camino,Ventas_Web,WhatsApp
TRX-11731,PROD-1942,2024-11-19,14,1342.85,85.78,21,Perdido,Medellín,Físico
TRX-11732,PROD-3049,2025-08-03,3,1304.18,17.71,28,Perdido,Bogotá,Físico
TRX-11733,PROD-3288,2025-12-26,3,847.44,48.27,13,Devuelto,Barranquilla,WhatsApp
TRX-11734,PROD-3736,2025-01-28,10,1924.21,94.97,27,En Camino,Bogotá,WhatsApp
TRX-11735,PROD-2450,2025-03-28,14,555.64,78.35,17,Entregado,Barranquilla,App
TRX-11736,PROD-1295,2025-04-15,2,1159.63,16.11,22,En Camino,Medellín,Físico
TRX-11737,PROD-2626,2024-12-17,14,625.02,52.74,18,En Camino,Barranquilla,Físico
TRX-11738,PROD-1173,2025-01-04,10,1492.16,92.63,20,Desconocido,Bogotá,App
TRX-11739,PROD-2786,2025-02-12,13,105.11,46.8,6,Retrasado,Bucaramanga,Online
TRX-11740,PROD-1076,2025-04-15,5,101.33,52.345,11,Retrasado,Bucaramanga,WhatsApp
TRX-11741,PROD-2883,2025-01-29,4,1623.61,84.55,27,Perdido,Medellín,App
TRX-11742,PROD-1318,2025-05-26,13,874.19,52.11,6,Desconocido,Bogotá,WhatsApp
TRX-11743,PROD-2282,2024-10-30,6,688.95,15.15,28,Devuelto,Medellín,App
TRX-11744,PROD-3358,2025-09-20,2,1218.98,19.05,26,Devuelto,Medellín,App
TRX-11745,PROD-2758,2025-01-09,14,1406.78,9.43,7,En Camino,Bogotá,Físico
TRX-11746,PROD-3348,2025-07-28,4,410.39,23.55,1,Desconocido,Ventas_Web,WhatsApp
TRX-11747,PROD-2656,2024-11-13,12,379.01,89.89,28,Entregado,Bucaramanga,App
TRX-11748,PROD-3906,2024-09-23,7,1916.72,66.77,22,Retrasado,Medellín,Físico
TRX-11749,PROD-3622,2024-10-03,1,1183.43,75.19,25,Entregado,Bogotá,App
TRX-11750,PROD-2710,2025-08-02,13,786.33,64.06,24,Desconocido,Medellín,WhatsApp
TRX-11751,PROD-2185,2025-05-15,11,1604.87,41.72,8,Retrasado,Ventas_Web,App
TRX-11752,PROD-1471,2025-01-28,3,1055.07,52.345,27,Desconocido,Medellín,Físico
TRX-11753,PROD-2659,2025-11-20,1,490.91,25.6,14,Desconocido,Ventas_Web,Físico
TRX-11754,PROD-1085,2025-04-24,2,421.4,92.93,22,En Camino,Barranquilla,Online
TRX-11755,PROD-2330,2026-01-18,9,799.75,53.91,20,Devuelto,Barranquilla,WhatsApp
TRX-11756,PROD-1703,2025-12-10,10,1721.19,50.7,1,Desconocido,Bogotá,Online
TRX-11757,PROD-3531,2025-05-23,5,132.28,99.63,5,En Camino,Bucaramanga,Físico
TRX-11758,PROD-2884,2024-11-05,13,444.87,41.47,29,Retrasado,Bogotá,Online
TRX-11759,PROD-3824,2024-09-28,4,1787.37,86.14,5,Desconocido,Medellín,WhatsApp
TRX-11760,PROD-2482,2025-02-25,12,252.25,86.92,14,Devuelto,Barranquilla,Físico
TRX-11761,PROD-1360,2025-11-11,4,1262.96,27.1,7,Entregado,Ventas_Web,Online
TRX-11762,PROD-2788,2024-09-30,8,434.89,14.01,17,Entregado,Ventas_Web,Online
TRX-11763,PROD-1433,2024-09-27,12,1215.68,97.68,29,Perdido,Barranquilla,Físico
TRX-11764,PROD-1996,2025-09-19,3,772.38,52.345,11,Entregado,Barranquilla,App
TRX-11765,PROD-2784,2025-03-23,12,212.34,45.46,22,Perdido,Cali,Físico
TRX-11766,PROD-3412,2025-01-12,12,1169.13,5.21,7,Devuelto,Barranquilla,Online
TRX-11767,PROD-2640,2026-01-27,4,1369.26,52.41,1,En Camino,Ventas_Web,WhatsApp
TRX-11768,PROD-3146,2025-06-22,2,1363.74,63.83,15,Desconocido,Ventas_Web,Online
TRX-11769,PROD-1322,2025-11-18,6,1277.7,78.73,19,Desconocido,Cali,Físico
TRX-11770,PROD-2621,2025-06-14,12,1005.45,94.58,10,En Camino,Bogotá,Online
TRX-11771,PROD-2270,2025-12-24,9,1043.75,91.94,9,Desconocido,Bucaramanga,Físico
TRX-11772,PROD-2390,2025-04-22,12,1274.92,94.31,13,Devuelto,Bucaramanga,Online
TRX-11773,PROD-1907,2024-12-09,4,1383.62,8.05,24,Desconocido,Medellín,Online
TRX-11774,PROD-2364,2025-06-19,11,1313.2,72.62,13,Desconocido,Medellín,App
TRX-11775,PROD-1688,2025-02-23,6,1178.02,26.46,26,Devuelto,Cali,Físico
TRX-11776,PROD-1312,2025-05-01,4,320.12,52.345,6,Retrasado,Medellín,App
TRX-11777,PROD-3090,2025-09-26,14,429.13,22.82,8,Entregado,Medellín,App
TRX-11778,PROD-3593,2025-12-12,2,527.85,81.03,12,Entregado,Medellín,Online
TRX-11779,PROD-1467,2025-09-04,13,1840.13,44.63,2,Entregado,Cali,Físico
TRX-11780,PROD-3173,2024-10-17,14,1521.2,92.08,29,Perdido,Bogotá,WhatsApp
TRX-11781,PROD-3088,2025-12-30,6,1110.2,9.03,16,Entregado,Barranquilla,Online
TRX-11782,PROD-1794,2025-11-16,12,511.59,81.21,29,Desconocido,Medellín,Físico
TRX-11783,PROD-2431,2025-09-11,7,230.67,18.0,12,Desconocido,Bogotá,App
TRX-11784,PROD-2438,2025-04-18,4,1798.53,21.77,23,Retrasado,Medellín,Online
TRX-11785,PROD-3979,2025-11-13,12,1786.41,50.35,18,En Camino,Bogotá,WhatsApp
TRX-11786,PROD-3643,2024-09-25,11,230.28,42.58,3,En Camino,Bucaramanga,Online
TRX-11787,PROD-1604,2025-04-25,7,1596.46,51.19,18,Desconocido,Ventas_Web,App
TRX-11788,PROD-1967,2025-10-22,13,898.82,52.345,11,Perdido,Bogotá,App
TRX-11789,PROD-1421,2025-01-12,11,654.69,94.3,5,Retrasado,Bogotá,Físico
TRX-11790,PROD-1599,2025-12-08,8,1480.82,67.45,13,Devuelto,Cali,WhatsApp
TRX-11791,PROD-2048,2025-04-02,11,1232.52,32.58,10,Desconocido,Ventas_Web,Online
TRX-11792,PROD-1808,2025-10-29,3,1562.26,21.43,21,En Camino,Medellín,App
TRX-11793,PROD-1710,2024-11-08,2,157.91,44.9,22,Retrasado,Cali,Físico
TRX-11794,PROD-3467,2026-01-24,5,643.99,47.91,15,Devuelto,Cali,WhatsApp
TRX-11795,PROD-1626,2025-11-24,2,645.44,62.12,6,Perdido,Cali,WhatsApp
TRX-11796,PROD-3684,2025-05-01,10,666.21,30.27,16,Desconocido,Bogotá,Físico
TRX-11797,PROD-1308,2025-03-28,5,1009.93,77.91,23,Entregado,Bucaramanga,App
TRX-11798,PROD-1725,2024-11-11,10,573.2,14.35,8,Desconocido,Barranquilla,WhatsApp
TRX-11799,PROD-3572,2025-04-07,13,894.32,58.24,20,Retrasado,Bucaramanga,Online
TRX-11801,PROD-2900,2025-11-09,6,1473.24,64.24,25,En Camino,Ventas_Web,App
TRX-11802,PROD-3309,2025-05-01,8,1210.97,24.65,3,Perdido,Bogotá,Físico
TRX-11803,PROD-3373,2025-10-07,6,1310.72,83.47,5,Desconocido,Bogotá,WhatsApp
TRX-11804,PROD-2838,2024-12-21,4,429.06,63.47,15,Retrasado,Bogotá,Físico
TRX-11805,PROD-3789,2025-05-12,3,657.75,66.34,3,Perdido,Bogotá,WhatsApp
TRX-11806,PROD-3312,2025-08-11,14,52.12,52.29,15,Devuelto,Barranquilla,Físico
TRX-11807,PROD-3633,2025-06-07,14,225.67,91.41,2,Retrasado,Barranquilla,App
TRX-11808,PROD-3602,2025-02-22,2,537.46,70.92,12,Desconocido,Medellín,Físico
TRX-11809,PROD-3558,2025-06-05,13,140.27,41.27,27,Desconocido,Barranquilla,App
TRX-11810,PROD-2323,2025-10-30,1,1209.24,27.67,5,Entregado,Bogotá,App
TRX-11811,PROD-3569,2025-11-20,2,1996.28,11.75,9,Devuelto,Barranquilla,Físico
TRX-11812,PROD-2294,2025-06-07,2,210.62,52.345,22,Entregado,Barranquilla,WhatsApp
TRX-11813,PROD-1618,2026-01-02,5,1644.25,20.71,4,Perdido,Barranquilla,App
TRX-11814,PROD-2801,2024-11-26,9,246.44,99.3,23,Entregado,Cali,Físico
TRX-11815,PROD-1279,2025-03-31,1,1343.13,43.64,26,Devuelto,Bogotá,App
TRX-11816,PROD-2920,2024-12-22,4,1289.88,90.38,21,Devuelto,Ventas_Web,App
TRX-11817,PROD-2811,2025-12-04,10,1806.41,21.2,28,Devuelto,Medellín,Físico
TRX-11818,PROD-3586,2025-03-14,7,236.75,45.41,7,Desconocido,Ventas_Web,App
TRX-11819,PROD-2240,2025-05-27,11,637.73,96.25,16,Perdido,Medellín,App
TRX-11820,PROD-2125,2025-06-05,14,190.65,13.66,13,En Camino,Barranquilla,Físico
TRX-11821,PROD-3422,2025-01-16,10,820.69,61.43,2,Perdido,Cali,Online
TRX-11822,PROD-1230,2024-11-10,3,1824.07,92.32,2,Devuelto,Bogotá,Físico
TRX-11823,PROD-2441,2025-05-07,8,1565.23,95.22,9,Perdido,Medellín,WhatsApp
TRX-11824,PROD-3078,2026-01-24,3,1448.57,52.345,15,Retrasado,Bogotá,Online
TRX-11825,PROD-1303,2024-11-30,8,1070.72,85.37,4,Retrasado,Bogotá,App
TRX-11826,PROD-2271,2025-11-18,13,1768.14,86.31,17,En Camino,Ventas_Web,WhatsApp
TRX-11827,PROD-2891,2025-10-15,2,904.39,66.96,9,Perdido,Bucaramanga,Online
TRX-11828,PROD-2851,2025-10-28,5,307.87,25.94,15,Desconocido,Medellín,Físico
TRX-11829,PROD-1154,2025-01-26,4,1676.79,74.41,1,Perdido,Medellín,App
TRX-11830,PROD-1233,2025-12-03,11,566.48,97.95,27,Retrasado,Ventas_Web,Online
TRX-11831,PROD-2510,2025-04-23,9,116.73,54.96,2,Devuelto,Bogotá,Físico
TRX-11832,PROD-2175,2024-11-14,3,260.82,29.77,9,Entregado,Bucaramanga,Online
TRX-11833,PROD-1314,2025-01-12,12,1222.03,59.48,11,Devuelto,Medellín,Físico
TRX-11834,PROD-3640,2025-02-28,11,1218.09,70.61,19,En Camino,Bogotá,WhatsApp
TRX-11835,PROD-1369,2025-05-20,5,527.76,24.79,27,Entregado,Cali,WhatsApp
TRX-11836,PROD-3519,2025-02-19,10,1457.09,52.345,1,Devuelto,Barranquilla,App
TRX-11837,PROD-3433,2025-02-08,9,1549.54,73.32,19,Perdido,Cali,Físico
TRX-11838,PROD-3076,2025-11-14,13,1841.8,60.81,9,Desconocido,Bucaramanga,Online
TRX-11839,PROD-2574,2025-01-13,6,1174.03,63.17,28,Perdido,Ventas_Web,App
TRX-11840,PROD-2895,2025-02-12,2,1561.05,34.07,2,Retrasado,Medellín,App
TRX-11841,PROD-3377,2025-09-27,1,1508.67,19.75,5,Perdido,Barranquilla,Físico
TRX-11842,PROD-3270,2025-02-07,12,523.04,64.23,17,Perdido,Ventas_Web,WhatsApp
TRX-11843,PROD-1168,2026-01-21,11,627.35,60.69,26,En Camino,Bucaramanga,App
TRX-11844,PROD-2842,2026-01-15,1,962.18,37.11,1,Desconocido,Bogotá,Online
TRX-11845,PROD-3341,2025-12-03,7,47.89,33.11,14,Entregado,Bucaramanga,App
TRX-11846,PROD-3669,2025-07-23,14,601.82,37.99,12,Devuelto,Medellín,Físico
TRX-11847,PROD-1771,2024-10-23,12,953.03,51.54,23,Devuelto,Bogotá,WhatsApp
TRX-11848,PROD-2316,2025-07-12,2,225.06,52.345,26,En Camino,Barranquilla,Físico
TRX-11849,PROD-3478,2025-01-08,7,261.29,97.61,10,Entregado,Medellín,App
TRX-11850,PROD-2948,2025-07-03,1,931.84,77.54,19,Perdido,Ventas_Web,Online
TRX-11851,PROD-3053,2025-02-28,4,1464.62,85.92,15,Desconocido,Medellín,App
TRX-11852,PROD-1617,2025-08-14,10,1669.16,53.04,1,En Camino,Medellín,App
TRX-11853,PROD-1253,2024-10-06,13,1097.16,54.98,1,Perdido,Medellín,WhatsApp
TRX-11854,PROD-2845,2025-01-22,11,954.75,24.41,29,Devuelto,Bucaramanga,Físico
TRX-11855,PROD-1423,2025-04-25,4,774.72,73.5,11,En Camino,Bogotá,WhatsApp
TRX-11856,PROD-2406,2025-06-21,5,393.97,45.05,11,Desconocido,Ventas_Web,App
TRX-11857,PROD-3925,2024-10-17,14,301.66,75.53,5,En Camino,Cali,Online
TRX-11858,PROD-1345,2025-11-19,14,1585.87,43.86,3,En Camino,Medellín,Online
TRX-11859,PROD-3066,2025-08-10,10,935.36,15.31,11,Devuelto,Barranquilla,WhatsApp
TRX-11860,PROD-3646,2025-07-13,1,1582.74,52.345,4,Desconocido,Bucaramanga,Online
TRX-11861,PROD-1706,2025-03-10,7,1411.13,21.44,6,Devuelto,Cali,Online
TRX-11862,PROD-1160,2025-01-03,11,395.85,82.1,18,Retrasado,Medellín,Online
TRX-11863,PROD-2014,2025-09-11,2,1025.51,29.57,7,Desconocido,Bogotá,App
TRX-11864,PROD-3898,2025-09-28,12,893.59,30.11,21,Devuelto,Cali,Online
TRX-11865,PROD-2793,2024-11-01,11,853.51,93.29,24,Desconocido,Bucaramanga,WhatsApp
TRX-11866,PROD-2799,2025-05-15,13,1089.72,67.48,4,Devuelto,Cali,Online
TRX-11867,PROD-3146,2025-08-08,11,1964.34,15.86,14,Perdido,Bogotá,App
TRX-11868,PROD-3141,2024-12-20,13,1627.67,18.64,28,Devuelto,Bucaramanga,App
TRX-11869,PROD-3497,2024-12-31,2,1808.39,30.87,8,Desconocido,Medellín,Online
TRX-11870,PROD-1650,2025-02-13,8,68.98,61.43,20,Entregado,Cali,WhatsApp
TRX-11871,PROD-2490,2024-12-13,9,289.27,76.52,11,Perdido,Cali,Online
TRX-11872,PROD-2527,2024-12-08,6,178.68,52.345,14,Desconocido,Medellín,Físico
TRX-11873,PROD-2158,2024-11-20,11,533.83,31.08,21,Desconocido,Medellín,WhatsApp
TRX-11874,PROD-2586,2025-05-09,1,889.37,87.71,3,Desconocido,Cali,WhatsApp
TRX-11875,PROD-2674,2024-12-22,1,1287.69,15.37,11,Retrasado,Ventas_Web,WhatsApp
TRX-11876,PROD-2385,2025-09-11,14,1006.65,24.72,4,Entregado,Cali,WhatsApp
TRX-11877,PROD-3780,2025-10-22,11,1807.34,97.19,9,Retrasado,Bogotá,WhatsApp
TRX-11878,PROD-3448,2024-09-23,7,1880.31,17.8,5,En Camino,Ventas_Web,Online
TRX-11879,PROD-1214,2025-06-18,8,335.41,89.37,13,En Camino,Medellín,Online
TRX-11880,PROD-3584,2025-07-05,3,1707.3,71.87,20,En Camino,Bucaramanga,WhatsApp
TRX-11881,PROD-3651,2025-04-07,9,968.63,11.94,4,Devuelto,Bogotá,WhatsApp
TRX-11882,PROD-2370,2025-06-23,4,912.13,50.95,7,Devuelto,Ventas_Web,Físico
TRX-11883,PROD-1269,2024-12-09,4,1572.03,54.3,2,Perdido,Medellín,App
TRX-11884,PROD-2350,2025-02-10,3,195.35,52.345,20,Entregado,Ventas_Web,App
TRX-11885,PROD-1387,2025-07-07,8,1766.16,93.55,19,Entregado,Barranquilla,WhatsApp
TRX-11886,PROD-3285,2024-12-02,9,1345.02,45.0,7,Desconocido,Barranquilla,WhatsApp
TRX-11887,PROD-3778,2025-12-22,1,1751.77,47.44,20,En Camino,Ventas_Web,App
TRX-11888,PROD-2583,2024-11-11,2,1989.01,15.69,24,En Camino,Bogotá,Online
TRX-11889,PROD-2163,2025-12-21,1,1040.83,65.72,21,Desconocido,Cali,Físico
TRX-11890,PROD-2032,2025-09-29,14,195.59,25.04,25,Devuelto,Medellín,Físico
TRX-11891,PROD-3964,2025-09-26,4,341.38,12.37,9,Retrasado,Barranquilla,WhatsApp
TRX-11892,PROD-3689,2024-12-11,10,654.0,99.71,19,Desconocido,Bucaramanga,Online
TRX-11893,PROD-3468,2025-05-15,7,216.07,30.61,25,Entregado,Bucaramanga,Online
TRX-11894,PROD-1615,2025-07-06,14,1632.53,18.4,20,Entregado,Medellín,Online
TRX-11895,PROD-2365,2025-07-26,7,600.77,71.45,25,Retrasado,Ventas_Web,Online
TRX-11896,PROD-1333,2025-02-24,12,1952.01,52.345,28,Entregado,Barranquilla,WhatsApp
TRX-11897,PROD-3386,2024-11-21,6,1408.16,83.06,2,Entregado,Medellín,App
TRX-11898,PROD-3718,2024-10-25,13,355.13,11.09,21,Devuelto,Bogotá,WhatsApp
TRX-11899,PROD-1579,2025-12-03,11,957.32,15.01,16,Entregado,Medellín,Físico
TRX-11901,PROD-2270,2025-05-01,5,990.1,9.46,19,En Camino,Bogotá,WhatsApp
TRX-11902,PROD-3687,2025-04-10,11,1076.03,67.65,18,Perdido,Ventas_Web,Físico
TRX-11903,PROD-3860,2025-11-13,4,72.03,60.89,17,Devuelto,Medellín,App
TRX-11904,PROD-3712,2025-01-26,12,1375.74,67.97,11,Devuelto,Bogotá,App
TRX-11905,PROD-2605,2024-11-02,13,979.51,53.04,23,En Camino,Medellín,WhatsApp
TRX-11906,PROD-1528,2025-06-24,14,1584.02,82.66,4,Devuelto,Barranquilla,Físico
TRX-11907,PROD-3437,2026-01-04,8,1632.55,56.93,24,Devuelto,Bogotá,App
TRX-11908,PROD-3903,2025-07-16,7,468.76,52.345,8,Perdido,Medellín,App
TRX-11909,PROD-1347,2024-12-16,11,106.36,92.28,24,Retrasado,Barranquilla,Físico
TRX-11910,PROD-2268,2024-12-20,11,1409.44,51.14,18,Desconocido,Bogotá,Online
TRX-11911,PROD-3289,2024-11-03,10,1955.75,80.11,13,Entregado,Bucaramanga,Físico
TRX-11912,PROD-2542,2025-01-20,1,898.85,43.7,21,Perdido,Ventas_Web,WhatsApp
TRX-11913,PROD-3635,2025-06-28,6,526.63,46.35,8,Retrasado,Medellín,Online
TRX-11914,PROD-2345,2025-12-25,14,321.78,85.65,10,Entregado,Medellín,WhatsApp
TRX-11915,PROD-1523,2024-10-25,2,582.02,15.23,18,En Camino,Barranquilla,App
TRX-11916,PROD-3744,2025-06-25,4,662.56,58.67,18,Retrasado,Bogotá,Online
TRX-11917,PROD-3878,2025-02-22,5,853.51,74.0,17,Entregado,Bucaramanga,WhatsApp
TRX-11918,PROD-3807,2024-12-21,8,1314.26,76.29,16,Perdido,Medellín,WhatsApp
TRX-11919,PROD-3156,2025-01-04,6,553.59,61.19,6,Entregado,Bogotá,WhatsApp
TRX-11920,PROD-1382,2025-12-02,11,111.44,52.345,14,Devuelto,Medellín,Online
TRX-11921,PROD-3646,2024-10-04,2,752.82,47.57,5,Desconocido,Medellín,WhatsApp
TRX-11922,PROD-3746,2025-03-01,5,1712.7,29.77,15,Entregado,Bogotá,Online
TRX-11923,PROD-2734,2025-11-13,5,1001.72,91.4,13,En Camino,Cali,Online
TRX-11924,PROD-3082,2025-12-24,6,1929.92,40.13,16,Perdido,Bogotá,WhatsApp
TRX-11925,PROD-2482,2025-04-06,1,1012.21,80.9,16,Retrasado,Ventas_Web,App
TRX-11926,PROD-1074,2025-10-26,8,559.04,8.01,17,Entregado,Barranquilla,Físico
TRX-11927,PROD-2485,2025-07-26,3,394.69,27.06,27,Perdido,Cali,Físico
TRX-11928,PROD-2265,2025-06-11,5,1392.1,37.83,24,En Camino,Medellín,Online
TRX-11929,PROD-1738,2024-12-22,7,1077.4,68.8,24,Desconocido,Bogotá,WhatsApp
TRX-11930,PROD-1877,2025-04-07,3,1211.96,35.34,5,Retrasado,Barranquilla,Físico
TRX-11931,PROD-2399,2024-11-30,14,1512.7,8.93,11,Entregado,Bogotá,Físico
TRX-11932,PROD-2991,2026-01-01,10,1454.55,52.345,15,En Camino,Bogotá,WhatsApp
TRX-11933,PROD-1786,2025-04-30,13,96.29,21.52,3,Devuelto,Bogotá,Físico
TRX-11934,PROD-1927,2025-11-15,6,1607.12,29.62,8,Perdido,Medellín,WhatsApp
TRX-11935,PROD-1563,2025-10-06,5,1070.08,21.72,3,Perdido,Bucaramanga,Físico
TRX-11936,PROD-1634,2025-04-24,7,789.5,24.35,29,Entregado,Medellín,App
TRX-11937,PROD-1316,2025-11-14,10,1079.66,78.05,4,En Camino,Bogotá,WhatsApp
TRX-11938,PROD-2211,2025-12-13,11,1228.78,44.14,27,Retrasado,Medellín,Físico
TRX-11939,PROD-1414,2025-12-18,3,307.52,43.49,14,Retrasado,Cali,Online
TRX-11940,PROD-3079,2025-02-15,13,840.66,96.83,23,Retrasado,Bogotá,WhatsApp
TRX-11941,PROD-3210,2025-05-13,14,677.82,47.44,23,Retrasado,Medellín,Físico
TRX-11942,PROD-3156,2025-09-28,2,707.31,93.13,20,Entregado,Ventas_Web,App
TRX-11943,PROD-1154,2025-11-06,4,191.76,33.41,25,Entregado,Medellín,Físico
TRX-11944,PROD-3711,2025-05-14,3,328.09,52.345,6,Perdido,Ventas_Web,Online
TRX-11945,PROD-2379,2025-04-24,4,332.05,43.06,24,En Camino,Ventas_Web,WhatsApp
TRX-11946,PROD-3531,2025-09-24,7,752.72,42.65,23,Devuelto,Ventas_Web,App
TRX-11947,PROD-1536,2026-01-16,5,1790.04,56.88,4,Entregado,Cali,Físico
TRX-11948,PROD-3446,2024-11-22,4,419.99,60.5,12,Retrasado,Bogotá,Online
TRX-11949,PROD-2543,2025-09-20,14,838.22,28.57,2,Devuelto,Ventas_Web,Online
TRX-11950,PROD-1631,2024-12-09,6,630.1,80.39,27,Perdido,Medellín,Online
TRX-11951,PROD-1664,2024-12-26,7,1576.89,52.17,29,Retrasado,Medellín,Físico
TRX-11952,PROD-1740,2025-08-18,12,109.75,5.67,18,Desconocido,Bucaramanga,App
TRX-11953,PROD-3837,2026-02-03,14,401.12,61.18,14,En Camino,Barranquilla,Físico
TRX-11954,PROD-3558,2025-04-26,11,429.18,80.82,8,Devuelto,Bogotá,App
TRX-11955,PROD-1678,2025-04-23,5,1986.0,28.79,8,Perdido,Cali,WhatsApp
TRX-11956,PROD-3953,2025-07-23,12,1145.84,52.345,12,Entregado,Ventas_Web,App
TRX-11957,PROD-2792,2025-04-10,7,286.53,8.6,1,En Camino,Bogotá,Online
TRX-11958,PROD-1178,2025-09-09,3,551.68,81.68,29,Retrasado,Bogotá,Online
TRX-11959,PROD-2682,2024-10-23,7,343.97,97.75,1,Devuelto,Ventas_Web,Online
TRX-11960,PROD-2492,2025-07-09,12,257.96,12.27,4,Perdido,Cali,Físico
TRX-11961,PROD-3770,2025-08-31,3,1596.39,94.11,17,Devuelto,Bucaramanga,WhatsApp
TRX-11962,PROD-3947,2026-01-08,14,996.55,39.13,10,En Camino,Bogotá,App
TRX-11963,PROD-1972,2025-02-04,6,1266.11,94.44,1,Entregado,Ventas_Web,Online
TRX-11964,PROD-2819,2024-12-14,8,669.19,66.64,26,Entregado,Cali,WhatsApp
TRX-11965,PROD-3500,2025-10-18,13,1111.85,89.57,11,Desconocido,Cali,WhatsApp
TRX-11966,PROD-2167,2024-11-08,6,522.56,79.65,21,En Camino,Barranquilla,Físico
TRX-11967,PROD-2838,2025-10-19,10,622.99,7.66,17,Retrasado,Bucaramanga,App
TRX-11968,PROD-1958,2025-04-16,11,1307.95,52.345,10,Devuelto,Bucaramanga,WhatsApp
TRX-11969,PROD-3187,2025-10-12,3,309.2,11.22,28,Retrasado,Medellín,App
TRX-11970,PROD-1979,2025-10-08,12,1238.27,54.95,6,Perdido,Bucaramanga,Físico
TRX-11971,PROD-2267,2024-12-08,5,1705.95,17.31,4,Retrasado,Medellín,App
TRX-11972,PROD-2921,2025-06-08,9,249.64,48.8,26,Desconocido,Barranquilla,Físico
TRX-11973,PROD-1794,2025-12-03,8,1795.95,95.69,13,En Camino,Medellín,Online
TRX-11974,PROD-2506,2024-12-23,6,168.1,33.0,27,Desconocido,Bucaramanga,App
TRX-11975,PROD-3778,2025-11-18,9,704.33,51.45,11,Entregado,Medellín,Físico
TRX-11976,PROD-3336,2025-12-01,2,1224.91,41.5,5,Desconocido,Barranquilla,WhatsApp
TRX-11977,PROD-2804,2025-10-26,13,1123.24,64.83,14,En Camino,Cali,Online
TRX-11978,PROD-2891,2024-12-31,11,201.82,23.42,25,En Camino,Ventas_Web,WhatsApp
TRX-11979,PROD-2154,2025-10-10,9,1599.84,29.69,2,Devuelto,Bogotá,Online
TRX-11980,PROD-2564,2025-04-05,10,1946.58,52.345,3,En Camino,Cali,Online
TRX-11981,PROD-3059,2025-04-02,13,370.64,86.58,29,Perdido,Medellín,App
TRX-11982,PROD-3160,2024-11-29,10,1791.31,82.08,3,Devuelto,Barranquilla,WhatsApp
TRX-11983,PROD-2714,2025-10-16,6,1118.05,79.97,11,Devuelto,Cali,WhatsApp
TRX-11984,PROD-1663,2025-05-22,9,1872.51,78.24,9,Retrasado,Ventas_Web,Online
TRX-11985,PROD-1817,2024-12-21,12,360.41,48.65,19,Desconocido,Medellín,Online
TRX-11986,PROD-3476,2025-09-02,4,1586.12,74.24,10,En Camino,Medellín,Online
TRX-11987,PROD-1566,2024-10-02,5,128.97,41.78,21,Retrasado,Bogotá,Físico
TRX-11988,PROD-2024,2025-06-13,2,1767.56,14.57,6,Retrasado,Cali,App
TRX-11989,PROD-1213,2025-06-17,3,1351.58,42.37,22,Desconocido,Bogotá,Online
TRX-11990,PROD-3626,2025-08-08,1,746.81,20.07,6,Devuelto,Bogotá,App
TRX-11991,PROD-2968,2025-01-18,4,389.03,42.13,1,Retrasado,Medellín,Online
TRX-11992,PROD-2520,2025-05-30,12,1634.9,52.345,22,Retrasado,Cali,Físico
TRX-11993,PROD-3271,2024-11-20,2,1210.45,33.26,1,Devuelto,Cali,Online
TRX-11994,PROD-1420,2025-04-05,12,727.23,61.92,22,Devuelto,Cali,App
TRX-11995,PROD-3913,2026-01-10,2,893.23,39.35,29,Entregado,Medellín,Online
TRX-11996,PROD-3113,2024-11-11,1,1654.82,72.03,26,En Camino,Barranquilla,App
TRX-11997,PROD-1510,2025-11-03,10,684.47,53.65,22,Entregado,Bucaramanga,WhatsApp
TRX-11998,PROD-2167,2025-07-15,12,188.37,92.35,19,Desconocido,Medellín,App
TRX-11999,PROD-1343,2025-10-05,2,1823.45,13.65,3,Devuelto,Medellín,Físico
TRX-12001,PROD-2117,2025-12-28,4,703.29,68.88,6,Retrasado,Bucaramanga,WhatsApp
TRX-12002,PROD-2840,2025-01-27,6,416.76,95.31,2,Retrasado,Bogotá,App
TRX-12003,PROD-3102,2025-05-26,13,1795.87,40.3,15,Devuelto,Medellín,WhatsApp
TRX-12004,PROD-1603,2024-12-18,12,442.84,52.345,12,Retrasado,Bucaramanga,Físico
TRX-12005,PROD-2791,2026-01-14,7,1276.98,34.02,21,Entregado,Cali,WhatsApp
TRX-12006,PROD-1375,2024-12-08,7,1762.72,21.38,10,Retrasado,Medellín,WhatsApp
TRX-12007,PROD-1909,2025-10-04,7,79.48,30.2,19,Perdido,Bogotá,App
TRX-12008,PROD-2847,2025-04-14,4,1659.3,52.68,21,En Camino,Bucaramanga,Físico
TRX-12009,PROD-2431,2026-01-18,12,827.09,84.58,13,Desconocido,Medellín,Online
TRX-12010,PROD-1109,2025-02-15,5,1319.37,32.01,3,Desconocido,Ventas_Web,Online
TRX-12011,PROD-2699,2025-02-18,14,751.09,19.99,18,Desconocido,Medellín,Online
TRX-12012,PROD-1218,2026-01-28,11,1394.08,30.85,20,Entregado,Bucaramanga,Online
TRX-12013,PROD-2623,2025-01-11,12,516.05,14.59,5,En Camino,Cali,Online
TRX-12014,PROD-3056,2026-01-25,3,53.64,93.04,22,En Camino,Ventas_Web,WhatsApp
TRX-12015,PROD-2531,2025-01-29,1,1896.1,87.9,13,Perdido,Bogotá,Online
TRX-12016,PROD-1965,2025-06-02,14,42.57,52.345,29,Desconocido,Bogotá,WhatsApp
TRX-12017,PROD-2581,2025-03-07,8,1649.96,34.31,14,Perdido,Cali,App
TRX-12018,PROD-1334,2025-07-16,10,346.58,28.46,15,Perdido,Bogotá,App
TRX-12019,PROD-2535,2025-11-22,11,790.52,91.01,18,Perdido,Bucaramanga,Físico
TRX-12020,PROD-1919,2026-01-30,7,1646.76,5.17,29,Desconocido,Medellín,Online
TRX-12021,PROD-1115,2025-02-06,14,419.8,62.05,14,Entregado,Ventas_Web,WhatsApp
TRX-12022,PROD-2305,2025-06-28,9,1732.76,92.02,19,Perdido,Medellín,Online
TRX-12023,PROD-1405,2025-08-22,14,1000.54,53.31,3,Entregado,Bogotá,WhatsApp
TRX-12024,PROD-3927,2024-10-03,10,738.65,5.28,22,Retrasado,Medellín,App
TRX-12025,PROD-3662,2024-12-02,4,1328.25,25.79,1,En Camino,Bogotá,Físico
TRX-12026,PROD-2373,2025-02-28,12,689.37,92.63,23,Desconocido,Ventas_Web,Físico
TRX-12027,PROD-1598,2025-04-26,12,701.1,6.62,29,Retrasado,Bogotá,Físico
TRX-12028,PROD-1563,2024-10-18,5,1469.72,52.345,24,Retrasado,Bucaramanga,Online
TRX-12029,PROD-1156,2025-07-05,5,626.57,42.5,7,Devuelto,Medellín,WhatsApp
TRX-12030,PROD-2175,2025-03-03,13,409.54,80.03,20,Desconocido,Ventas_Web,Online
TRX-12031,PROD-2935,2025-11-26,7,1617.22,84.62,7,Retrasado,Barranquilla,Físico
TRX-12032,PROD-3851,2025-01-02,13,1612.69,50.37,17,Retrasado,Bogotá,Online
TRX-12033,PROD-1568,2024-11-30,9,1000.2,27.09,29,Devuelto,Medellín,Online
TRX-12034,PROD-3889,2025-02-02,8,1058.04,61.97,15,Desconocido,Bogotá,Online
TRX-12035,PROD-2921,2025-03-30,7,1395.19,30.06,13,Retrasado,Bogotá,Online
TRX-12036,PROD-2837,2025-04-21,14,1023.46,29.25,24,Devuelto,Barranquilla,WhatsApp
TRX-12037,PROD-3520,2025-05-23,1,839.91,81.72,26,Entregado,Ventas_Web,WhatsApp
TRX-12038,PROD-1021,2025-03-07,12,1989.84,19.66,15,En Camino,Ventas_Web,Físico
TRX-12039,PROD-1324,2025-11-08,10,303.8,5.52,26,Perdido,Cali,Físico
TRX-12040,PROD-1077,2025-11-06,13,1189.53,52.345,3,Retrasado,Bucaramanga,App
TRX-12041,PROD-2048,2024-11-22,6,1772.87,36.99,25,Entregado,Ventas_Web,WhatsApp
TRX-12042,PROD-1883,2025-09-19,10,1377.56,51.64,17,En Camino,Barranquilla,Online
TRX-12043,PROD-1612,2025-06-28,9,1763.04,71.98,16,Entregado,Bogotá,WhatsApp
TRX-12044,PROD-3247,2025-11-26,13,679.31,79.21,22,Devuelto,Medellín,Online
TRX-12045,PROD-3978,2025-01-13,7,551.27,68.03,1,Entregado,Medellín,Online
TRX-12046,PROD-3493,2024-10-22,1,1704.03,64.52,24,Retrasado,Cali,App
TRX-12047,PROD-3161,2025-08-11,9,794.29,68.25,14,Retrasado,Ventas_Web,App
TRX-12048,PROD-2733,2026-01-11,3,1422.27,30.8,3,Desconocido,Bogotá,App
TRX-12049,PROD-1455,2025-03-02,14,304.02,41.32,20,Perdido,Cali,App
TRX-12050,PROD-2180,2025-05-14,9,1514.12,63.56,28,Perdido,Bucaramanga,Online
TRX-12051,PROD-1973,2025-10-14,4,1102.48,11.23,22,Retrasado,Bogotá,Online
TRX-12052,PROD-2233,2025-12-19,9,544.54,52.345,4,Entregado,Barranquilla,WhatsApp
TRX-12053,PROD-1499,2025-10-04,13,994.06,33.06,24,Desconocido,Bucaramanga,Online
TRX-12054,PROD-1195,2025-08-27,8,1396.92,43.61,9,Desconocido,Medellín,WhatsApp
TRX-12055,PROD-1976,2025-03-11,7,33.65,55.68,21,Retrasado,Ventas_Web,WhatsApp
TRX-12056,PROD-2719,2025-08-06,4,1278.56,51.22,1,Entregado,Medellín,App
TRX-12057,PROD-3617,2025-03-27,9,1087.77,73.22,24,Retrasado,Medellín,WhatsApp
TRX-12058,PROD-3551,2024-11-18,4,448.37,49.98,14,En Camino,Barranquilla,Físico
TRX-12059,PROD-2872,2025-05-20,1,1508.43,90.89,13,Entregado,Bucaramanga,Físico
TRX-12060,PROD-1257,2025-06-06,6,613.89,41.13,15,Devuelto,Bogotá,Online
TRX-12061,PROD-1454,2025-09-15,4,560.95,54.91,18,Devuelto,Cali,Físico
TRX-12062,PROD-3047,2025-04-11,10,947.72,5.3,16,Perdido,Ventas_Web,App
TRX-12063,PROD-3444,2025-12-10,3,1355.54,34.5,6,En Camino,Ventas_Web,App
TRX-12064,PROD-3195,2025-08-13,12,1858.4,52.345,22,Devuelto,Barranquilla,WhatsApp
TRX-12065,PROD-1067,2025-08-03,5,291.3,87.32,16,Retrasado,Medellín,Online
TRX-12066,PROD-3588,2025-07-21,3,798.97,36.69,11,Devuelto,Cali,Físico
TRX-12067,PROD-3110,2025-01-06,11,143.31,29.05,7,Retrasado,Bogotá,Online
TRX-12068,PROD-3355,2025-07-09,9,1519.52,56.64,28,En Camino,Barranquilla,WhatsApp
TRX-12069,PROD-1990,2025-01-01,12,900.99,12.48,9,Desconocido,Cali,App
TRX-12070,PROD-3943,2024-12-28,6,1416.79,55.5,1,Desconocido,Bogotá,WhatsApp
TRX-12071,PROD-1588,2025-02-22,3,651.17,33.85,10,Desconocido,Medellín,Físico
TRX-12072,PROD-2193,2025-11-22,5,1690.19,41.39,29,Perdido,Medellín,App
TRX-12073,PROD-2758,2024-10-21,8,1074.31,80.18,28,Desconocido,Barranquilla,Físico
TRX-12074,PROD-1006,2025-02-22,14,1887.78,67.89,8,Devuelto,Medellín,Online
TRX-12075,PROD-3518,2025-12-04,8,166.84,47.38,11,Perdido,Bogotá,App
TRX-12076,PROD-2445,2025-10-06,6,1033.41,52.345,5,Desconocido,Bogotá,Online
TRX-12077,PROD-1985,2024-12-04,5,1535.25,59.86,29,Desconocido,Bogotá,App
TRX-12078,PROD-3337,2025-06-03,5,1204.3,77.85,6,En Camino,Ventas_Web,Físico
TRX-12079,PROD-2706,2025-12-17,1,56.16,75.85,24,Entregado,Barranquilla,Físico
TRX-12080,PROD-1767,2025-10-26,2,1944.95,22.61,24,Desconocido,Medellín,WhatsApp
TRX-12081,PROD-3721,2024-09-26,12,603.54,33.59,12,En Camino,Medellín,WhatsApp
TRX-12082,PROD-3737,2025-05-17,11,506.06,38.08,11,En Camino,Medellín,App
TRX-12083,PROD-1350,2024-10-30,4,976.46,22.82,7,En Camino,Cali,App
TRX-12084,PROD-3144,2024-10-12,6,1088.89,6.16,7,Entregado,Medellín,App
TRX-12085,PROD-2477,2025-01-13,11,1534.91,21.53,12,Entregado,Medellín,WhatsApp
TRX-12086,PROD-1277,2024-10-15,7,792.61,81.78,12,En Camino,Medellín,Físico
TRX-12087,PROD-3154,2025-11-17,1,885.52,56.86,1,Entregado,Medellín,Online
TRX-12088,PROD-3228,2025-12-12,8,1074.57,52.345,24,Retrasado,Bogotá,Online
TRX-12089,PROD-3078,2025-09-24,12,794.83,37.46,19,En Camino,Medellín,App
TRX-12090,PROD-3079,2025-02-05,1,1829.95,62.79,21,Desconocido,Medellín,Online
TRX-12091,PROD-3269,2025-11-17,9,1703.99,75.28,4,Devuelto,Bucaramanga,Online
TRX-12092,PROD-1083,2025-05-28,4,915.4,38.67,26,Retrasado,Bucaramanga,Online
TRX-12093,PROD-2599,2025-07-20,12,10.39,49.28,19,En Camino,Medellín,WhatsApp
TRX-12094,PROD-2925,2024-12-28,7,1802.86,11.1,26,Devuelto,Bogotá,WhatsApp
TRX-12095,PROD-1178,2024-10-25,11,257.43,61.72,21,Desconocido,Medellín,Online
TRX-12096,PROD-3603,2025-02-04,14,496.58,38.86,19,Devuelto,Bogotá,Físico
TRX-12097,PROD-2584,2025-06-04,6,313.2,46.18,25,Perdido,Medellín,Físico
TRX-12098,PROD-2529,2025-06-27,13,367.83,45.15,11,Perdido,Bucaramanga,WhatsApp
TRX-12099,PROD-2038,2025-02-02,9,1607.73,65.08,29,Devuelto,Bogotá,Físico
TRX-12101,PROD-2462,2024-10-07,14,1912.63,59.38,13,En Camino,Medellín,App
TRX-12102,PROD-1276,2025-06-26,2,470.59,45.1,22,En Camino,Bogotá,Físico
TRX-12103,PROD-2412,2025-01-26,11,976.41,6.61,19,En Camino,Bogotá,Online
TRX-12104,PROD-1987,2025-09-02,7,1955.08,63.99,5,Devuelto,Bucaramanga,Físico
TRX-12105,PROD-3691,2024-10-09,11,1654.62,88.56,11,Desconocido,Bogotá,Online
TRX-12106,PROD-3573,2025-07-31,5,1459.95,78.11,24,Entregado,Bogotá,Online
TRX-12107,PROD-1424,2024-11-11,13,386.06,98.25,25,Entregado,Bucaramanga,Físico
TRX-12108,PROD-3383,2025-02-04,7,1541.12,18.21,3,Desconocido,Cali,App
TRX-12109,PROD-2361,2025-01-18,1,701.65,26.14,5,Desconocido,Ventas_Web,Online
TRX-12110,PROD-1546,2025-10-05,11,1065.77,56.23,13,En Camino,Medellín,Online
TRX-12111,PROD-1181,2025-07-25,11,1222.23,27.41,14,Perdido,Medellín,WhatsApp
TRX-12112,PROD-2443,2024-11-21,10,1222.63,52.345,13,Devuelto,Bogotá,Físico
TRX-12113,PROD-3236,2025-01-25,9,1455.78,8.28,2,Entregado,Medellín,WhatsApp
TRX-12114,PROD-2386,2026-01-02,1,1326.79,43.22,2,Desconocido,Ventas_Web,Online
TRX-12115,PROD-3632,2025-01-16,14,146.06,32.33,18,Devuelto,Bogotá,Online
TRX-12116,PROD-1717,2025-10-18,5,920.12,30.06,28,Perdido,Bogotá,WhatsApp
TRX-12117,PROD-3804,2025-11-20,14,1331.4,95.55,6,Desconocido,Ventas_Web,Físico
TRX-12118,PROD-2903,2025-03-14,8,599.03,27.65,19,Devuelto,Barranquilla,WhatsApp
TRX-12119,PROD-3848,2025-03-28,1,632.98,17.3,10,Perdido,Barranquilla,WhatsApp
TRX-12120,PROD-2960,2026-02-02,7,257.89,16.91,21,Desconocido,Bucaramanga,Online
TRX-12121,PROD-3587,2024-12-19,2,843.04,81.6,8,Perdido,Medellín,App
TRX-12122,PROD-1746,2025-04-13,7,1973.79,72.91,5,Retrasado,Bucaramanga,App
TRX-12123,PROD-1552,2025-09-18,7,577.79,17.3,2,Desconocido,Cali,App
TRX-12124,PROD-1258,2025-07-30,9,1067.56,52.345,6,Perdido,Ventas_Web,Físico
TRX-12125,PROD-3932,2025-08-08,6,1489.04,25.88,18,Retrasado,Bucaramanga,WhatsApp
TRX-12126,PROD-2874,2025-12-15,4,36.86,76.0,29,Desconocido,Medellín,Físico
TRX-12127,PROD-1151,2025-03-23,7,1801.87,31.09,8,Desconocido,Bogotá,App
TRX-12128,PROD-2201,2025-09-09,7,779.23,98.25,2,Perdido,Medellín,Físico
TRX-12129,PROD-1825,2025-03-09,4,1739.54,56.35,23,Perdido,Bucaramanga,Físico
TRX-12130,PROD-1179,2025-03-22,2,87.51,23.24,20,Devuelto,Ventas_Web,Físico
TRX-12131,PROD-1817,2025-07-19,13,299.87,86.59,4,Retrasado,Bucaramanga,App
TRX-12132,PROD-1171,2025-12-13,11,651.83,35.35,15,Desconocido,Bogotá,Físico
TRX-12133,PROD-2292,2025-01-30,9,697.47,32.44,24,Entregado,Bogotá,Físico
TRX-12134,PROD-2270,2025-12-29,14,1697.11,36.11,20,Entregado,Cali,App
TRX-12135,PROD-3111,2025-02-18,8,32.29,77.98,24,Devuelto,Medellín,App
TRX-12136,PROD-2631,2026-01-07,5,1285.81,52.345,9,Entregado,Barranquilla,Físico
TRX-12137,PROD-3224,2025-07-25,14,271.31,21.46,24,Entregado,Bogotá,WhatsApp
TRX-12138,PROD-2939,2025-04-19,5,1648.2,41.27,20,Perdido,Medellín,Físico
TRX-12139,PROD-2037,2025-01-11,1,1559.36,7.93,21,En Camino,Barranquilla,Online
TRX-12140,PROD-1149,2025-12-02,11,1004.84,83.53,6,En Camino,Bogotá,App
TRX-12141,PROD-3649,2026-02-04,9,433.25,37.37,9,Entregado,Ventas_Web,WhatsApp
TRX-12142,PROD-1782,2025-02-06,11,1272.65,28.58,13,Devuelto,Bogotá,Online
TRX-12143,PROD-2171,2025-09-12,14,320.95,60.09,5,Devuelto,Bucaramanga,Online
TRX-12144,PROD-2462,2025-10-31,10,388.15,71.97,14,Retrasado,Medellín,Online
TRX-12145,PROD-1195,2025-04-21,11,1257.11,82.23,14,Devuelto,Cali,WhatsApp
TRX-12146,PROD-3685,2025-02-15,8,1982.54,38.04,18,Devuelto,Bogotá,Online
TRX-12147,PROD-2359,2024-12-15,5,1783.21,82.17,7,Perdido,Cali,App
TRX-12148,PROD-2119,2024-10-22,10,1190.28,52.345,6,Perdido,Medellín,WhatsApp
TRX-12149,PROD-1509,2026-01-23,6,1081.69,49.16,27,Desconocido,Cali,App
TRX-12150,PROD-2507,2024-11-26,12,1996.79,14.61,12,Entregado,Medellín,WhatsApp
TRX-12151,PROD-2789,2024-10-16,10,1099.32,85.4,14,Desconocido,Bogotá,App
TRX-12152,PROD-2638,2026-01-07,11,846.03,57.03,19,Devuelto,Bogotá,WhatsApp
TRX-12153,PROD-2801,2025-11-27,10,1820.02,62.23,16,En Camino,Bogotá,Online
TRX-12154,PROD-2583,2025-04-21,8,476.03,94.06,24,Devuelto,Bucaramanga,App
TRX-12155,PROD-2388,2025-05-02,6,204.08,58.12,19,Devuelto,Bogotá,App
TRX-12156,PROD-1765,2024-12-21,10,1271.84,5.53,10,Entregado,Medellín,App
TRX-12157,PROD-3032,2025-01-06,14,200.74,87.71,11,En Camino,Medellín,Físico
TRX-12158,PROD-3834,2025-03-13,4,752.57,32.05,4,Entregado,Ventas_Web,Online
TRX-12159,PROD-3037,2025-05-10,3,852.92,52.67,25,Devuelto,Medellín,App
TRX-12160,PROD-2504,2025-11-09,7,1099.6,52.345,29,En Camino,Bucaramanga,App
TRX-12161,PROD-3126,2024-12-08,13,1983.4,24.46,20,Devuelto,Barranquilla,WhatsApp
TRX-12162,PROD-2092,2024-11-29,2,449.75,33.21,2,Desconocido,Bogotá,Online
TRX-12163,PROD-1338,2025-09-22,7,757.76,70.23,9,Entregado,Cali,Online
TRX-12164,PROD-3978,2025-10-28,1,273.16,45.81,10,Entregado,Bogotá,App
TRX-12165,PROD-2738,2025-09-10,13,1219.15,64.58,8,Perdido,Medellín,Físico
TRX-12166,PROD-1323,2025-10-16,10,1458.07,83.24,4,En Camino,Bucaramanga,App
TRX-12167,PROD-2763,2024-12-23,5,969.33,37.38,13,Perdido,Barranquilla,Físico
TRX-12168,PROD-3467,2024-12-19,9,499.2,58.99,27,Desconocido,Cali,Online
TRX-12169,PROD-1739,2025-12-31,13,1245.57,78.87,6,En Camino,Cali,Online
TRX-12170,PROD-3234,2024-11-11,13,1082.92,72.94,6,Retrasado,Bucaramanga,Físico
TRX-12171,PROD-2203,2025-01-03,1,350.66,56.29,27,En Camino,Bucaramanga,Online
TRX-12172,PROD-2315,2025-09-25,8,817.31,52.345,2,Devuelto,Bucaramanga,WhatsApp
TRX-12173,PROD-1420,2025-11-20,9,876.04,41.42,9,En Camino,Ventas_Web,Físico
TRX-12174,PROD-1327,2026-01-27,9,1965.41,43.71,6,Perdido,Bogotá,WhatsApp
TRX-12175,PROD-2343,2024-11-07,8,1700.08,46.15,5,Entregado,Ventas_Web,App
TRX-12176,PROD-3707,2025-03-20,4,1471.4,38.14,2,Entregado,Medellín,App
TRX-12177,PROD-2210,2025-06-16,14,1778.67,71.41,29,En Camino,Ventas_Web,WhatsApp
TRX-12178,PROD-2255,2025-06-17,14,1473.61,16.91,14,Retrasado,Medellín,Online
TRX-12179,PROD-2826,2025-10-24,7,1807.77,96.91,10,Entregado,Medellín,WhatsApp
TRX-12180,PROD-3468,2025-08-08,1,118.56,79.0,15,Desconocido,Medellín,Online
TRX-12181,PROD-3939,2024-09-30,7,917.57,33.33,17,Entregado,Bucaramanga,WhatsApp
TRX-12182,PROD-2745,2025-12-15,6,1496.33,9.04,7,Desconocido,Ventas_Web,WhatsApp
TRX-12183,PROD-1682,2025-06-14,5,1170.76,72.57,20,Desconocido,Medellín,Online
TRX-12184,PROD-3825,2026-01-11,1,358.58,52.345,11,Desconocido,Bogotá,WhatsApp
TRX-12185,PROD-2818,2025-10-13,8,687.58,74.76,13,Entregado,Bogotá,Físico
TRX-12186,PROD-2439,2024-12-09,10,642.37,96.54,23,Retrasado,Medellín,Online
TRX-12187,PROD-2831,2025-10-24,1,530.08,29.1,21,Perdido,Bogotá,App
TRX-12188,PROD-1173,2025-05-20,1,692.84,12.86,17,En Camino,Ventas_Web,App
TRX-12189,PROD-3977,2025-06-07,14,1034.56,91.94,5,Desconocido,Barranquilla,WhatsApp
TRX-12190,PROD-2444,2025-04-06,3,1711.19,29.57,12,Retrasado,Medellín,App
TRX-12191,PROD-3518,2025-12-26,13,1486.64,73.55,4,En Camino,Ventas_Web,Físico
TRX-12192,PROD-2781,2025-11-28,8,1672.15,10.76,1,Devuelto,Ventas_Web,App
TRX-12193,PROD-2124,2025-08-18,8,1768.37,77.26,10,Desconocido,Bogotá,App
TRX-12194,PROD-3619,2025-01-31,14,838.14,17.07,2,En Camino,Bogotá,Online
TRX-12195,PROD-1234,2025-12-18,7,698.59,71.08,13,Desconocido,Medellín,WhatsApp
TRX-12196,PROD-1307,2025-10-17,5,124.67,52.345,13,Entregado,Medellín,App
TRX-12197,PROD-3749,2025-08-31,8,1861.68,55.57,25,Retrasado,Medellín,WhatsApp
TRX-12198,PROD-3611,2025-06-10,2,140.99,95.77,12,Desconocido,Medellín,Online
TRX-12199,PROD-2663,2025-05-22,8,1484.86,8.51,1,Retrasado,Ventas_Web,App
TRX-12201,PROD-3101,2025-10-21,12,1898.07,11.6,10,Devuelto,Bogotá,Online
TRX-12202,PROD-3782,2025-03-12,11,845.01,88.52,20,Perdido,Bogotá,Online
TRX-12203,PROD-1655,2025-02-16,2,1635.05,61.42,24,Perdido,Ventas_Web,App
TRX-12204,PROD-1127,2025-06-19,10,572.48,55.82,5,Devuelto,Barranquilla,Físico
TRX-12205,PROD-1584,2025-02-18,5,605.19,17.49,10,Entregado,Bogotá,WhatsApp
TRX-12206,PROD-3488,2025-10-07,11,1195.08,51.46,7,Retrasado,Bogotá,WhatsApp
TRX-12207,PROD-3777,2025-07-18,13,1995.99,42.88,15,En Camino,Cali,WhatsApp
TRX-12208,PROD-2794,2024-10-20,4,1039.97,52.345,27,Devuelto,Cali,Físico
TRX-12209,PROD-1142,2025-02-18,13,1873.25,35.0,18,Perdido,Ventas_Web,WhatsApp
TRX-12210,PROD-1517,2025-11-16,1,1574.64,78.36,20,En Camino,Cali,Online
TRX-12211,PROD-1275,2025-06-29,5,1593.77,10.82,4,Desconocido,Ventas_Web,Online
TRX-12212,PROD-1966,2025-03-23,7,877.56,66.44,1,Devuelto,Bucaramanga,App
TRX-12213,PROD-3642,2025-03-07,1,779.22,83.18,28,Desconocido,Medellín,Físico
TRX-12214,PROD-2500,2024-10-09,2,391.92,91.19,8,Devuelto,Bucaramanga,Físico
TRX-12215,PROD-2483,2025-02-19,12,1928.24,75.86,11,Entregado,Bogotá,App
TRX-12216,PROD-2568,2025-08-27,14,1919.19,31.83,3,Desconocido,Cali,Físico
TRX-12217,PROD-3323,2024-11-06,9,1496.66,62.05,28,Entregado,Medellín,WhatsApp
TRX-12218,PROD-1132,2025-08-18,12,599.54,18.43,29,Retrasado,Barranquilla,App
TRX-12219,PROD-3478,2025-03-30,5,497.91,16.12,12,Retrasado,Barranquilla,WhatsApp
TRX-12220,PROD-1628,2025-02-08,14,1977.33,52.345,13,En Camino,Bogotá,WhatsApp
TRX-12221,PROD-3781,2024-11-22,13,142.42,65.67,20,Retrasado,Barranquilla,App
TRX-12222,PROD-2842,2025-07-13,7,1688.69,85.86,18,Desconocido,Bogotá,Online
TRX-12223,PROD-2519,2025-08-10,2,717.36,11.39,12,Desconocido,Medellín,App
TRX-12224,PROD-2523,2024-10-25,7,843.55,15.07,10,Devuelto,Cali,Físico
TRX-12225,PROD-2818,2025-07-18,7,1665.64,58.73,21,Devuelto,Bogotá,WhatsApp
TRX-12226,PROD-1314,2025-11-11,7,190.3,25.73,28,Devuelto,Bogotá,WhatsApp
TRX-12227,PROD-3350,2025-01-12,5,714.8,63.12,21,Desconocido,Bogotá,Físico
TRX-12228,PROD-1563,2025-07-10,9,1904.53,25.38,15,Devuelto,Ventas_Web,App
TRX-12229,PROD-3168,2024-10-29,2,1401.14,16.07,3,Entregado,Ventas_Web,Online
TRX-12230,PROD-2503,2025-11-27,4,1512.33,56.83,24,Devuelto,Bogotá,Físico
TRX-12231,PROD-2630,2026-01-30,2,1517.44,86.91,15,Devuelto,Barranquilla,Online
TRX-12232,PROD-2287,2024-12-31,8,130.53,52.345,17,Devuelto,Cali,WhatsApp
TRX-12233,PROD-3660,2024-10-15,12,414.38,70.09,29,Perdido,Bucaramanga,App
TRX-12234,PROD-2141,2025-11-16,11,987.61,82.78,16,Desconocido,Ventas_Web,App
TRX-12235,PROD-2022,2025-11-20,1,742.62,30.3,2,Desconocido,Ventas_Web,WhatsApp
TRX-12236,PROD-1464,2026-01-22,9,827.72,89.17,1,En Camino,Medellín,Físico
TRX-12237,PROD-1106,2025-04-28,12,1565.08,40.82,22,Desconocido,Bogotá,WhatsApp
TRX-12238,PROD-1762,2024-12-20,13,39.21,85.98,4,En Camino,Cali,Físico
TRX-12239,PROD-3044,2025-04-19,14,1324.38,49.76,26,Devuelto,Medellín,WhatsApp
TRX-12240,PROD-3120,2025-06-20,5,10.22,30.45,17,Desconocido,Medellín,Online
TRX-12241,PROD-2585,2025-11-17,11,135.49,29.72,7,Devuelto,Bogotá,App
TRX-12242,PROD-3300,2025-05-17,12,822.49,58.93,25,En Camino,Bucaramanga,Online
TRX-12243,PROD-1482,2025-10-15,3,1683.49,12.51,5,Retrasado,Bucaramanga,Físico
TRX-12244,PROD-2072,2025-11-02,12,298.54,52.345,23,Perdido,Ventas_Web,Físico
TRX-12245,PROD-2066,2025-04-19,11,1113.7,93.36,4,Perdido,Bogotá,WhatsApp
TRX-12246,PROD-3883,2025-06-27,4,1360.23,30.79,20,Desconocido,Bogotá,Online
TRX-12247,PROD-2827,2025-12-31,1,466.77,36.88,20,Retrasado,Ventas_Web,App
TRX-12248,PROD-1878,2025-04-16,3,1029.54,27.16,29,Devuelto,Ventas_Web,Físico
TRX-12249,PROD-3506,2024-12-09,11,1823.7,5.29,5,En Camino,Cali,WhatsApp
TRX-12250,PROD-2169,2025-10-28,8,1029.33,70.79,8,Perdido,Bogotá,App
TRX-12251,PROD-3842,2025-08-16,12,323.07,61.1,20,Retrasado,Bucaramanga,WhatsApp
TRX-12252,PROD-3011,2024-12-29,2,1259.35,81.92,23,Retrasado,Medellín,Físico
TRX-12253,PROD-1819,2025-09-03,2,1188.48,8.9,9,Entregado,Bogotá,App
TRX-12254,PROD-1502,2025-09-22,9,63.64,93.22,6,Desconocido,Bucaramanga,WhatsApp
TRX-12255,PROD-1555,2025-09-07,5,190.28,36.43,4,Retrasado,Medellín,Físico
TRX-12256,PROD-1303,2026-01-05,5,321.99,52.345,5,Entregado,Cali,WhatsApp
TRX-12257,PROD-2851,2025-08-24,1,281.22,91.74,8,Entregado,Medellín,WhatsApp
TRX-12258,PROD-1707,2024-12-25,13,526.34,15.18,20,Desconocido,Bucaramanga,WhatsApp
TRX-12259,PROD-3921,2024-12-11,6,913.67,75.67,13,Perdido,Barranquilla,App
TRX-12260,PROD-2823,2024-10-30,8,749.72,60.04,4,Devuelto,Medellín,App
TRX-12261,PROD-1359,2025-11-04,6,1782.39,39.03,7,Devuelto,Barranquilla,Físico
TRX-12262,PROD-3793,2025-05-08,14,1228.1,12.52,22,Retrasado,Ventas_Web,WhatsApp
TRX-12263,PROD-2309,2026-01-18,7,1753.53,62.45,1,En Camino,Medellín,App
TRX-12264,PROD-3735,2025-02-03,14,1058.81,7.51,9,En Camino,Ventas_Web,App
TRX-12265,PROD-2423,2025-04-06,4,188.84,52.62,29,Entregado,Medellín,WhatsApp
TRX-12266,PROD-3906,2026-01-01,2,931.94,62.4,5,Desconocido,Cali,Físico
TRX-12267,PROD-1265,2025-10-17,1,1645.84,74.59,10,Retrasado,Cali,Online
TRX-12268,PROD-3252,2025-07-01,12,396.27,52.345,11,Retrasado,Medellín,WhatsApp
TRX-12269,PROD-3220,2025-01-01,6,191.52,99.18,18,Devuelto,Medellín,Físico
TRX-12270,PROD-2189,2026-01-10,9,665.58,29.71,5,En Camino,Medellín,Online
TRX-12271,PROD-2228,2025-11-21,10,783.91,35.63,24,Perdido,Medellín,Físico
TRX-12272,PROD-1645,2024-12-06,5,619.45,37.41,22,Desconocido,Bogotá,Online
TRX-12273,PROD-3915,2025-07-13,12,279.13,74.5,24,Retrasado,Bucaramanga,Online
TRX-12274,PROD-3906,2025-04-18,2,509.17,93.52,21,Retrasado,Bucaramanga,Físico
TRX-12275,PROD-3868,2024-12-14,1,1367.74,97.56,4,Devuelto,Cali,App
TRX-12276,PROD-3612,2025-11-23,3,778.0,94.85,26,Perdido,Bogotá,Físico
TRX-12277,PROD-1713,2025-12-03,4,1268.77,88.54,19,Perdido,Medellín,Online
TRX-12278,PROD-2480,2025-02-12,7,1077.24,99.14,16,Perdido,Bogotá,WhatsApp
TRX-12279,PROD-3083,2026-01-09,9,1102.62,40.71,2,Desconocido,Medellín,Online
TRX-12280,PROD-1918,2024-11-17,8,504.61,52.345,15,Perdido,Medellín,Online
TRX-12281,PROD-1497,2025-09-18,9,1047.87,95.09,9,En Camino,Bucaramanga,Físico
TRX-12282,PROD-1823,2025-12-06,7,56.95,77.3,17,Desconocido,Medellín,Online
TRX-12283,PROD-1568,2025-07-06,10,869.17,21.0,26,Entregado,Medellín,WhatsApp
TRX-12284,PROD-1969,2025-04-21,8,1149.52,9.32,2,Perdido,Bucaramanga,App
TRX-12285,PROD-3023,2025-12-07,8,372.17,25.38,22,Entregado,Medellín,WhatsApp
TRX-12286,PROD-1107,2025-03-20,1,520.55,78.98,29,Entregado,Medellín,App
TRX-12287,PROD-2478,2025-11-04,12,446.87,65.01,6,Devuelto,Bogotá,WhatsApp
TRX-12288,PROD-3269,2024-11-19,14,150.41,26.31,28,Perdido,Ventas_Web,App
TRX-12289,PROD-3344,2024-12-04,12,702.24,75.48,1,En Camino,Cali,Físico
TRX-12290,PROD-2511,2025-04-25,9,1958.14,18.43,8,Devuelto,Bucaramanga,App
TRX-12291,PROD-2914,2025-10-15,2,714.22,83.07,11,Devuelto,Medellín,Físico
TRX-12292,PROD-3259,2025-06-15,12,926.47,52.345,20,Entregado,Cali,WhatsApp
TRX-12293,PROD-1531,2025-12-13,11,1309.64,80.45,23,Retrasado,Bogotá,Online
TRX-12294,PROD-3506,2024-12-04,14,1300.51,97.39,26,En Camino,Bogotá,Físico
TRX-12295,PROD-1353,2026-01-02,7,1900.29,19.28,15,Desconocido,Ventas_Web,App
TRX-12296,PROD-1269,2025-06-20,13,1716.55,91.13,9,Perdido,Medellín,Físico
TRX-12297,PROD-2266,2026-02-03,10,1589.96,37.4,2,Perdido,Bogotá,Físico
TRX-12298,PROD-2630,2025-09-11,10,1903.74,44.53,7,En Camino,Medellín,Físico
TRX-12299,PROD-3936,2025-05-14,13,469.22,49.5,17,Perdido,Bucaramanga,Físico
TRX-12301,PROD-2960,2024-10-11,5,1775.52,99.5,4,Desconocido,Ventas_Web,Físico
TRX-12302,PROD-3153,2025-01-13,4,1252.03,62.0,3,Retrasado,Medellín,WhatsApp
TRX-12303,PROD-2682,2024-11-24,1,1955.07,93.04,8,Perdido,Medellín,Físico
TRX-12304,PROD-2677,2025-09-29,1,209.7,52.345,11,Devuelto,Barranquilla,Físico
TRX-12305,PROD-3354,2025-03-25,3,884.27,29.23,28,Desconocido,Barranquilla,Online
TRX-12306,PROD-1302,2025-06-26,14,1954.95,42.85,16,Desconocido,Barranquilla,WhatsApp
TRX-12307,PROD-1513,2025-03-03,1,765.34,52.93,28,Perdido,Cali,Online
TRX-12308,PROD-2298,2025-05-23,8,1481.72,35.68,14,Perdido,Barranquilla,Online
TRX-12309,PROD-3631,2025-02-14,3,70.5,97.8,23,En Camino,Medellín,WhatsApp
TRX-12310,PROD-1303,2025-02-15,11,1392.73,73.94,19,Retrasado,Bogotá,WhatsApp
TRX-12311,PROD-2843,2024-12-12,10,1869.91,50.49,23,Desconocido,Cali,Físico
TRX-12312,PROD-2908,2025-08-10,2,771.59,76.37,2,Devuelto,Ventas_Web,WhatsApp
TRX-12313,PROD-3785,2025-12-01,6,52.39,49.41,12,En Camino,Bucaramanga,Físico
TRX-12314,PROD-3119,2025-08-09,4,65.54,6.64,11,En Camino,Bogotá,Online
TRX-12315,PROD-2411,2024-11-04,13,1785.13,56.6,16,Devuelto,Cali,Físico
TRX-12316,PROD-1525,2025-08-01,13,1447.81,52.345,11,Devuelto,Medellín,Físico
TRX-12317,PROD-3258,2025-10-21,14,222.31,64.39,3,En Camino,Ventas_Web,WhatsApp
TRX-12318,PROD-3620,2025-07-12,11,118.63,98.21,23,Perdido,Medellín,Online
TRX-12319,PROD-3407,2025-03-17,14,1611.6,8.88,10,Devuelto,Bogotá,WhatsApp
TRX-12320,PROD-1745,2025-10-03,13,1621.62,53.65,29,Desconocido,Bogotá,Online
TRX-12321,PROD-1528,2024-11-30,11,249.84,14.32,5,Entregado,Barranquilla,App
TRX-12322,PROD-2772,2024-11-17,13,610.03,19.15,28,Devuelto,Bogotá,Online
TRX-12323,PROD-3059,2025-01-19,4,1562.25,62.99,13,Desconocido,Bogotá,Online
TRX-12324,PROD-1226,2025-04-14,2,1055.57,27.0,25,En Camino,Cali,Online
TRX-12325,PROD-1508,2025-11-16,2,1913.6,76.17,24,Entregado,Cali,Online
TRX-12326,PROD-3122,2025-11-11,11,967.31,53.85,6,En Camino,Cali,Físico
TRX-12327,PROD-1626,2024-11-16,6,1357.15,25.73,28,Retrasado,Bogotá,WhatsApp
TRX-12328,PROD-2245,2024-10-30,5,1024.47,52.345,20,Retrasado,Medellín,Online
TRX-12329,PROD-1674,2025-05-23,9,1886.5,51.91,3,Perdido,Medellín,Físico
TRX-12330,PROD-1663,2025-04-11,4,803.33,5.08,22,Devuelto,Medellín,WhatsApp
TRX-12331,PROD-2321,2025-05-16,5,467.29,86.96,9,En Camino,Barranquilla,Físico
TRX-12332,PROD-3905,2026-01-09,1,660.0,6.2,21,Entregado,Bogotá,Online
TRX-12333,PROD-1923,2024-10-07,12,1707.02,5.67,28,Desconocido,Medellín,WhatsApp
TRX-12334,PROD-2417,2025-02-13,12,1000.9,63.09,7,Devuelto,Bucaramanga,Online
TRX-12335,PROD-3125,2024-12-08,2,714.96,97.48,23,Perdido,Bogotá,App
TRX-12336,PROD-2163,2026-01-08,3,1093.08,86.31,7,En Camino,Medellín,Físico
TRX-12337,PROD-1323,2026-01-13,5,275.13,28.94,25,Desconocido,Barranquilla,Online
TRX-12338,PROD-2026,2025-07-28,12,20.67,23.68,2,Desconocido,Bucaramanga,WhatsApp
TRX-12339,PROD-1804,2025-12-06,5,568.36,64.48,8,En Camino,Barranquilla,WhatsApp
TRX-12340,PROD-3601,2025-06-12,4,1213.96,52.345,18,Retrasado,Ventas_Web,Físico
TRX-12341,PROD-3256,2025-03-26,14,1426.24,83.15,27,Perdido,Barranquilla,App
TRX-12342,PROD-2124,2024-11-16,10,1654.96,39.4,1,Desconocido,Medellín,Online
TRX-12343,PROD-1512,2025-07-27,3,1854.06,46.07,28,En Camino,Medellín,WhatsApp
TRX-12344,PROD-3560,2024-09-26,9,830.1,15.97,10,Retrasado,Ventas_Web,App
TRX-12345,PROD-2240,2025-07-18,1,1483.63,19.52,6,Retrasado,Bucaramanga,WhatsApp
TRX-12346,PROD-3516,2024-11-01,6,158.6,58.99,18,Entregado,Bogotá,Físico
TRX-12347,PROD-3185,2025-05-10,7,124.48,14.75,13,Desconocido,Cali,WhatsApp
TRX-12348,PROD-1382,2025-10-04,10,258.35,24.19,21,Perdido,Medellín,App
TRX-12349,PROD-3058,2025-07-05,4,902.65,27.29,1,Perdido,Bogotá,WhatsApp
TRX-12350,PROD-3625,2025-02-07,10,430.45,47.17,23,En Camino,Medellín,App
TRX-12351,PROD-1690,2026-01-13,3,580.98,9.33,29,Entregado,Bucaramanga,Físico
TRX-12352,PROD-3424,2025-01-03,8,1299.28,52.345,1,Devuelto,Ventas_Web,Físico
TRX-12353,PROD-3378,2024-09-29,9,723.46,52.48,12,En Camino,Medellín,Físico
TRX-12354,PROD-1631,2025-03-05,13,1119.17,93.22,28,Retrasado,Bogotá,WhatsApp
TRX-12355,PROD-1701,2025-11-15,1,830.68,7.32,8,Devuelto,Bogotá,Físico
TRX-12356,PROD-3698,2026-01-07,11,346.25,64.94,28,Devuelto,Bogotá,Físico
TRX-12357,PROD-3557,2025-11-19,12,157.3,84.41,21,Desconocido,Bucaramanga,Físico
TRX-12358,PROD-3951,2025-11-16,10,480.1,34.68,5,En Camino,Medellín,App
TRX-12359,PROD-3478,2025-09-22,9,124.82,17.49,3,Desconocido,Barranquilla,Físico
TRX-12360,PROD-2382,2025-06-25,7,1241.04,9.12,18,Entregado,Barranquilla,WhatsApp
TRX-12361,PROD-3308,2024-11-10,1,1593.48,66.17,6,Perdido,Cali,WhatsApp
TRX-12362,PROD-1168,2024-12-27,7,686.08,57.46,4,Entregado,Cali,Físico
TRX-12363,PROD-1116,2024-11-20,5,780.35,26.78,15,En Camino,Ventas_Web,WhatsApp
TRX-12364,PROD-1332,2025-05-11,10,1634.22,52.345,29,Perdido,Bogotá,Físico
TRX-12365,PROD-1186,2025-03-18,13,453.0,84.0,26,Devuelto,Ventas_Web,Físico
TRX-12366,PROD-3627,2024-12-21,13,247.13,74.87,28,Retrasado,Bogotá,WhatsApp
TRX-12367,PROD-3362,2025-07-01,7,1007.23,31.26,4,Desconocido,Bucaramanga,Online
TRX-12368,PROD-2084,2024-10-28,12,1295.92,76.57,6,Entregado,Bogotá,WhatsApp
TRX-12369,PROD-3667,2025-03-12,9,1203.31,28.27,18,Desconocido,Bogotá,App
TRX-12370,PROD-1863,2025-01-26,8,1430.61,69.15,18,Desconocido,Bogotá,App
TRX-12371,PROD-3343,2026-01-18,6,122.93,16.26,29,Perdido,Medellín,Online
TRX-12372,PROD-2706,2025-07-18,2,862.12,70.76,26,Entregado,Barranquilla,App
TRX-12373,PROD-3531,2025-09-12,8,484.76,27.68,10,Perdido,Bogotá,WhatsApp
TRX-12374,PROD-3617,2025-04-14,12,1520.65,59.38,13,Retrasado,Medellín,WhatsApp
TRX-12375,PROD-1124,2025-07-08,14,1746.73,21.38,20,Desconocido,Medellín,App
TRX-12376,PROD-3039,2025-09-13,4,569.86,52.345,22,En Camino,Bogotá,Físico
TRX-12377,PROD-3568,2025-12-28,8,199.48,73.97,18,En Camino,Bogotá,App
TRX-12378,PROD-3234,2024-12-28,7,514.32,10.78,7,Perdido,Bogotá,Online
TRX-12379,PROD-2186,2025-05-18,4,216.98,20.71,27,Perdido,Ventas_Web,App
TRX-12380,PROD-3629,2025-03-14,8,651.62,22.49,8,En Camino,Medellín,Online
TRX-12381,PROD-2237,2025-07-20,11,1081.02,8.93,25,Devuelto,Medellín,Online
TRX-12382,PROD-2978,2024-12-19,11,1947.63,75.78,6,Devuelto,Bucaramanga,WhatsApp
TRX-12383,PROD-2003,2025-10-26,12,804.75,98.19,2,Devuelto,Bucaramanga,App
TRX-12384,PROD-3805,2025-09-08,11,447.88,78.95,22,Retrasado,Ventas_Web,Físico
TRX-12385,PROD-2663,2024-10-09,2,341.94,86.76,8,Perdido,Ventas_Web,Online
TRX-12386,PROD-2218,2025-02-09,9,354.35,5.57,10,Entregado,Bogotá,App
TRX-12387,PROD-2857,2025-06-03,6,393.27,16.2,17,Entregado,Medellín,App
TRX-12388,PROD-1298,2025-06-27,7,1526.91,52.345,27,Perdido,Medellín,WhatsApp
TRX-12389,PROD-3820,2025-02-20,10,131.45,58.11,22,En Camino,Bucaramanga,Físico
TRX-12390,PROD-1245,2025-09-03,1,1994.83,97.9,12,Perdido,Ventas_Web,Físico
TRX-12391,PROD-1647,2025-08-22,3,1050.15,67.77,11,Devuelto,Bogotá,App
TRX-12392,PROD-2800,2025-02-09,14,1093.1,40.54,17,Devuelto,Cali,Físico
TRX-12393,PROD-2702,2025-01-14,10,721.55,18.88,16,Entregado,Medellín,Online
TRX-12394,PROD-2983,2024-11-29,5,1383.61,19.52,22,Perdido,Barranquilla,WhatsApp
TRX-12395,PROD-2902,2025-09-23,12,948.2,39.46,10,Entregado,Bogotá,App
TRX-12396,PROD-1835,2025-03-20,7,664.83,72.81,20,En Camino,Cali,Físico
TRX-12397,PROD-2393,2025-01-25,1,537.63,8.02,3,Desconocido,Cali,App
TRX-12398,PROD-3484,2025-10-24,9,1852.05,85.96,19,Desconocido,Ventas_Web,Físico
TRX-12399,PROD-1588,2025-08-01,5,589.07,94.45,4,Desconocido,Bogotá,Online
TRX-12401,PROD-3942,2025-08-26,13,707.18,89.44,19,Retrasado,Medellín,WhatsApp
TRX-12402,PROD-2307,2025-09-20,12,181.5,91.74,9,En Camino,Bogotá,Físico
TRX-12403,PROD-2414,2025-11-08,3,380.01,6.46,20,Devuelto,Ventas_Web,WhatsApp
TRX-12404,PROD-2633,2025-09-15,7,387.11,97.89,17,Devuelto,Medellín,WhatsApp
TRX-12405,PROD-1535,2025-05-13,10,1390.36,39.8,4,Devuelto,Bogotá,Online
TRX-12406,PROD-2517,2025-11-24,8,819.1,87.58,17,Entregado,Bogotá,Online
TRX-12407,PROD-3109,2025-02-16,10,1566.12,22.75,26,Desconocido,Barranquilla,Físico
TRX-12408,PROD-3300,2025-11-26,10,1420.81,47.42,26,Entregado,Bucaramanga,App
TRX-12409,PROD-1434,2025-01-11,3,392.18,9.2,3,Retrasado,Medellín,Físico
TRX-12410,PROD-2307,2025-09-20,7,1130.2,8.81,20,Devuelto,Bucaramanga,Físico
TRX-12411,PROD-1990,2025-09-15,7,1488.39,94.61,4,Devuelto,Ventas_Web,Online
TRX-12412,PROD-2910,2025-05-18,4,1269.76,52.345,9,Desconocido,Bogotá,Físico
TRX-12413,PROD-1501,2024-09-25,10,1204.03,82.01,6,En Camino,Barranquilla,Físico
TRX-12414,PROD-2095,2025-04-21,9,1481.83,55.33,19,Retrasado,Medellín,App
TRX-12415,PROD-2841,2025-10-31,1,122.99,54.92,7,Desconocido,Ventas_Web,Físico
TRX-12416,PROD-2015,2024-10-17,1,1465.53,76.13,27,Entregado,Barranquilla,App
TRX-12417,PROD-1577,2025-08-19,5,552.58,37.46,16,Retrasado,Cali,Físico
TRX-12418,PROD-1396,2025-03-25,13,1148.03,77.38,15,Desconocido,Cali,Online
TRX-12419,PROD-1207,2025-12-31,3,492.19,51.08,16,Devuelto,Barranquilla,Físico
TRX-12420,PROD-2188,2024-11-22,10,1679.25,65.6,14,Devuelto,Medellín,App
TRX-12421,PROD-2573,2025-01-23,13,966.31,96.66,4,Entregado,Medellín,WhatsApp
TRX-12422,PROD-3520,2026-02-01,9,1289.45,49.77,23,Entregado,Medellín,App
TRX-12423,PROD-2712,2024-11-16,5,1590.22,44.75,2,Retrasado,Ventas_Web,Físico
TRX-12424,PROD-2016,2025-03-04,7,1791.68,52.345,7,Perdido,Medellín,Físico
TRX-12425,PROD-1654,2025-12-28,1,1466.8,91.05,24,Devuelto,Medellín,Físico
TRX-12426,PROD-2341,2025-03-28,2,306.05,90.75,28,Devuelto,Medellín,App
TRX-12427,PROD-3366,2024-10-31,11,1710.52,99.28,7,Perdido,Medellín,App
TRX-12428,PROD-3953,2025-03-26,12,1240.97,57.33,6,Retrasado,Barranquilla,Online
TRX-12429,PROD-2280,2024-12-14,4,1222.81,37.7,20,En Camino,Bucaramanga,Físico
TRX-12430,PROD-1777,2025-04-05,9,1843.47,27.84,29,En Camino,Medellín,WhatsApp
TRX-12431,PROD-1652,2024-10-26,5,505.17,8.24,9,Devuelto,Bucaramanga,App
TRX-12432,PROD-3040,2025-01-13,5,486.78,74.04,17,En Camino,Medellín,App
TRX-12433,PROD-3108,2025-11-21,9,1031.26,27.18,21,Retrasado,Barranquilla,App
TRX-12434,PROD-2912,2025-11-02,8,1504.22,62.63,11,En Camino,Ventas_Web,App
TRX-12435,PROD-3042,2025-05-10,2,900.01,92.08,16,Entregado,Medellín,WhatsApp
TRX-12436,PROD-2263,2025-07-02,7,1271.44,52.345,1,Retrasado,Ventas_Web,Online
TRX-12437,PROD-3037,2025-11-01,1,910.52,95.27,27,Perdido,Medellín,WhatsApp
TRX-12438,PROD-1094,2025-11-21,10,1224.67,5.42,26,Devuelto,Bucaramanga,WhatsApp
TRX-12439,PROD-1368,2025-07-06,11,1646.3,35.12,27,Retrasado,Bogotá,App
TRX-12440,PROD-2610,2025-02-24,11,369.15,84.55,16,En Camino,Medellín,App
TRX-12441,PROD-3070,2025-03-06,9,1393.8,55.96,17,Retrasado,Bucaramanga,Físico
TRX-12442,PROD-2872,2025-12-16,3,1576.98,81.71,6,Desconocido,Bogotá,Online
TRX-12443,PROD-1986,2025-03-23,13,899.75,86.07,22,Perdido,Ventas_Web,Online
TRX-12444,PROD-1881,2025-05-19,2,653.23,47.05,11,Desconocido,Medellín,Online
TRX-12445,PROD-3389,2025-02-06,4,36.95,39.1,7,Retrasado,Bucaramanga,Físico
TRX-12446,PROD-2445,2025-08-27,4,1596.24,48.27,16,Perdido,Medellín,Online
TRX-12447,PROD-1199,2025-11-22,3,662.6,67.02,26,Perdido,Ventas_Web,WhatsApp
TRX-12448,PROD-1207,2025-11-16,2,721.05,52.345,29,Retrasado,Medellín,App
TRX-12449,PROD-2152,2025-06-15,5,678.65,39.88,25,Devuelto,Ventas_Web,WhatsApp
TRX-12450,PROD-3027,2025-03-28,4,1002.49,78.62,22,Devuelto,Bogotá,WhatsApp
TRX-12451,PROD-3447,2024-11-01,5,1407.97,90.88,2,En Camino,Bogotá,Online
TRX-12452,PROD-3679,2025-07-29,13,1546.01,31.82,20,Desconocido,Medellín,App
TRX-12453,PROD-3754,2026-01-28,12,791.22,96.67,13,Retrasado,Medellín,Online
TRX-12454,PROD-2927,2025-03-08,12,1329.57,64.16,13,Desconocido,Bucaramanga,Online
TRX-12455,PROD-2170,2025-10-18,8,1444.16,88.43,15,Desconocido,Medellín,App
TRX-12456,PROD-3198,2025-06-09,11,600.87,14.87,15,Retrasado,Medellín,Físico
TRX-12457,PROD-1033,2025-02-12,2,202.28,28.89,9,Entregado,Barranquilla,Físico
TRX-12458,PROD-1440,2025-04-14,9,1790.38,35.5,18,Devuelto,Cali,Físico
TRX-12459,PROD-2765,2025-03-17,10,1357.46,33.77,14,Perdido,Cali,App
TRX-12460,PROD-1548,2025-06-11,1,1299.74,52.345,23,Entregado,Medellín,WhatsApp
TRX-12461,PROD-2083,2025-06-01,8,127.22,21.33,14,Retrasado,Bogotá,WhatsApp
TRX-12462,PROD-3979,2025-08-17,12,1637.57,87.48,4,Entregado,Bucaramanga,App
TRX-12463,PROD-2498,2025-11-15,5,1136.45,44.77,14,Devuelto,Ventas_Web,Online
TRX-12464,PROD-2651,2025-04-10,2,1697.29,96.5,10,Retrasado,Ventas_Web,Online
TRX-12465,PROD-2498,2025-04-09,8,1949.38,60.43,11,Desconocido,Ventas_Web,App
TRX-12466,PROD-1185,2025-04-06,5,1914.63,18.15,22,Desconocido,Cali,Online
TRX-12467,PROD-2640,2025-08-02,10,1713.62,56.86,1,Devuelto,Bogotá,Online
TRX-12468,PROD-1209,2024-12-08,14,31.79,99.39,27,Entregado,Bucaramanga,Físico
TRX-12469,PROD-3335,2024-10-11,10,1772.6,58.69,14,En Camino,Ventas_Web,App
TRX-12470,PROD-3301,2024-11-23,13,159.37,5.18,8,Perdido,Ventas_Web,Físico
TRX-12471,PROD-1797,2025-08-15,14,1703.88,93.64,6,Perdido,Bucaramanga,WhatsApp
TRX-12472,PROD-2484,2025-10-21,3,567.55,52.345,11,En Camino,Bogotá,WhatsApp
TRX-12473,PROD-3266,2025-06-30,7,1224.04,27.31,14,En Camino,Cali,WhatsApp
TRX-12474,PROD-2182,2025-11-24,4,85.76,70.41,7,En Camino,Bogotá,WhatsApp
TRX-12475,PROD-1301,2025-05-30,11,1544.65,53.93,29,Devuelto,Medellín,Online
TRX-12476,PROD-2582,2025-05-07,11,232.3,35.92,22,Retrasado,Bucaramanga,Online
TRX-12477,PROD-3065,2025-01-27,10,827.27,31.85,7,En Camino,Barranquilla,Físico
TRX-12478,PROD-2844,2024-11-19,12,1636.72,93.23,21,Devuelto,Bogotá,App
TRX-12479,PROD-3252,2025-11-05,6,1393.74,91.63,19,Desconocido,Bogotá,Online
TRX-12480,PROD-2145,2026-01-12,10,22.02,53.75,22,Entregado,Bogotá,App
TRX-12481,PROD-3552,2025-10-03,8,812.03,29.56,10,Entregado,Bucaramanga,Físico
TRX-12482,PROD-3786,2025-04-14,1,93.44,14.72,25,En Camino,Ventas_Web,WhatsApp
TRX-12483,PROD-3502,2025-05-23,2,1350.26,19.87,22,Entregado,Ventas_Web,Online
TRX-12484,PROD-1486,2025-09-24,14,1938.21,52.345,9,En Camino,Medellín,WhatsApp
TRX-12485,PROD-1527,2025-11-20,13,1313.97,54.61,18,Entregado,Medellín,Físico
TRX-12486,PROD-1396,2025-08-20,8,456.5,34.24,27,Entregado,Bogotá,App
TRX-12487,PROD-2613,2026-02-04,7,716.91,9.0,17,Retrasado,Bucaramanga,Online
TRX-12488,PROD-2528,2025-08-14,10,1953.53,48.24,13,Retrasado,Bogotá,App
TRX-12489,PROD-2388,2025-06-01,9,455.86,75.89,4,Entregado,Bogotá,App
TRX-12490,PROD-3284,2025-10-21,2,1127.44,89.71,21,Retrasado,Barranquilla,WhatsApp
TRX-12491,PROD-2497,2025-08-10,8,806.9,60.6,26,En Camino,Bucaramanga,Online
TRX-12492,PROD-1590,2025-10-03,6,1538.95,73.71,7,Perdido,Ventas_Web,Físico
TRX-12493,PROD-1815,2026-01-28,1,1736.1,39.59,8,En Camino,Medellín,Online
TRX-12494,PROD-3467,2025-11-05,4,688.27,52.14,16,Retrasado,Medellín,App
TRX-12495,PROD-3085,2025-04-09,14,1324.19,74.31,12,Devuelto,Bogotá,WhatsApp
TRX-12496,PROD-2644,2026-01-23,2,1102.6,52.345,1,Entregado,Ventas_Web,App
TRX-12497,PROD-3048,2025-08-31,7,564.1,74.13,6,Retrasado,Medellín,App
TRX-12498,PROD-1164,2025-05-20,9,551.16,45.33,1,Desconocido,Barranquilla,Online
TRX-12499,PROD-1185,2025-02-08,6,1081.88,56.65,8,Desconocido,Cali,App
TRX-12501,PROD-1561,2025-11-16,4,1623.51,65.04,16,Retrasado,Bogotá,Online
TRX-12502,PROD-3922,2024-11-10,5,147.32,66.04,1,Desconocido,Bogotá,App
TRX-12503,PROD-2364,2025-07-23,11,198.2,79.54,4,En Camino,Bogotá,WhatsApp
TRX-12504,PROD-2940,2025-01-15,1,691.03,15.95,19,Entregado,Ventas_Web,App
TRX-12505,PROD-3127,2025-08-31,13,245.0,54.67,18,Perdido,Cali,WhatsApp
TRX-12506,PROD-2871,2025-05-31,4,956.64,96.15,8,Desconocido,Bogotá,App
TRX-12507,PROD-1610,2026-01-26,13,805.36,39.36,6,Desconocido,Barranquilla,Físico
TRX-12508,PROD-3483,2024-09-29,10,1446.4,52.345,13,Desconocido,Medellín,Físico
TRX-12509,PROD-3111,2025-04-29,3,1906.48,33.02,28,Retrasado,Bucaramanga,Físico
TRX-12510,PROD-1572,2024-12-08,9,1509.58,62.11,20,Devuelto,Bogotá,App
TRX-12511,PROD-2343,2025-03-20,6,367.1,26.01,3,Desconocido,Medellín,App
TRX-12512,PROD-3511,2025-02-14,4,1871.69,57.81,15,Entregado,Barranquilla,WhatsApp
TRX-12513,PROD-2304,2025-11-12,3,790.35,19.79,6,Perdido,Medellín,Físico
TRX-12514,PROD-1665,2025-02-23,12,953.64,60.08,6,Desconocido,Bogotá,Online
TRX-12515,PROD-2609,2025-01-21,13,848.94,62.23,5,Devuelto,Ventas_Web,Físico
TRX-12516,PROD-3525,2025-01-24,4,568.29,44.75,19,Desconocido,Medellín,Físico
TRX-12517,PROD-2225,2025-02-19,8,1791.14,41.36,27,Perdido,Medellín,Online
TRX-12518,PROD-3431,2025-10-24,12,671.16,28.32,10,Perdido,Barranquilla,Físico
TRX-12519,PROD-2377,2025-10-08,5,1161.41,36.44,9,Desconocido,Ventas_Web,Físico
TRX-12520,PROD-3077,2025-06-17,13,487.67,52.345,14,Entregado,Medellín,WhatsApp
TRX-12521,PROD-3087,2025-08-15,11,1596.78,52.34,22,En Camino,Medellín,Físico
TRX-12522,PROD-3180,2024-09-23,1,1550.66,28.53,5,Devuelto,Bucaramanga,Online
TRX-12523,PROD-3006,2025-03-02,5,599.66,79.37,27,Desconocido,Ventas_Web,Online
TRX-12524,PROD-3902,2025-05-24,8,1366.29,72.36,7,Retrasado,Ventas_Web,Físico
TRX-12525,PROD-3305,2025-10-02,11,1410.71,30.58,17,Perdido,Bogotá,App
TRX-12526,PROD-2227,2025-10-25,12,1129.4,14.26,23,Devuelto,Bogotá,Físico
TRX-12527,PROD-2945,2025-05-31,4,1205.19,5.02,17,Entregado,Bucaramanga,Online
TRX-12528,PROD-1068,2025-09-24,14,1153.16,61.69,9,Devuelto,Cali,Online
TRX-12529,PROD-2508,2024-11-25,2,172.91,25.08,22,Retrasado,Ventas_Web,Online
TRX-12530,PROD-2356,2025-07-18,13,1343.83,6.2,23,Retrasado,Cali,App
TRX-12531,PROD-3759,2025-05-28,3,944.85,39.11,7,Entregado,Cali,App
TRX-12532,PROD-1448,2025-12-08,14,882.53,52.345,1,Devuelto,Cali,App
TRX-12533,PROD-2706,2025-07-16,11,1721.4,96.39,2,Desconocido,Ventas_Web,Físico
TRX-12534,PROD-3390,2025-12-31,9,56.22,70.54,10,En Camino,Bucaramanga,Online
TRX-12535,PROD-2260,2025-12-18,14,510.12,86.49,19,En Camino,Ventas_Web,Físico
TRX-12536,PROD-3970,2026-02-04,7,251.59,18.75,8,Desconocido,Cali,Físico
TRX-12537,PROD-3818,2025-01-15,3,80.33,11.96,9,Perdido,Bogotá,App
TRX-12538,PROD-3577,2025-07-14,5,558.6,6.1,15,Desconocido,Medellín,Físico
TRX-12539,PROD-1109,2024-09-23,3,1977.07,95.79,11,Perdido,Barranquilla,WhatsApp
TRX-12540,PROD-3444,2024-11-02,10,547.76,33.52,24,Devuelto,Medellín,App
TRX-12541,PROD-2943,2025-03-14,4,1330.77,48.65,12,Desconocido,Barranquilla,App
TRX-12542,PROD-2087,2024-12-19,12,245.41,42.48,22,Perdido,Bucaramanga,Online
TRX-12543,PROD-3685,2026-01-17,8,1207.68,74.39,18,Retrasado,Ventas_Web,WhatsApp
TRX-12544,PROD-3369,2024-12-29,14,1969.12,52.345,2,Entregado,Barranquilla,WhatsApp
TRX-12545,PROD-3365,2024-12-19,3,590.76,34.45,29,Perdido,Barranquilla,WhatsApp
TRX-12546,PROD-1932,2025-05-31,3,1697.67,55.87,28,Desconocido,Bogotá,Online
TRX-12547,PROD-3954,2025-08-23,11,1995.17,99.58,15,En Camino,Medellín,Físico
TRX-12548,PROD-1210,2025-12-31,11,1181.22,47.19,10,Desconocido,Ventas_Web,Físico
TRX-12549,PROD-3390,2025-02-10,8,625.71,57.37,7,Retrasado,Cali,Online
TRX-12550,PROD-2967,2024-12-02,10,1350.33,52.74,9,En Camino,Bogotá,Físico
TRX-12551,PROD-1698,2025-02-06,13,1691.25,81.3,22,Perdido,Cali,WhatsApp
TRX-12552,PROD-3147,2026-01-27,10,350.99,30.35,17,Desconocido,Bogotá,Online
TRX-12553,PROD-3576,2025-12-13,7,910.51,21.19,14,Perdido,Bogotá,WhatsApp
TRX-12554,PROD-3953,2024-12-30,7,645.18,76.64,9,Retrasado,Medellín,WhatsApp
TRX-12555,PROD-3538,2025-02-20,10,573.88,44.48,7,En Camino,Bucaramanga,Online
TRX-12556,PROD-2557,2025-12-04,2,1723.03,52.345,15,Entregado,Bogotá,App
TRX-12557,PROD-1605,2025-03-16,12,849.09,91.8,3,Entregado,Bucaramanga,Online
TRX-12558,PROD-3788,2025-03-08,7,684.76,66.2,2,Retrasado,Bogotá,Online
TRX-12559,PROD-1992,2025-08-31,10,1210.99,58.61,3,Desconocido,Bogotá,App
TRX-12560,PROD-1129,2025-11-06,11,446.61,11.69,2,Perdido,Bogotá,App
TRX-12561,PROD-3345,2025-06-06,10,467.49,74.39,13,Desconocido,Medellín,WhatsApp
TRX-12562,PROD-3869,2025-10-25,3,1045.37,70.17,27,Retrasado,Bucaramanga,App
TRX-12563,PROD-1450,2025-05-04,14,824.45,65.81,26,En Camino,Cali,App
TRX-12564,PROD-1781,2026-02-03,7,597.01,30.45,13,Entregado,Ventas_Web,WhatsApp
TRX-12565,PROD-1077,2025-09-25,13,117.36,94.94,2,Perdido,Bogotá,WhatsApp
TRX-12566,PROD-2806,2025-08-18,4,1046.34,35.56,20,En Camino,Medellín,WhatsApp
TRX-12567,PROD-2284,2024-11-26,13,1635.05,19.46,22,Entregado,Bucaramanga,WhatsApp
TRX-12568,PROD-2715,2024-11-30,8,1704.24,52.345,19,Entregado,Bucaramanga,Online
TRX-12569,PROD-1620,2024-11-28,8,478.53,98.78,9,Devuelto,Medellín,WhatsApp
TRX-12570,PROD-2691,2025-11-29,6,1203.29,75.89,5,Perdido,Bogotá,Online
TRX-12571,PROD-3828,2024-11-11,13,1713.2,44.4,21,Retrasado,Bogotá,WhatsApp
TRX-12572,PROD-1835,2025-08-02,12,823.36,93.91,7,Devuelto,Cali,Online
TRX-12573,PROD-2680,2025-07-28,3,1864.95,13.66,25,Entregado,Ventas_Web,Online
TRX-12574,PROD-3055,2024-12-22,6,1806.93,13.33,13,Perdido,Medellín,Online
TRX-12575,PROD-3504,2025-01-15,6,424.19,69.83,1,Perdido,Medellín,Online
TRX-12576,PROD-2931,2025-10-01,3,525.34,21.91,9,Devuelto,Cali,App
TRX-12577,PROD-3979,2024-11-18,11,369.08,92.13,2,En Camino,Medellín,Online
TRX-12578,PROD-1255,2025-08-30,4,400.15,84.83,3,En Camino,Bogotá,App
TRX-12579,PROD-3890,2024-10-10,2,1816.65,34.1,12,Retrasado,Bucaramanga,App
TRX-12580,PROD-1565,2025-06-21,1,1862.96,52.345,5,Perdido,Bogotá,Online
TRX-12581,PROD-3124,2025-01-30,2,113.28,89.44,26,Desconocido,Barranquilla,WhatsApp
TRX-12582,PROD-1849,2026-01-30,7,1191.27,9.07,12,Devuelto,Barranquilla,App
TRX-12583,PROD-3297,2025-06-18,10,1132.82,57.12,4,Entregado,Bogotá,Online
TRX-12584,PROD-2331,2025-11-25,5,787.19,93.88,21,En Camino,Cali,Físico
TRX-12585,PROD-3712,2024-12-11,9,1267.08,86.26,29,Devuelto,Bogotá,App
TRX-12586,PROD-2959,2025-12-22,3,1895.26,38.83,26,Retrasado,Bucaramanga,WhatsApp
TRX-12587,PROD-3152,2025-07-18,2,348.81,22.37,21,Retrasado,Barranquilla,Físico
TRX-12588,PROD-2543,2025-12-22,4,249.62,25.0,12,Desconocido,Medellín,App
TRX-12589,PROD-2285,2025-07-29,2,76.45,53.88,5,Perdido,Cali,Online
TRX-12590,PROD-1709,2025-04-12,11,734.03,61.69,14,Retrasado,Medellín,Online
TRX-12591,PROD-2882,2025-05-05,7,681.88,8.12,14,Retrasado,Cali,Online
TRX-12592,PROD-3183,2025-02-28,10,867.33,52.345,10,Desconocido,Ventas_Web,Online
TRX-12593,PROD-2402,2025-04-14,6,1011.59,44.29,26,Desconocido,Medellín,WhatsApp
TRX-12594,PROD-3237,2025-02-06,8,1518.07,83.89,10,En Camino,Medellín,WhatsApp
TRX-12595,PROD-2451,2026-01-20,13,790.31,47.21,5,En Camino,Medellín,App
TRX-12596,PROD-3768,2024-12-04,5,667.92,21.07,27,Retrasado,Bogotá,Online
TRX-12597,PROD-3952,2024-11-09,2,1655.49,95.71,18,Desconocido,Bogotá,Físico
TRX-12598,PROD-3788,2024-10-10,13,1701.1,30.3,27,Perdido,Cali,App
TRX-12599,PROD-3634,2026-01-13,4,473.2,80.85,17,En Camino,Medellín,Físico
TRX-12601,PROD-2082,2026-01-23,1,1651.98,45.2,10,Desconocido,Medellín,Online
TRX-12602,PROD-3498,2026-01-06,2,168.02,51.59,11,Retrasado,Bogotá,Online
TRX-12603,PROD-2983,2025-06-16,4,658.44,52.56,15,Perdido,Bucaramanga,App
TRX-12604,PROD-1787,2025-12-12,6,902.22,52.345,24,Retrasado,Cali,Físico
TRX-12605,PROD-2009,2025-08-28,4,382.27,54.07,19,Entregado,Cali,Online
TRX-12606,PROD-2142,2024-10-11,4,368.03,26.37,12,Entregado,Ventas_Web,Online
TRX-12607,PROD-3285,2024-12-31,14,855.48,54.01,16,Desconocido,Barranquilla,Online
TRX-12608,PROD-2222,2025-01-16,11,1511.5,50.76,23,Perdido,Medellín,App
TRX-12609,PROD-1921,2025-09-03,10,1682.06,24.83,24,Entregado,Bogotá,App
TRX-12610,PROD-2219,2024-12-05,10,1958.68,98.88,27,Desconocido,Ventas_Web,Online
TRX-12611,PROD-2183,2025-06-29,2,157.23,87.23,12,Perdido,Medellín,Físico
TRX-12612,PROD-3887,2025-06-18,9,441.2,89.32,22,Entregado,Bogotá,Online
TRX-12613,PROD-1849,2025-01-25,12,1515.69,70.13,22,Devuelto,Barranquilla,App
TRX-12614,PROD-3827,2025-01-16,10,1085.79,20.19,27,En Camino,Medellín,Online
TRX-12615,PROD-3887,2025-03-15,8,662.08,58.97,19,Desconocido,Bucaramanga,WhatsApp
TRX-12616,PROD-3002,2025-03-22,8,419.12,52.345,25,Retrasado,Ventas_Web,Físico
TRX-12617,PROD-2298,2025-05-06,5,568.15,83.04,3,Perdido,Barranquilla,WhatsApp
TRX-12618,PROD-2965,2025-02-26,3,864.29,8.68,13,Entregado,Barranquilla,App
TRX-12619,PROD-2428,2025-03-05,6,362.53,52.11,21,Devuelto,Cali,WhatsApp
TRX-12620,PROD-3295,2024-12-02,14,1928.81,42.63,22,Entregado,Bogotá,Físico
TRX-12621,PROD-3955,2026-02-03,9,224.1,25.15,15,Devuelto,Ventas_Web,Físico
TRX-12622,PROD-2120,2025-05-02,8,1971.3,40.93,29,Retrasado,Medellín,WhatsApp
TRX-12623,PROD-2178,2025-01-26,7,1685.37,98.43,17,En Camino,Medellín,Online
TRX-12624,PROD-1499,2025-02-14,14,852.07,73.71,11,En Camino,Bogotá,WhatsApp
TRX-12625,PROD-3348,2025-03-17,11,1482.23,33.46,25,Devuelto,Barranquilla,App
TRX-12626,PROD-3771,2025-12-27,8,1346.32,62.51,23,Desconocido,Medellín,WhatsApp
TRX-12627,PROD-3224,2025-02-21,4,434.44,28.43,27,Entregado,Ventas_Web,WhatsApp
TRX-12628,PROD-2555,2025-03-23,6,684.75,52.345,12,En Camino,Ventas_Web,App
TRX-12629,PROD-2616,2025-10-02,14,1031.11,63.03,17,Entregado,Bucaramanga,WhatsApp
TRX-12630,PROD-2413,2026-01-14,5,1279.31,90.14,22,Perdido,Bogotá,WhatsApp
TRX-12631,PROD-1599,2025-09-04,12,1090.36,57.9,23,Entregado,Bogotá,App
TRX-12632,PROD-2189,2026-02-02,2,951.25,74.67,5,Desconocido,Bucaramanga,WhatsApp
TRX-12633,PROD-1172,2024-12-16,8,891.87,48.07,29,Perdido,Ventas_Web,WhatsApp
TRX-12634,PROD-2178,2025-09-21,3,1001.55,54.79,5,Perdido,Medellín,Físico
TRX-12635,PROD-3925,2025-10-10,14,874.36,71.03,7,En Camino,Medellín,App
TRX-12636,PROD-1323,2025-01-21,5,1087.25,82.18,3,Perdido,Barranquilla,Físico
TRX-12637,PROD-2418,2025-01-29,8,1777.09,67.65,3,Entregado,Medellín,App
TRX-12638,PROD-2811,2025-12-29,11,1269.33,97.86,17,Retrasado,Bogotá,Online
TRX-12639,PROD-3686,2025-12-17,9,1448.02,82.88,24,Desconocido,Cali,Físico
TRX-12640,PROD-2050,2024-09-28,13,1198.99,52.345,2,Entregado,Cali,Online
TRX-12641,PROD-2962,2025-08-22,9,1289.61,78.83,15,Devuelto,Medellín,WhatsApp
TRX-12642,PROD-1876,2025-03-24,14,1160.92,85.28,19,Devuelto,Bucaramanga,Online
TRX-12643,PROD-1827,2024-10-30,5,63.46,31.72,23,Entregado,Barranquilla,WhatsApp
TRX-12644,PROD-3206,2025-11-13,2,1999.2,46.04,10,Devuelto,Cali,Online
TRX-12645,PROD-2110,2025-01-16,7,76.88,58.62,26,Retrasado,Medellín,WhatsApp
TRX-12646,PROD-3302,2025-01-02,11,796.34,48.93,11,Devuelto,Bogotá,WhatsApp
TRX-12647,PROD-3851,2024-09-30,11,219.18,85.51,24,En Camino,Medellín,Online
TRX-12648,PROD-2112,2025-04-28,7,202.89,7.57,9,Retrasado,Medellín,Físico
TRX-12649,PROD-1562,2025-04-17,12,1589.12,24.87,14,En Camino,Bogotá,App
TRX-12650,PROD-1447,2024-12-09,13,857.59,88.76,24,En Camino,Barranquilla,Físico
TRX-12651,PROD-3521,2025-09-25,8,1604.27,10.61,7,Retrasado,Bogotá,Online
TRX-12652,PROD-3403,2025-10-31,8,552.85,52.345,10,Desconocido,Bogotá,WhatsApp
TRX-12653,PROD-1980,2024-11-16,5,520.36,26.56,1,En Camino,Bogotá,Online
TRX-12654,PROD-1993,2025-07-23,1,509.95,38.37,1,Devuelto,Bogotá,App
TRX-12655,PROD-1207,2026-01-02,13,1236.13,76.32,14,Entregado,Medellín,Online
TRX-12656,PROD-3743,2025-12-06,11,1631.85,58.22,27,Retrasado,Medellín,Físico
TRX-12657,PROD-3175,2026-01-16,13,910.0,95.69,8,Entregado,Bogotá,WhatsApp
TRX-12658,PROD-1924,2025-05-08,4,764.71,26.65,14,Retrasado,Ventas_Web,Físico
TRX-12659,PROD-3613,2024-12-19,4,1947.42,87.85,7,Retrasado,Cali,WhatsApp
TRX-12660,PROD-1953,2024-10-02,11,242.34,31.88,18,En Camino,Bucaramanga,Físico
TRX-12661,PROD-1215,2025-07-27,3,978.4,28.32,25,Entregado,Medellín,Físico
TRX-12662,PROD-1410,2025-11-30,8,822.89,52.35,26,Desconocido,Bogotá,Online
TRX-12663,PROD-2692,2025-07-09,3,205.27,11.76,23,Devuelto,Cali,App
TRX-12664,PROD-2352,2025-03-05,13,543.72,52.345,9,Entregado,Medellín,Físico
TRX-12665,PROD-3938,2025-05-19,5,66.6,41.51,27,Retrasado,Ventas_Web,Online
TRX-12666,PROD-2934,2025-08-05,2,1755.14,38.79,15,Devuelto,Medellín,WhatsApp
TRX-12667,PROD-1411,2026-01-19,6,1219.62,20.21,1,En Camino,Bucaramanga,WhatsApp
TRX-12668,PROD-3790,2025-02-13,6,1631.89,86.78,11,Devuelto,Medellín,Físico
TRX-12669,PROD-1563,2025-08-23,8,1047.89,41.66,19,Devuelto,Medellín,WhatsApp
TRX-12670,PROD-1021,2024-10-10,8,1203.02,98.28,10,Entregado,Bogotá,App
TRX-12671,PROD-3254,2024-12-02,1,1404.7,90.47,18,Retrasado,Bucaramanga,Online
TRX-12672,PROD-1646,2025-03-16,5,1816.94,23.51,22,Retrasado,Ventas_Web,Físico
TRX-12673,PROD-2666,2025-08-30,2,192.59,52.99,26,Retrasado,Bucaramanga,App
TRX-12674,PROD-3674,2025-07-07,10,668.59,62.17,4,Perdido,Bogotá,Online
TRX-12675,PROD-2948,2025-07-18,12,1420.96,82.8,18,En Camino,Bogotá,Online
TRX-12676,PROD-2955,2025-08-27,5,1917.12,52.345,18,Entregado,Ventas_Web,Físico
TRX-12677,PROD-3664,2025-11-20,10,1961.81,89.14,22,Retrasado,Medellín,WhatsApp
TRX-12678,PROD-1816,2025-05-28,12,1279.82,64.28,25,Devuelto,Medellín,Online
TRX-12679,PROD-2176,2025-04-03,9,395.26,8.34,22,Perdido,Bucaramanga,Online
TRX-12680,PROD-2315,2025-11-15,4,247.23,50.72,20,En Camino,Ventas_Web,WhatsApp
TRX-12681,PROD-2169,2025-08-13,8,1892.63,89.06,12,Retrasado,Ventas_Web,WhatsApp
TRX-12682,PROD-3645,2025-07-25,1,873.52,72.84,9,Perdido,Ventas_Web,Físico
TRX-12683,PROD-1242,2025-06-17,8,397.68,87.66,18,En Camino,Barranquilla,Físico
TRX-12684,PROD-1366,2025-04-14,6,1868.45,69.04,6,Desconocido,Barranquilla,Online
TRX-12685,PROD-3671,2025-08-29,8,218.0,9.18,23,Desconocido,Medellín,WhatsApp
TRX-12686,PROD-3351,2025-01-23,6,1461.85,96.96,29,Devuelto,Medellín,Físico
TRX-12687,PROD-1951,2024-11-19,11,1254.27,92.21,19,Perdido,Bucaramanga,Físico
TRX-12688,PROD-3191,2025-08-27,3,184.59,52.345,20,Entregado,Bogotá,WhatsApp
TRX-12689,PROD-3961,2025-12-13,12,684.11,17.03,23,En Camino,Ventas_Web,WhatsApp
TRX-12690,PROD-1152,2025-04-11,11,308.36,15.71,25,Perdido,Medellín,Online
TRX-12691,PROD-1717,2026-01-26,8,1212.95,56.21,15,Perdido,Barranquilla,WhatsApp
TRX-12692,PROD-2711,2025-11-29,5,959.45,76.92,5,En Camino,Bucaramanga,Físico
TRX-12693,PROD-1720,2025-01-12,12,18.51,41.31,11,Perdido,Bucaramanga,WhatsApp
TRX-12694,PROD-1148,2025-01-28,10,1951.66,17.96,13,Perdido,Medellín,App
TRX-12695,PROD-2626,2024-10-28,5,705.67,53.5,2,En Camino,Medellín,Online
TRX-12696,PROD-3029,2025-05-14,12,523.83,37.07,8,Devuelto,Medellín,WhatsApp
TRX-12697,PROD-1763,2025-07-29,7,452.66,38.42,25,Desconocido,Ventas_Web,Online
TRX-12698,PROD-2185,2024-11-08,6,326.04,66.27,27,Entregado,Ventas_Web,WhatsApp
TRX-12699,PROD-1153,2025-01-15,9,1998.28,89.13,11,En Camino,Medellín,App
TRX-12701,PROD-2222,2025-06-04,7,816.97,58.07,26,Perdido,Ventas_Web,Físico
TRX-12702,PROD-3326,2026-01-18,3,1744.0,70.32,10,Entregado,Ventas_Web,Físico
TRX-12703,PROD-3468,2025-05-03,11,1287.36,67.69,1,Entregado,Bogotá,Online
TRX-12704,PROD-1439,2025-01-24,11,743.7,57.36,4,En Camino,Bucaramanga,Físico
TRX-12705,PROD-2372,2025-12-03,12,1797.67,34.52,29,Retrasado,Medellín,Físico
TRX-12706,PROD-2165,2025-03-01,5,1501.95,40.89,17,Retrasado,Bogotá,Online
TRX-12707,PROD-2861,2025-12-12,9,463.52,34.99,17,Devuelto,Cali,Online
TRX-12708,PROD-3626,2025-11-17,11,1291.04,92.16,5,Retrasado,Bogotá,Físico
TRX-12709,PROD-3225,2024-12-27,13,1845.57,83.53,23,Desconocido,Cali,WhatsApp
TRX-12710,PROD-3147,2025-01-07,10,997.96,60.04,3,En Camino,Bogotá,App
TRX-12711,PROD-3023,2025-01-20,14,1469.89,91.66,7,Entregado,Bogotá,Online
TRX-12712,PROD-1549,2025-01-01,2,1942.5,52.345,5,Entregado,Ventas_Web,App
TRX-12713,PROD-3065,2025-01-03,1,1383.92,89.21,10,Retrasado,Barranquilla,App
TRX-12714,PROD-2917,2025-03-07,11,213.85,93.13,27,Perdido,Barranquilla,Online
TRX-12715,PROD-2117,2025-11-10,8,496.67,26.07,24,Desconocido,Bogotá,App
TRX-12716,PROD-1789,2025-03-27,8,1194.24,73.16,7,Devuelto,Cali,WhatsApp
TRX-12717,PROD-1461,2024-10-24,2,558.36,62.88,17,Retrasado,Bogotá,Físico
TRX-12718,PROD-2354,2026-01-28,14,1915.51,74.71,29,Desconocido,Bogotá,WhatsApp
TRX-12719,PROD-1665,2024-11-27,13,816.65,30.02,17,En Camino,Cali,App
TRX-12720,PROD-3994,2025-03-20,8,919.89,71.01,7,Devuelto,Ventas_Web,Físico
TRX-12721,PROD-2879,2025-06-16,5,1406.19,43.93,6,Desconocido,Bogotá,Online
TRX-12722,PROD-3655,2025-12-09,2,1053.26,84.24,9,Retrasado,Medellín,WhatsApp
TRX-12723,PROD-2053,2025-10-31,7,770.47,80.56,8,Devuelto,Ventas_Web,Físico
TRX-12724,PROD-3943,2024-10-29,7,162.51,52.345,29,Perdido,Ventas_Web,Online
TRX-12725,PROD-1762,2025-04-11,3,1196.93,25.08,14,En Camino,Ventas_Web,WhatsApp
TRX-12726,PROD-1057,2025-09-15,14,1736.48,22.47,22,Retrasado,Medellín,WhatsApp
TRX-12727,PROD-2380,2024-11-10,1,1374.67,73.18,6,Entregado,Ventas_Web,WhatsApp
TRX-12728,PROD-2208,2025-06-24,11,769.18,57.3,9,En Camino,Bogotá,WhatsApp
TRX-12729,PROD-3325,2025-12-05,4,264.17,57.93,28,Perdido,Medellín,App
TRX-12730,PROD-3762,2025-03-09,2,1634.51,76.49,20,Desconocido,Cali,Online
TRX-12731,PROD-1791,2025-06-12,4,1884.08,86.22,25,Perdido,Medellín,Físico
TRX-12732,PROD-1718,2025-02-02,8,782.66,27.7,11,Entregado,Cali,Online
TRX-12733,PROD-3502,2026-01-30,2,1460.0,57.78,11,En Camino,Bogotá,App
TRX-12734,PROD-3616,2025-07-17,1,827.42,83.75,8,Retrasado,Barranquilla,App
TRX-12735,PROD-2660,2025-09-01,11,1009.51,87.92,3,Entregado,Ventas_Web,Físico
TRX-12736,PROD-2751,2025-03-17,14,1674.59,52.345,11,Retrasado,Bogotá,Físico
TRX-12737,PROD-3110,2026-01-24,3,176.01,32.3,4,Devuelto,Bogotá,Online
TRX-12738,PROD-2343,2025-10-18,10,1065.37,14.89,23,Retrasado,Barranquilla,WhatsApp
TRX-12739,PROD-1355,2024-10-03,7,437.09,27.12,3,Devuelto,Bogotá,Físico
TRX-12740,PROD-2641,2025-04-11,13,686.21,94.82,13,Retrasado,Ventas_Web,Online
TRX-12741,PROD-3741,2025-11-29,12,1292.41,48.94,19,Devuelto,Cali,Físico
TRX-12742,PROD-1390,2025-11-10,6,64.18,44.76,8,En Camino,Bucaramanga,App
TRX-12743,PROD-1756,2025-07-16,6,1191.71,6.24,21,Perdido,Bogotá,App
TRX-12744,PROD-1575,2024-09-25,7,574.05,9.85,28,En Camino,Ventas_Web,WhatsApp
TRX-12745,PROD-2955,2025-04-24,8,1342.27,68.53,21,Entregado,Cali,WhatsApp
TRX-12746,PROD-2325,2025-07-15,3,291.75,61.03,24,En Camino,Medellín,WhatsApp
TRX-12747,PROD-2016,2025-07-26,3,1474.27,59.68,22,En Camino,Bogotá,WhatsApp
TRX-12748,PROD-1027,2026-01-03,10,1294.82,52.345,21,Perdido,Bogotá,Físico
TRX-12749,PROD-2068,2024-10-24,13,1942.77,15.48,1,Desconocido,Barranquilla,Online
TRX-12750,PROD-2571,2024-11-09,8,1823.36,38.45,21,En Camino,Bogotá,App
TRX-12751,PROD-1964,2025-08-15,12,573.77,82.17,8,Entregado,Bogotá,Online
TRX-12752,PROD-2829,2025-06-01,13,64.36,21.62,9,En Camino,Barranquilla,App
TRX-12753,PROD-2093,2025-04-09,14,1314.18,88.86,6,En Camino,Medellín,Físico
TRX-12754,PROD-2350,2025-10-31,13,1209.75,16.54,11,En Camino,Cali,Físico
TRX-12755,PROD-2236,2024-12-20,7,64.58,21.07,29,En Camino,Ventas_Web,WhatsApp
TRX-12756,PROD-3385,2025-01-09,10,254.13,50.39,29,Perdido,Barranquilla,Físico
TRX-12757,PROD-3960,2025-07-10,5,1173.56,94.8,10,Perdido,Barranquilla,App
TRX-12758,PROD-3346,2025-01-08,4,1824.54,36.31,3,Entregado,Medellín,WhatsApp
TRX-12759,PROD-1046,2025-11-04,6,1813.94,67.53,8,Desconocido,Medellín,Físico
TRX-12760,PROD-2071,2024-11-01,9,311.46,52.345,29,Entregado,Bucaramanga,Físico
TRX-12761,PROD-3677,2025-12-27,6,775.3,60.92,5,Entregado,Bogotá,Físico
TRX-12762,PROD-2472,2024-11-13,8,95.97,19.21,2,Desconocido,Bogotá,Online
TRX-12763,PROD-3837,2025-01-12,1,943.85,28.58,16,En Camino,Medellín,Físico
TRX-12764,PROD-1967,2025-07-14,12,1508.64,93.36,1,Desconocido,Bucaramanga,Online
TRX-12765,PROD-1254,2024-11-29,14,1582.05,22.56,27,Retrasado,Bogotá,WhatsApp
TRX-12766,PROD-3735,2025-03-30,6,1002.99,71.03,24,En Camino,Medellín,Online
TRX-12767,PROD-1484,2025-08-20,14,200.78,96.65,2,Retrasado,Medellín,App
TRX-12768,PROD-2906,2025-04-19,14,768.91,16.35,27,Entregado,Bucaramanga,Físico
TRX-12769,PROD-2256,2024-11-26,2,1864.88,42.92,3,En Camino,Medellín,WhatsApp
TRX-12770,PROD-1654,2024-11-23,3,466.93,26.27,9,Desconocido,Cali,App
TRX-12771,PROD-2660,2025-12-31,6,646.31,26.05,17,Desconocido,Bucaramanga,Físico
TRX-12772,PROD-3810,2025-06-07,2,1496.19,52.345,24,Desconocido,Barranquilla,Online
TRX-12773,PROD-3058,2025-02-03,4,1469.83,16.3,12,Desconocido,Barranquilla,App
TRX-12774,PROD-3881,2026-01-27,6,1825.28,66.71,2,Entregado,Medellín,Online
TRX-12775,PROD-2273,2025-01-22,5,782.36,75.9,24,Perdido,Medellín,Físico
TRX-12776,PROD-3827,2025-08-19,6,1034.05,69.3,2,Entregado,Bogotá,App
TRX-12777,PROD-1480,2025-03-12,6,940.11,92.84,23,En Camino,Bogotá,Físico
TRX-12778,PROD-3616,2025-04-20,8,1856.23,18.84,19,Perdido,Bucaramanga,App
TRX-12779,PROD-2208,2025-07-15,9,1540.97,35.39,20,Desconocido,Medellín,Físico
TRX-12780,PROD-2505,2024-12-20,5,1664.57,37.73,28,Perdido,Bucaramanga,Online
TRX-12781,PROD-3517,2025-03-08,6,274.87,27.05,27,Retrasado,Cali,WhatsApp
TRX-12782,PROD-1904,2024-10-20,6,1585.77,18.51,17,Devuelto,Bogotá,Online
TRX-12783,PROD-1897,2025-05-18,6,871.63,51.24,28,Perdido,Barranquilla,WhatsApp
TRX-12784,PROD-1547,2025-08-24,2,56.44,52.345,26,Devuelto,Bogotá,App
TRX-12785,PROD-2958,2024-11-24,4,129.58,84.27,17,Entregado,Barranquilla,Físico
TRX-12786,PROD-1627,2025-12-14,1,1359.04,95.68,13,Entregado,Cali,Físico
TRX-12787,PROD-2863,2025-06-04,14,750.3,17.29,12,Perdido,Bogotá,Online
TRX-12788,PROD-3481,2025-10-23,12,1737.55,83.2,11,Retrasado,Cali,WhatsApp
TRX-12789,PROD-2530,2024-11-02,1,1471.2,83.34,26,Entregado,Bogotá,WhatsApp
TRX-12790,PROD-2703,2026-02-04,1,53.14,41.95,28,Devuelto,Ventas_Web,App
TRX-12791,PROD-3875,2024-10-21,7,1376.91,15.45,11,Perdido,Bogotá,Físico
TRX-12792,PROD-3249,2025-06-28,1,392.78,99.05,24,Perdido,Ventas_Web,WhatsApp
TRX-12793,PROD-2928,2026-01-04,6,850.94,67.28,8,Retrasado,Bogotá,WhatsApp
TRX-12794,PROD-3201,2024-12-11,2,1253.22,98.31,18,Perdido,Medellín,Físico
TRX-12795,PROD-3720,2024-11-12,6,1746.71,50.95,4,En Camino,Bogotá,Online
TRX-12796,PROD-1894,2025-01-12,6,917.63,52.345,18,Devuelto,Ventas_Web,Físico
TRX-12797,PROD-2013,2025-09-18,12,1618.9,42.54,29,Desconocido,Bogotá,WhatsApp
TRX-12798,PROD-3786,2025-07-20,11,1568.1,28.48,15,En Camino,Medellín,Online
TRX-12799,PROD-3440,2024-12-21,3,834.93,98.44,24,En Camino,Medellín,App
TRX-12801,PROD-3152,2025-02-19,8,1403.97,7.26,7,Perdido,Ventas_Web,Físico
TRX-12802,PROD-2829,2025-05-23,11,71.99,53.68,23,Perdido,Ventas_Web,Online
TRX-12803,PROD-3163,2025-02-07,4,1782.71,40.82,26,En Camino,Ventas_Web,WhatsApp
TRX-12804,PROD-3882,2025-02-04,13,1541.93,29.83,15,Desconocido,Cali,Online
TRX-12805,PROD-2481,2025-12-23,7,506.34,65.29,19,Devuelto,Cali,Físico
TRX-12806,PROD-1319,2024-12-20,4,1962.55,39.61,28,Entregado,Cali,Online
TRX-12807,PROD-3310,2026-01-29,1,366.99,43.21,27,Devuelto,Medellín,Online
TRX-12808,PROD-1459,2024-10-07,6,1829.03,52.345,21,Desconocido,Medellín,App
TRX-12809,PROD-1252,2025-08-21,5,655.7,7.19,17,En Camino,Bogotá,WhatsApp
TRX-12810,PROD-3243,2025-09-19,9,1528.66,60.96,10,Devuelto,Bogotá,Online
TRX-12811,PROD-3070,2025-03-15,14,918.19,16.6,11,Devuelto,Barranquilla,Físico
TRX-12812,PROD-1828,2024-12-21,14,1475.57,25.31,14,Entregado,Cali,Online
TRX-12813,PROD-3345,2025-04-23,9,320.01,73.13,4,Retrasado,Bogotá,WhatsApp
TRX-12814,PROD-3198,2025-08-31,12,546.32,34.76,4,Retrasado,Bogotá,WhatsApp
TRX-12815,PROD-1613,2024-11-22,11,208.72,20.5,1,Entregado,Medellín,Físico
TRX-12816,PROD-1673,2025-09-21,13,1731.64,59.86,12,Devuelto,Medellín,WhatsApp
TRX-12817,PROD-2343,2025-04-30,8,599.62,25.42,7,En Camino,Bucaramanga,Físico
TRX-12818,PROD-3131,2024-11-22,7,1392.01,30.74,5,Entregado,Ventas_Web,WhatsApp
TRX-12819,PROD-2809,2025-07-26,14,1642.24,64.03,1,Retrasado,Bogotá,Online
TRX-12820,PROD-1476,2025-03-07,2,1803.82,52.345,21,Desconocido,Cali,Físico
TRX-12821,PROD-3786,2024-10-04,14,221.53,75.29,24,Retrasado,Medellín,WhatsApp
TRX-12822,PROD-1841,2025-04-26,8,1787.1,75.27,26,Entregado,Ventas_Web,App
TRX-12823,PROD-3936,2024-12-08,3,402.53,50.81,8,Devuelto,Bucaramanga,App
TRX-12824,PROD-3388,2025-05-12,6,1476.44,48.16,29,Perdido,Bogotá,Físico
TRX-12825,PROD-3002,2025-01-12,10,1460.41,79.83,18,En Camino,Barranquilla,App
TRX-12826,PROD-1372,2024-11-27,7,26.92,23.34,13,Perdido,Bogotá,Online
TRX-12827,PROD-3090,2025-03-23,12,449.04,19.46,17,En Camino,Ventas_Web,Online
TRX-12828,PROD-2824,2025-11-19,6,988.9,68.15,2,Perdido,Bogotá,WhatsApp
TRX-12829,PROD-1227,2025-04-14,5,845.87,43.9,6,Perdido,Bogotá,Online
TRX-12830,PROD-2857,2025-11-19,4,1837.96,72.45,29,En Camino,Cali,Físico
TRX-12831,PROD-1540,2025-09-28,2,725.88,29.38,21,Desconocido,Medellín,Online
TRX-12832,PROD-3102,2025-04-16,9,1874.6,52.345,4,En Camino,Bogotá,WhatsApp
TRX-12833,PROD-2701,2025-07-05,14,924.26,35.86,8,Retrasado,Bucaramanga,Online
TRX-12834,PROD-2871,2025-01-05,7,1929.06,90.18,15,Devuelto,Bucaramanga,WhatsApp
TRX-12835,PROD-3309,2025-05-22,7,1477.34,45.06,5,Devuelto,Ventas_Web,Físico
TRX-12836,PROD-1236,2025-05-15,4,1660.38,61.14,20,Retrasado,Bogotá,App
TRX-12837,PROD-3288,2025-03-17,14,218.71,15.13,29,Desconocido,Bogotá,Online
TRX-12838,PROD-2893,2025-04-21,5,1176.42,21.99,11,Perdido,Medellín,WhatsApp
TRX-12839,PROD-3755,2024-10-23,6,293.97,8.41,8,Desconocido,Bucaramanga,Físico
TRX-12840,PROD-2262,2025-05-15,12,602.27,45.32,28,Desconocido,Bucaramanga,App
TRX-12841,PROD-3962,2025-05-22,11,1250.9,98.95,17,En Camino,Cali,App
TRX-12842,PROD-1089,2026-01-26,12,1455.19,88.02,9,Entregado,Barranquilla,App
TRX-12843,PROD-2621,2025-02-22,2,87.98,65.13,18,Perdido,Bucaramanga,Online
TRX-12844,PROD-2042,2025-04-06,4,1066.58,52.345,14,Devuelto,Barranquilla,App
TRX-12845,PROD-1012,2026-02-02,13,1134.97,86.8,24,En Camino,Barranquilla,App
TRX-12846,PROD-1892,2025-12-01,4,166.87,61.45,9,Retrasado,Bucaramanga,App
TRX-12847,PROD-3368,2025-06-18,12,1006.37,40.03,10,Desconocido,Medellín,Online
TRX-12848,PROD-1299,2026-01-19,13,1430.55,21.49,24,Perdido,Medellín,Físico
TRX-12849,PROD-1185,2025-12-13,4,115.92,67.04,25,Entregado,Cali,App
TRX-12850,PROD-2735,2025-10-11,7,1522.93,23.34,20,Perdido,Bogotá,Físico
TRX-12851,PROD-2411,2025-03-11,13,1157.09,44.66,27,Retrasado,Medellín,App
TRX-12852,PROD-3868,2025-12-04,7,1668.12,83.45,2,Entregado,Medellín,App
TRX-12853,PROD-1261,2025-09-14,7,443.94,17.28,3,Perdido,Ventas_Web,Online
TRX-12854,PROD-3216,2025-08-11,7,1668.21,17.26,29,Retrasado,Bogotá,App
TRX-12855,PROD-1246,2025-08-24,2,198.18,26.32,24,Perdido,Medellín,WhatsApp
TRX-12856,PROD-1282,2026-01-09,5,813.62,52.345,5,En Camino,Ventas_Web,App
TRX-12857,PROD-2933,2025-05-12,10,406.97,57.43,27,Perdido,Bucaramanga,Físico
TRX-12858,PROD-1129,2025-03-25,2,1753.28,28.91,4,Desconocido,Bogotá,WhatsApp
TRX-12859,PROD-2175,2025-09-16,5,1412.79,52.8,3,Retrasado,Bogotá,Online
TRX-12860,PROD-2674,2025-06-24,12,60.47,33.69,27,Devuelto,Medellín,WhatsApp
TRX-12861,PROD-1737,2025-11-26,6,28.95,53.09,19,Retrasado,Cali,WhatsApp
TRX-12862,PROD-1554,2025-10-26,3,589.59,31.37,10,Perdido,Ventas_Web,WhatsApp
TRX-12863,PROD-3627,2024-10-24,6,295.13,98.1,26,En Camino,Ventas_Web,WhatsApp
TRX-12864,PROD-3987,2025-03-18,5,1264.31,51.81,7,Devuelto,Medellín,WhatsApp
TRX-12865,PROD-3645,2025-11-01,4,1330.96,75.65,27,Desconocido,Bucaramanga,Físico
TRX-12866,PROD-2721,2024-11-26,10,1884.48,71.55,12,Retrasado,Bucaramanga,WhatsApp
TRX-12867,PROD-2533,2025-04-08,9,1904.56,51.6,8,Devuelto,Medellín,Físico
TRX-12868,PROD-2566,2024-10-19,11,1321.2,52.345,29,En Camino,Bucaramanga,Físico
TRX-12869,PROD-2837,2025-02-20,14,21.29,27.69,5,Desconocido,Bogotá,Físico
TRX-12870,PROD-2546,2025-07-22,8,724.41,53.52,24,Entregado,Bogotá,Online
TRX-12871,PROD-2538,2026-01-14,12,1031.15,69.69,13,Devuelto,Barranquilla,WhatsApp
TRX-12872,PROD-1328,2025-06-17,7,1003.37,48.69,9,Retrasado,Bogotá,App
TRX-12873,PROD-3796,2024-12-16,11,1210.65,12.78,4,En Camino,Medellín,Online
TRX-12874,PROD-3710,2026-02-04,1,1921.5,6.71,2,Retrasado,Ventas_Web,App
TRX-12875,PROD-3208,2024-11-27,9,1771.53,36.15,5,En Camino,Medellín,WhatsApp
TRX-12876,PROD-1544,2025-02-02,9,226.73,19.27,2,Retrasado,Bogotá,WhatsApp
TRX-12877,PROD-3676,2025-10-20,6,539.3,91.09,26,En Camino,Ventas_Web,App
TRX-12878,PROD-2424,2025-10-31,7,1667.89,21.7,18,Perdido,Cali,Físico
TRX-12879,PROD-1485,2025-09-23,13,1650.37,42.46,6,Retrasado,Cali,WhatsApp
TRX-12880,PROD-1731,2024-12-13,3,557.99,52.345,26,En Camino,Bogotá,App
TRX-12881,PROD-3200,2025-10-08,5,1463.87,72.65,11,Entregado,Medellín,Online
TRX-12882,PROD-2609,2025-08-07,7,1347.35,82.47,10,En Camino,Medellín,App
TRX-12883,PROD-3166,2026-01-05,1,952.31,50.38,1,Entregado,Bucaramanga,Online
TRX-12884,PROD-1521,2025-08-16,12,410.9,22.21,2,Desconocido,Bucaramanga,Online
TRX-12885,PROD-3981,2024-12-29,1,1778.4,30.74,21,Devuelto,Ventas_Web,WhatsApp
TRX-12886,PROD-1912,2024-12-04,5,1358.92,44.8,10,En Camino,Barranquilla,Online
TRX-12887,PROD-1014,2025-08-15,9,346.3,39.64,5,Devuelto,Medellín,WhatsApp
TRX-12888,PROD-1093,2024-10-22,7,1412.56,38.12,26,Devuelto,Ventas_Web,App
TRX-12889,PROD-2222,2025-01-25,1,1485.45,17.53,12,Perdido,Bogotá,Físico
TRX-12890,PROD-2896,2025-04-20,13,1774.89,91.76,19,Desconocido,Barranquilla,Online
TRX-12891,PROD-3758,2026-01-10,13,453.45,7.83,21,En Camino,Cali,WhatsApp
TRX-12892,PROD-3945,2025-06-21,12,1977.62,52.345,25,Perdido,Bogotá,Físico
TRX-12893,PROD-3230,2025-04-23,5,315.25,46.8,2,Desconocido,Bogotá,Online
TRX-12894,PROD-2737,2025-02-02,8,1205.37,98.13,29,Perdido,Ventas_Web,App
TRX-12895,PROD-3178,2025-02-26,8,1317.78,67.67,6,Devuelto,Bucaramanga,Online
TRX-12896,PROD-2553,2024-11-08,12,843.72,38.76,15,Retrasado,Ventas_Web,App
TRX-12897,PROD-1940,2025-09-14,2,955.33,18.88,8,Devuelto,Bogotá,App
TRX-12898,PROD-2013,2025-09-20,7,1782.91,96.57,16,Desconocido,Medellín,App
TRX-12899,PROD-2886,2025-10-09,10,1294.1,6.33,19,Desconocido,Bucaramanga,App
TRX-12901,PROD-1635,2025-12-28,5,265.42,88.61,27,Desconocido,Barranquilla,WhatsApp
TRX-12902,PROD-2129,2025-12-07,9,24.6,7.39,17,Entregado,Bogotá,WhatsApp
TRX-12903,PROD-1772,2024-12-14,3,258.69,73.89,29,Retrasado,Barranquilla,Físico
TRX-12904,PROD-3969,2025-11-15,1,1912.81,52.345,1,Devuelto,Medellín,App
TRX-12905,PROD-1462,2026-01-07,13,1530.53,99.89,11,Retrasado,Cali,Online
TRX-12906,PROD-1131,2025-05-14,4,1934.56,65.77,4,Entregado,Medellín,Físico
TRX-12907,PROD-3704,2024-11-21,7,81.06,44.39,28,Retrasado,Bogotá,Físico
TRX-12908,PROD-2717,2025-12-20,1,1363.64,88.07,6,En Camino,Medellín,Físico
TRX-12909,PROD-3518,2025-03-29,2,98.14,57.65,7,Entregado,Cali,Físico
TRX-12910,PROD-1064,2024-11-19,14,1566.29,76.2,29,Retrasado,Bogotá,Online
TRX-12911,PROD-1985,2025-06-08,5,768.09,60.84,8,Perdido,Barranquilla,App
TRX-12912,PROD-1844,2025-03-03,9,200.57,8.64,24,Retrasado,Medellín,Online
TRX-12913,PROD-1275,2025-07-20,14,1140.41,25.25,10,Entregado,Barranquilla,App
TRX-12914,PROD-1413,2025-07-25,1,567.44,12.48,17,Perdido,Bogotá,Físico
TRX-12915,PROD-3432,2024-09-24,12,1322.55,15.14,12,Desconocido,Medellín,Físico
TRX-12916,PROD-1137,2025-06-20,4,1319.77,52.345,8,Retrasado,Cali,WhatsApp
TRX-12917,PROD-2828,2025-11-17,12,1412.96,6.46,12,Retrasado,Barranquilla,WhatsApp
TRX-12918,PROD-3448,2025-02-12,14,1985.01,45.01,26,Entregado,Bogotá,Físico
TRX-12919,PROD-3752,2025-03-29,3,779.53,21.97,17,Perdido,Cali,Físico
TRX-12920,PROD-3880,2025-09-09,14,935.98,86.29,3,Perdido,Bogotá,App
TRX-12921,PROD-1199,2025-08-29,5,1611.18,76.25,14,Retrasado,Cali,Físico
TRX-12922,PROD-2002,2025-12-14,5,1160.96,59.45,12,Desconocido,Cali,App
TRX-12923,PROD-1181,2025-12-31,10,84.14,51.46,5,En Camino,Medellín,Físico
TRX-12924,PROD-2647,2026-01-17,2,1687.73,29.31,13,Entregado,Bogotá,Online
TRX-12925,PROD-2797,2025-05-04,5,112.48,50.12,11,Entregado,Cali,Físico
TRX-12926,PROD-1959,2026-02-02,9,349.93,65.92,16,Devuelto,Cali,App
TRX-12927,PROD-3210,2025-09-24,5,213.14,79.31,26,Perdido,Barranquilla,App
TRX-12928,PROD-1889,2025-03-21,11,165.07,52.345,10,Perdido,Cali,Online
TRX-12929,PROD-1231,2024-10-15,10,61.11,12.76,28,Devuelto,Bogotá,App
TRX-12930,PROD-1573,2025-09-12,2,119.51,72.3,24,Retrasado,Medellín,WhatsApp
TRX-12931,PROD-3063,2024-10-29,7,890.45,75.56,8,Retrasado,Medellín,Online
TRX-12932,PROD-2184,2025-01-07,6,513.18,58.1,6,Entregado,Ventas_Web,Físico
TRX-12933,PROD-1959,2025-07-16,7,261.81,25.36,20,Retrasado,Bogotá,Físico
TRX-12934,PROD-3996,2025-05-09,8,1320.82,56.22,20,En Camino,Cali,Físico
TRX-12935,PROD-3359,2025-08-01,10,459.96,52.76,24,En Camino,Bogotá,App
TRX-12936,PROD-2306,2024-12-28,5,47.71,50.19,27,En Camino,Bogotá,Físico
TRX-12937,PROD-3365,2025-06-30,2,842.66,48.76,3,Devuelto,Ventas_Web,Físico
TRX-12938,PROD-3449,2025-01-10,7,627.76,15.53,24,Desconocido,Cali,Físico
TRX-12939,PROD-3754,2024-10-29,7,644.02,22.37,20,En Camino,Bucaramanga,WhatsApp
TRX-12940,PROD-2313,2024-11-01,8,896.09,52.345,10,Devuelto,Ventas_Web,WhatsApp
TRX-12941,PROD-1970,2024-12-16,7,1341.14,14.25,25,Entregado,Barranquilla,WhatsApp
TRX-12942,PROD-2236,2025-07-21,10,1236.79,28.04,28,Entregado,Cali,Físico
TRX-12943,PROD-1586,2025-03-29,7,1875.15,30.03,18,Desconocido,Barranquilla,Físico
TRX-12944,PROD-3704,2025-05-20,14,1040.26,28.28,10,En Camino,Barranquilla,App
TRX-12945,PROD-3135,2025-09-15,13,950.41,25.04,13,Devuelto,Medellín,App
TRX-12946,PROD-1905,2026-01-23,9,434.69,74.87,14,En Camino,Bogotá,App
TRX-12947,PROD-2693,2025-09-11,8,1513.21,82.76,1,Desconocido,Medellín,App
TRX-12948,PROD-2230,2024-10-11,2,290.14,36.08,20,Desconocido,Bogotá,Físico
TRX-12949,PROD-2127,2025-09-04,2,987.35,33.99,15,Retrasado,Bucaramanga,App
TRX-12950,PROD-1249,2025-10-20,7,848.43,85.18,25,Devuelto,Bogotá,Online
TRX-12951,PROD-3280,2025-08-13,10,1320.02,64.27,12,Devuelto,Medellín,Físico
TRX-12952,PROD-3423,2025-06-10,11,1836.07,52.345,16,Devuelto,Barranquilla,Físico
TRX-12953,PROD-1717,2026-01-08,13,1893.73,32.88,7,Devuelto,Ventas_Web,Online
TRX-12954,PROD-3564,2025-11-06,10,343.92,72.79,14,Retrasado,Ventas_Web,App
TRX-12955,PROD-3780,2025-10-30,3,531.02,37.74,9,En Camino,Cali,Online
TRX-12956,PROD-2749,2025-02-27,1,1625.15,60.72,9,Entregado,Bucaramanga,App
TRX-12957,PROD-3276,2026-01-19,9,1041.38,99.3,10,Desconocido,Bogotá,Online
TRX-12958,PROD-3030,2025-07-23,14,911.54,33.65,9,Perdido,Medellín,Físico
TRX-12959,PROD-1192,2025-01-12,14,1424.14,93.4,25,Perdido,Bucaramanga,App
TRX-12960,PROD-2410,2025-02-13,14,1207.83,35.46,16,Devuelto,Medellín,App
TRX-12961,PROD-3635,2025-06-05,3,1941.72,56.33,23,Devuelto,Medellín,App
TRX-12962,PROD-3749,2025-12-21,1,1172.11,48.7,8,Entregado,Barranquilla,Físico
TRX-12963,PROD-2561,2024-10-10,6,937.29,79.4,28,Perdido,Medellín,App
TRX-12964,PROD-3148,2025-03-25,4,1090.21,52.345,2,Devuelto,Medellín,Online
TRX-12965,PROD-2305,2025-11-01,14,1618.99,10.8,25,Desconocido,Bogotá,App
TRX-12966,PROD-3852,2025-07-06,1,1229.22,64.58,18,Desconocido,Medellín,App
TRX-12967,PROD-2705,2025-10-12,4,1297.63,77.26,24,Retrasado,Bogotá,Físico
TRX-12968,PROD-2672,2025-01-31,8,1943.16,49.85,18,Perdido,Medellín,Online
TRX-12969,PROD-1611,2026-01-14,11,1240.61,15.0,27,Retrasado,Bogotá,Online
TRX-12970,PROD-2228,2025-06-30,7,766.77,28.26,12,Entregado,Cali,Online
TRX-12971,PROD-2541,2025-05-25,12,1385.74,69.57,24,Entregado,Cali,App
TRX-12972,PROD-1753,2024-09-30,1,1322.32,90.07,3,Perdido,Ventas_Web,WhatsApp
TRX-12973,PROD-3203,2025-04-03,10,37.56,45.05,2,Desconocido,Ventas_Web,WhatsApp
TRX-12974,PROD-2939,2025-08-06,12,939.99,58.24,6,En Camino,Bogotá,App
TRX-12975,PROD-1987,2025-10-18,9,1488.38,26.7,6,Perdido,Bogotá,Físico
TRX-12976,PROD-1923,2024-09-29,6,1003.09,52.345,17,Retrasado,Bogotá,Físico
TRX-12977,PROD-2231,2025-02-05,2,1561.45,44.16,16,En Camino,Bogotá,App
TRX-12978,PROD-3898,2024-10-11,3,907.26,37.0,23,Retrasado,Bucaramanga,Online
TRX-12979,PROD-1591,2025-10-28,7,1966.81,67.27,28,Retrasado,Medellín,Online
TRX-12980,PROD-2896,2025-02-08,3,592.85,98.55,13,Retrasado,Bogotá,App
TRX-12981,PROD-1236,2025-09-24,13,193.32,82.26,12,Devuelto,Medellín,Online
TRX-12982,PROD-3303,2026-01-24,3,865.72,23.26,11,En Camino,Bucaramanga,Online
TRX-12983,PROD-2690,2025-03-18,5,1088.0,59.88,15,Devuelto,Bogotá,WhatsApp
TRX-12984,PROD-2706,2024-10-03,3,704.7,11.31,28,Devuelto,Barranquilla,WhatsApp
TRX-12985,PROD-3282,2026-01-21,3,492.14,28.46,17,Retrasado,Cali,App
TRX-12986,PROD-3170,2024-11-02,11,1347.4,21.36,20,Entregado,Medellín,WhatsApp
TRX-12987,PROD-1549,2025-12-12,5,760.48,36.88,29,Desconocido,Cali,WhatsApp
TRX-12988,PROD-2590,2025-01-14,14,1266.42,52.345,22,Perdido,Bogotá,Físico
TRX-12989,PROD-1994,2025-03-21,5,1560.35,69.49,24,Entregado,Barranquilla,App
TRX-12990,PROD-2044,2025-04-04,12,1524.4,52.44,27,Retrasado,Bogotá,Físico
TRX-12991,PROD-1832,2025-04-06,9,756.87,93.63,27,Perdido,Cali,WhatsApp
TRX-12992,PROD-2352,2026-02-02,1,1140.12,25.21,8,Desconocido,Bogotá,WhatsApp
TRX-12993,PROD-3648,2025-09-05,14,904.82,39.6,26,Perdido,Cali,Online
TRX-12994,PROD-1323,2025-05-05,1,1742.9,36.34,7,Desconocido,Bogotá,Físico
TRX-12995,PROD-2842,2025-08-19,11,1758.73,27.42,11,Retrasado,Barranquilla,Físico
TRX-12996,PROD-2519,2025-08-11,14,694.05,99.35,21,Devuelto,Cali,App
TRX-12997,PROD-1378,2025-11-20,9,192.56,41.79,29,Perdido,Barranquilla,Online
TRX-12998,PROD-3193,2025-06-10,5,343.49,94.35,22,Desconocido,Bogotá,Online
TRX-12999,PROD-3967,2025-01-16,4,740.33,42.09,8,Perdido,Medellín,Online
TRX-13001,PROD-1211,2025-02-19,2,1317.01,24.39,19,Perdido,Barranquilla,WhatsApp
TRX-13002,PROD-2099,2025-01-18,12,669.43,16.32,6,En Camino,Cali,WhatsApp
TRX-13003,PROD-2544,2025-03-06,9,1338.32,86.28,20,Devuelto,Medellín,Físico
TRX-13004,PROD-3759,2025-06-01,6,1876.1,8.05,29,En Camino,Bogotá,Físico
TRX-13005,PROD-3477,2025-06-16,9,1307.51,96.62,19,En Camino,Barranquilla,App
TRX-13006,PROD-3469,2024-11-05,5,325.54,44.73,19,Desconocido,Cali,Online
TRX-13007,PROD-1161,2026-01-05,4,1163.54,28.5,4,Retrasado,Medellín,WhatsApp
TRX-13008,PROD-1298,2026-01-24,7,1088.37,63.66,22,Devuelto,Barranquilla,WhatsApp
TRX-13009,PROD-1770,2025-03-22,5,1742.69,17.63,15,Entregado,Barranquilla,Online
TRX-13010,PROD-3406,2024-12-08,8,707.1,11.85,27,Devuelto,Bogotá,WhatsApp
TRX-13011,PROD-3966,2025-10-01,8,851.66,83.64,17,Entregado,Cali,WhatsApp
TRX-13012,PROD-3750,2025-01-16,13,1201.33,52.345,18,Desconocido,Bucaramanga,Físico
TRX-13013,PROD-3289,2025-12-11,2,1053.61,45.34,29,Desconocido,Barranquilla,Físico
TRX-13014,PROD-1888,2024-11-28,13,1440.84,54.23,20,Perdido,Ventas_Web,WhatsApp
TRX-13015,PROD-2963,2024-10-05,5,90.37,21.79,12,Desconocido,Medellín,WhatsApp
TRX-13016,PROD-1855,2024-12-23,10,1131.4,10.84,10,Entregado,Cali,Físico
TRX-13017,PROD-2363,2025-05-26,8,252.13,39.94,9,Entregado,Bucaramanga,Online
TRX-13018,PROD-2241,2025-06-16,3,637.27,53.08,8,Desconocido,Cali,Online
TRX-13019,PROD-1062,2025-02-08,7,1326.64,77.72,26,Entregado,Medellín,WhatsApp
TRX-13020,PROD-1867,2025-08-29,3,323.25,52.6,8,Perdido,Bucaramanga,App
TRX-13021,PROD-1778,2025-05-24,6,624.6,79.34,11,Perdido,Ventas_Web,App
TRX-13022,PROD-1480,2025-08-29,2,1408.98,15.97,23,En Camino,Bucaramanga,WhatsApp
TRX-13023,PROD-2961,2025-10-18,6,1305.1,11.08,12,Entregado,Barranquilla,Online
TRX-13024,PROD-1993,2025-06-22,6,191.17,52.345,22,Devuelto,Bogotá,App
TRX-13025,PROD-3849,2025-07-23,8,1158.76,20.09,23,Retrasado,Cali,Físico
TRX-13026,PROD-3475,2025-10-25,5,303.04,78.34,6,En Camino,Ventas_Web,App
TRX-13027,PROD-3882,2025-04-01,14,512.02,77.14,3,Entregado,Medellín,Físico
TRX-13028,PROD-1837,2025-12-14,1,923.83,18.43,15,En Camino,Medellín,App
TRX-13029,PROD-2624,2024-12-28,8,227.6,7.94,28,Desconocido,Ventas_Web,Online
TRX-13030,PROD-1980,2025-08-19,12,1987.36,70.1,6,Desconocido,Medellín,WhatsApp
TRX-13031,PROD-3261,2025-04-15,9,339.09,86.25,28,Desconocido,Bogotá,WhatsApp
TRX-13032,PROD-2317,2025-12-15,1,1564.81,76.64,7,Entregado,Medellín,WhatsApp
TRX-13033,PROD-2159,2025-11-14,5,1661.38,24.27,6,Entregado,Cali,Físico
TRX-13034,PROD-2559,2025-02-06,12,1988.98,60.46,27,En Camino,Ventas_Web,WhatsApp
TRX-13035,PROD-2909,2024-12-08,6,863.02,76.95,2,Entregado,Medellín,App
TRX-13036,PROD-3185,2025-10-11,4,1749.45,52.345,6,Entregado,Medellín,Online
TRX-13037,PROD-3657,2024-10-29,14,1915.5,29.3,29,Retrasado,Cali,WhatsApp
TRX-13038,PROD-2471,2025-07-05,11,354.06,55.13,29,Devuelto,Bucaramanga,Físico
TRX-13039,PROD-2263,2025-11-21,2,964.08,34.87,2,Perdido,Barranquilla,Físico
TRX-13040,PROD-2071,2025-11-25,5,129.42,26.43,1,Retrasado,Bogotá,Online
TRX-13041,PROD-2473,2026-01-20,14,1245.24,97.11,15,Perdido,Bogotá,Online
TRX-13042,PROD-3100,2025-07-22,14,1167.0,91.7,10,Perdido,Bogotá,Físico
TRX-13043,PROD-3036,2025-02-04,4,416.21,47.34,10,Devuelto,Medellín,Online
TRX-13044,PROD-2908,2025-02-11,13,1597.83,17.99,10,Retrasado,Cali,App
TRX-13045,PROD-1403,2025-06-03,7,84.16,74.15,5,Entregado,Medellín,App
TRX-13046,PROD-3959,2024-11-09,6,1614.39,29.29,4,Devuelto,Barranquilla,WhatsApp
TRX-13047,PROD-2923,2025-06-04,3,63.02,21.01,25,Entregado,Medellín,WhatsApp
TRX-13048,PROD-2311,2025-02-03,9,1317.09,52.345,15,Entregado,Medellín,Físico
TRX-13049,PROD-1832,2025-07-09,14,166.75,41.25,9,Desconocido,Medellín,Físico
TRX-13050,PROD-2518,2025-04-18,4,509.94,55.34,16,Entregado,Ventas_Web,App
TRX-13051,PROD-2281,2026-02-03,11,1446.61,14.26,9,Entregado,Barranquilla,Online
TRX-13052,PROD-2695,2025-01-01,5,568.01,59.32,19,Retrasado,Cali,WhatsApp
TRX-13053,PROD-1187,2026-01-19,14,1027.24,6.46,14,Perdido,Medellín,Online
TRX-13054,PROD-3304,2024-11-07,3,1831.34,89.73,26,Perdido,Medellín,WhatsApp
TRX-13055,PROD-1906,2025-12-09,8,108.77,92.47,12,Retrasado,Ventas_Web,WhatsApp
TRX-13056,PROD-1597,2024-12-01,11,1624.05,74.64,12,Perdido,Ventas_Web,Físico
TRX-13057,PROD-1066,2025-02-05,7,139.89,49.32,3,Desconocido,Medellín,Online
TRX-13058,PROD-2068,2025-06-29,11,262.32,29.22,29,Devuelto,Medellín,Físico
TRX-13059,PROD-3266,2024-11-28,11,247.45,75.69,19,Entregado,Ventas_Web,Online
TRX-13060,PROD-3392,2024-09-26,7,1988.26,52.345,11,Entregado,Bogotá,Online
TRX-13061,PROD-3372,2025-05-04,8,368.57,93.52,26,Desconocido,Barranquilla,WhatsApp
TRX-13062,PROD-3949,2024-09-23,7,1794.56,20.06,5,Entregado,Medellín,Online
TRX-13063,PROD-2710,2025-07-09,3,1981.96,49.25,6,En Camino,Medellín,WhatsApp
TRX-13064,PROD-2209,2025-01-09,3,773.73,34.95,6,Devuelto,Barranquilla,WhatsApp
TRX-13065,PROD-1624,2025-06-14,2,1265.79,38.89,19,En Camino,Ventas_Web,WhatsApp
TRX-13066,PROD-1803,2024-11-24,13,1560.39,43.55,14,Retrasado,Medellín,App
TRX-13067,PROD-2351,2025-12-26,1,791.36,95.42,16,En Camino,Medellín,WhatsApp
TRX-13068,PROD-1942,2025-06-15,5,332.01,29.57,12,Perdido,Cali,Físico
TRX-13069,PROD-2555,2025-02-07,12,873.19,51.8,18,Perdido,Barranquilla,Online
TRX-13070,PROD-3333,2025-11-30,4,1546.06,95.39,22,Devuelto,Cali,Online
TRX-13071,PROD-2006,2024-11-05,13,1563.72,50.23,13,En Camino,Cali,App
TRX-13072,PROD-3045,2025-10-01,11,468.77,52.345,20,En Camino,Bucaramanga,App
TRX-13073,PROD-3255,2025-11-28,2,358.18,87.04,9,Entregado,Barranquilla,App
TRX-13074,PROD-3681,2026-01-06,1,1841.92,10.58,18,Devuelto,Bogotá,Físico
TRX-13075,PROD-3805,2025-06-11,14,97.56,95.54,4,Entregado,Bogotá,WhatsApp
TRX-13076,PROD-2382,2025-04-26,14,1472.13,22.82,11,Devuelto,Bucaramanga,App
TRX-13077,PROD-2054,2025-01-21,3,102.38,98.09,27,Devuelto,Bucaramanga,App
TRX-13078,PROD-3001,2025-02-21,13,1677.42,21.68,18,En Camino,Barranquilla,Online
TRX-13079,PROD-3963,2025-04-23,6,1811.78,47.21,21,Desconocido,Bucaramanga,Online
TRX-13080,PROD-3628,2025-05-14,13,601.86,34.32,3,Entregado,Bucaramanga,App
TRX-13081,PROD-3009,2025-09-08,2,157.13,46.16,4,Retrasado,Ventas_Web,Online
TRX-13082,PROD-2887,2025-01-11,10,966.56,28.8,9,Entregado,Bogotá,Online
TRX-13083,PROD-1689,2025-12-08,13,603.94,96.71,13,Retrasado,Medellín,WhatsApp
TRX-13084,PROD-2442,2025-09-18,7,840.1,52.345,15,Perdido,Bogotá,App
TRX-13085,PROD-1693,2025-08-08,11,1333.32,34.04,10,Devuelto,Bogotá,App
TRX-13086,PROD-1573,2025-05-02,7,427.55,67.06,27,Entregado,Cali,WhatsApp
TRX-13087,PROD-3950,2025-12-06,11,720.33,18.06,21,Devuelto,Bogotá,App
TRX-13088,PROD-3238,2025-05-06,3,1567.3,83.32,9,Desconocido,Barranquilla,App
TRX-13089,PROD-3000,2025-04-20,14,1291.09,56.54,16,Entregado,Ventas_Web,WhatsApp
TRX-13090,PROD-1753,2025-10-23,1,659.29,98.05,16,Perdido,Bogotá,WhatsApp
TRX-13091,PROD-3220,2025-11-15,9,1331.96,45.22,13,Entregado,Medellín,App
TRX-13092,PROD-3628,2024-12-02,11,1532.97,23.57,5,Perdido,Medellín,Online
TRX-13093,PROD-1240,2026-01-24,5,1189.05,37.87,10,Devuelto,Medellín,WhatsApp
TRX-13094,PROD-3146,2025-09-17,2,486.6,75.01,25,En Camino,Ventas_Web,WhatsApp
TRX-13095,PROD-1138,2024-12-20,8,10.49,67.62,24,Desconocido,Bogotá,Físico
TRX-13096,PROD-1304,2025-06-11,12,1607.67,52.345,1,Retrasado,Bogotá,Online
TRX-13097,PROD-3737,2025-12-15,10,1647.04,78.94,29,Devuelto,Bogotá,App
TRX-13098,PROD-1198,2025-09-23,10,1398.23,11.98,3,Desconocido,Ventas_Web,Físico
TRX-13099,PROD-1026,2025-12-30,4,162.4,60.14,21,Desconocido,Ventas_Web,Físico
TRX-13101,PROD-1563,2025-01-12,11,1643.83,15.25,3,Devuelto,Medellín,Online
TRX-13102,PROD-3583,2025-12-18,10,785.44,13.96,10,Devuelto,Medellín,WhatsApp
TRX-13103,PROD-1947,2025-11-09,12,404.02,73.08,17,Entregado,Barranquilla,App
TRX-13104,PROD-1278,2025-11-18,7,1179.38,34.94,27,Perdido,Cali,Online
TRX-13105,PROD-3896,2025-05-19,14,1654.35,67.57,18,Perdido,Bogotá,Físico
TRX-13106,PROD-1618,2026-01-11,13,107.25,56.81,13,Entregado,Medellín,Online
TRX-13107,PROD-1037,2025-06-05,5,1197.93,98.68,2,Entregado,Bucaramanga,App
TRX-13108,PROD-1895,2025-02-19,13,1289.92,52.345,16,Devuelto,Medellín,Online
TRX-13109,PROD-3071,2025-01-27,3,1208.71,89.46,4,Perdido,Bogotá,Físico
TRX-13110,PROD-2867,2025-10-19,10,1303.57,69.42,22,Devuelto,Bogotá,Físico
TRX-13111,PROD-2528,2025-08-07,8,1266.44,29.86,18,En Camino,Bucaramanga,WhatsApp
TRX-13112,PROD-1247,2026-01-15,2,269.5,29.88,14,En Camino,Barranquilla,Online
TRX-13113,PROD-3530,2026-01-16,1,477.52,88.81,6,Entregado,Medellín,App
TRX-13114,PROD-3612,2025-10-24,5,1241.8,60.61,11,Perdido,Medellín,WhatsApp
TRX-13115,PROD-3731,2025-11-07,11,45.21,79.98,17,En Camino,Cali,WhatsApp
TRX-13116,PROD-3525,2025-10-29,4,1273.14,47.74,8,Perdido,Cali,App
TRX-13117,PROD-2979,2025-06-23,11,1334.12,14.79,3,Perdido,Cali,App
TRX-13118,PROD-3700,2025-08-21,10,485.96,36.61,24,Retrasado,Medellín,Online
TRX-13119,PROD-2998,2026-01-05,7,1200.28,20.31,3,En Camino,Bogotá,Físico
TRX-13120,PROD-1064,2025-12-12,13,1072.84,52.345,17,En Camino,Bogotá,WhatsApp
TRX-13121,PROD-1027,2025-10-25,9,528.78,79.27,4,Devuelto,Bucaramanga,WhatsApp
TRX-13122,PROD-3179,2025-02-08,6,931.32,71.55,19,Devuelto,Bogotá,Online
TRX-13123,PROD-3259,2025-01-03,11,1820.15,13.4,8,Desconocido,Barranquilla,Físico
TRX-13124,PROD-2684,2025-05-22,1,858.94,64.03,17,Perdido,Bucaramanga,Online
TRX-13125,PROD-1048,2025-01-17,8,1263.39,88.04,25,Entregado,Medellín,Físico
TRX-13126,PROD-1068,2025-04-24,2,80.35,71.25,27,Devuelto,Bogotá,App
TRX-13127,PROD-3168,2026-01-19,4,164.82,53.56,25,Devuelto,Cali,Online
TRX-13128,PROD-3958,2024-10-09,3,171.8,34.63,22,Desconocido,Barranquilla,App
TRX-13129,PROD-2125,2025-03-20,6,1558.7,89.27,5,Desconocido,Bucaramanga,Online
TRX-13130,PROD-3194,2025-05-04,2,707.01,45.17,11,Perdido,Bogotá,App
TRX-13131,PROD-2174,2025-06-19,5,462.95,86.26,12,Desconocido,Bucaramanga,Físico
TRX-13132,PROD-1070,2026-01-25,11,1497.18,52.345,21,En Camino,Bogotá,Físico
TRX-13133,PROD-3057,2025-08-01,9,348.22,79.38,15,Devuelto,Bucaramanga,Físico
TRX-13134,PROD-3858,2025-09-06,3,500.52,82.54,12,Entregado,Bucaramanga,WhatsApp
TRX-13135,PROD-3760,2025-02-03,2,867.55,99.03,22,Perdido,Medellín,Físico
TRX-13136,PROD-2763,2025-01-14,2,669.56,76.13,7,En Camino,Bucaramanga,Online
TRX-13137,PROD-1734,2025-12-07,9,1174.93,8.23,24,Retrasado,Ventas_Web,Físico
TRX-13138,PROD-1438,2025-02-01,6,682.3,24.52,3,Entregado,Bogotá,WhatsApp
TRX-13139,PROD-1394,2025-02-08,2,791.97,8.34,10,Desconocido,Cali,App
TRX-13140,PROD-3147,2025-09-22,3,1727.14,23.04,16,En Camino,Bogotá,WhatsApp
TRX-13141,PROD-1609,2025-05-12,14,1770.22,10.84,1,Perdido,Bucaramanga,WhatsApp
TRX-13142,PROD-1987,2025-12-24,1,1657.15,52.65,21,Retrasado,Bogotá,App
TRX-13143,PROD-1786,2025-10-02,2,1731.01,7.68,11,Desconocido,Medellín,Online
TRX-13144,PROD-3538,2024-12-23,2,1143.76,52.345,17,Desconocido,Bogotá,Online
TRX-13145,PROD-3156,2025-06-16,11,1296.0,49.9,14,Entregado,Barranquilla,Físico
TRX-13146,PROD-2033,2024-12-30,2,1118.77,90.39,18,Devuelto,Barranquilla,WhatsApp
TRX-13147,PROD-2451,2025-04-17,7,1573.32,76.11,12,Devuelto,Medellín,Online
TRX-13148,PROD-2094,2024-09-30,3,1106.49,94.68,16,Entregado,Bogotá,Físico
TRX-13149,PROD-2625,2026-01-03,13,231.04,26.53,8,Devuelto,Bogotá,WhatsApp
TRX-13150,PROD-1323,2025-09-27,14,1621.06,55.45,3,Perdido,Bogotá,WhatsApp
TRX-13151,PROD-2528,2025-12-09,11,1523.56,35.27,11,Entregado,Bogotá,Online
TRX-13152,PROD-2663,2025-11-01,4,1642.4,51.91,26,Entregado,Ventas_Web,Físico
TRX-13153,PROD-2880,2025-08-09,2,388.95,57.92,15,Desconocido,Bogotá,App
TRX-13154,PROD-3314,2024-12-24,5,550.52,8.44,4,Devuelto,Ventas_Web,WhatsApp
TRX-13155,PROD-1996,2025-11-04,14,598.55,27.16,27,Desconocido,Barranquilla,Físico
TRX-13156,PROD-3855,2025-02-27,9,1021.08,52.345,16,Entregado,Bucaramanga,App
TRX-13157,PROD-1925,2025-09-17,12,276.42,71.95,22,Retrasado,Bogotá,App
TRX-13158,PROD-2228,2024-12-30,9,776.91,78.43,24,Entregado,Bogotá,Online
TRX-13159,PROD-3801,2025-05-05,7,372.49,59.1,17,Devuelto,Cali,App
TRX-13160,PROD-1330,2025-08-28,12,536.88,30.73,14,Devuelto,Bucaramanga,WhatsApp
TRX-13161,PROD-3677,2025-12-07,8,1415.71,43.48,2,Devuelto,Bogotá,WhatsApp
TRX-13162,PROD-3661,2025-04-18,13,1711.07,14.12,27,Devuelto,Medellín,Físico
TRX-13163,PROD-1129,2024-12-04,14,55.58,95.55,22,Perdido,Bogotá,WhatsApp
TRX-13164,PROD-1382,2026-01-14,5,1136.13,87.52,15,Devuelto,Bucaramanga,Online
TRX-13165,PROD-2660,2025-10-28,5,81.76,11.23,24,Retrasado,Ventas_Web,Online
TRX-13166,PROD-2553,2024-11-20,12,179.65,20.82,28,Entregado,Cali,WhatsApp
TRX-13167,PROD-2544,2025-07-06,3,1413.12,60.2,8,En Camino,Bucaramanga,Físico
TRX-13168,PROD-3263,2024-11-25,6,1473.86,52.345,13,En Camino,Medellín,Online
TRX-13169,PROD-2949,2025-06-05,1,1629.82,27.08,3,Perdido,Medellín,Físico
TRX-13170,PROD-1229,2024-11-09,3,953.74,93.77,4,En Camino,Bucaramanga,WhatsApp
TRX-13171,PROD-3608,2025-06-28,11,1721.02,76.78,26,Devuelto,Medellín,App
TRX-13172,PROD-1038,2025-04-08,2,342.01,30.96,4,En Camino,Medellín,Online
TRX-13173,PROD-3878,2025-02-27,7,506.94,5.58,4,Retrasado,Medellín,App
TRX-13174,PROD-1701,2025-07-30,9,277.66,80.95,2,Desconocido,Cali,Online
TRX-13175,PROD-1338,2024-09-29,4,1597.1,45.29,13,Devuelto,Bucaramanga,WhatsApp
TRX-13176,PROD-3047,2025-05-28,7,465.06,66.03,22,En Camino,Bogotá,Físico
TRX-13177,PROD-2777,2025-09-25,8,319.47,32.26,8,Devuelto,Cali,Físico
TRX-13178,PROD-3641,2025-05-12,10,1249.99,18.57,9,Perdido,Ventas_Web,Físico
TRX-13179,PROD-2356,2025-01-06,2,163.39,69.15,29,Retrasado,Barranquilla,WhatsApp
TRX-13180,PROD-3317,2026-01-29,7,99.35,52.345,1,Entregado,Cali,Físico
TRX-13181,PROD-1390,2025-12-25,13,222.37,47.78,1,Desconocido,Bucaramanga,Online
TRX-13182,PROD-3163,2024-12-29,12,10.48,27.34,9,Devuelto,Bucaramanga,App
TRX-13183,PROD-1174,2025-06-17,3,1397.01,18.07,11,Retrasado,Barranquilla,WhatsApp
TRX-13184,PROD-1941,2024-11-21,8,1128.85,60.15,16,Perdido,Medellín,App
TRX-13185,PROD-1865,2026-02-04,6,427.65,73.93,29,Perdido,Bucaramanga,Online
TRX-13186,PROD-3835,2025-07-27,3,473.68,31.97,4,Retrasado,Medellín,Online
TRX-13187,PROD-3321,2026-01-28,8,1623.83,74.84,15,En Camino,Medellín,App
TRX-13188,PROD-2947,2026-01-30,11,1008.62,22.4,27,Retrasado,Bogotá,App
TRX-13189,PROD-2110,2025-11-07,13,1400.07,37.15,7,En Camino,Medellín,Online
TRX-13190,PROD-1190,2025-02-09,3,910.98,75.76,2,En Camino,Medellín,Online
TRX-13191,PROD-1304,2025-10-24,9,483.06,67.71,10,Retrasado,Cali,Online
TRX-13192,PROD-3803,2025-08-16,11,1941.1,52.345,17,Perdido,Medellín,Online
TRX-13193,PROD-2148,2025-12-30,3,1135.64,30.7,11,Entregado,Medellín,Online
TRX-13194,PROD-3224,2025-03-31,1,270.65,16.6,23,Entregado,Medellín,App
TRX-13195,PROD-3308,2025-01-25,13,818.12,9.03,22,Retrasado,Bogotá,App
TRX-13196,PROD-3695,2025-11-09,2,665.38,84.6,19,Devuelto,Bogotá,WhatsApp
TRX-13197,PROD-1134,2025-03-04,4,436.03,12.14,10,Retrasado,Bogotá,Físico
TRX-13198,PROD-1734,2024-11-21,13,1867.55,15.91,4,Entregado,Bucaramanga,Físico
TRX-13199,PROD-2288,2025-11-09,11,1763.03,27.58,29,Desconocido,Bucaramanga,App
TRX-13201,PROD-1848,2025-08-21,2,710.77,80.03,13,Desconocido,Medellín,Físico
TRX-13202,PROD-3404,2024-12-07,4,1527.01,28.51,1,Desconocido,Cali,Físico
TRX-13203,PROD-1590,2025-05-23,4,424.93,56.63,7,Desconocido,Bogotá,Físico
TRX-13204,PROD-3919,2025-08-05,4,1187.21,52.345,9,Perdido,Bogotá,WhatsApp
TRX-13205,PROD-2631,2025-06-07,1,1402.59,13.59,1,Entregado,Barranquilla,Online
TRX-13206,PROD-1315,2025-11-13,9,1311.4,49.13,18,Entregado,Barranquilla,Físico
TRX-13207,PROD-2225,2025-12-22,10,1415.75,21.88,18,Entregado,Ventas_Web,Online
TRX-13208,PROD-1665,2025-03-31,11,1416.33,25.06,16,Perdido,Bogotá,WhatsApp
TRX-13209,PROD-3309,2026-01-24,7,1929.96,39.85,22,Entregado,Bogotá,Online
TRX-13210,PROD-1984,2025-10-04,2,699.53,77.33,16,Devuelto,Bucaramanga,Físico
TRX-13211,PROD-3321,2025-08-03,3,1758.39,75.68,5,Entregado,Medellín,App
TRX-13212,PROD-2593,2025-07-15,13,53.4,44.42,14,Retrasado,Medellín,WhatsApp
TRX-13213,PROD-3773,2025-03-18,8,583.52,16.27,22,Devuelto,Medellín,Físico
TRX-13214,PROD-3214,2026-01-24,7,106.83,31.67,1,En Camino,Medellín,Físico
TRX-13215,PROD-2358,2025-07-07,4,1305.9,53.01,6,Entregado,Bucaramanga,Físico
TRX-13216,PROD-2572,2025-07-13,4,210.57,52.345,27,En Camino,Ventas_Web,Físico
TRX-13217,PROD-1573,2025-09-05,9,1692.96,87.59,6,En Camino,Ventas_Web,WhatsApp
TRX-13218,PROD-3823,2025-04-17,5,1296.72,96.98,23,Perdido,Medellín,Físico
TRX-13219,PROD-3966,2025-04-25,14,67.34,65.56,12,Retrasado,Bogotá,Online
TRX-13220,PROD-1321,2025-09-01,13,1432.41,38.32,18,Desconocido,Bogotá,Físico
TRX-13221,PROD-3051,2025-02-10,11,1725.45,70.88,22,Retrasado,Bogotá,WhatsApp
TRX-13222,PROD-2416,2024-12-16,5,1325.63,36.94,9,En Camino,Bogotá,App
TRX-13223,PROD-1219,2025-03-23,7,70.74,64.42,16,Perdido,Cali,App
TRX-13224,PROD-1400,2025-08-20,1,1717.26,28.16,15,Devuelto,Medellín,Online
TRX-13225,PROD-2790,2025-01-28,3,1467.6,30.36,25,Entregado,Ventas_Web,Online
TRX-13226,PROD-1950,2025-06-18,2,763.12,12.15,2,Desconocido,Bogotá,Físico
TRX-13227,PROD-1311,2024-10-31,11,663.97,44.91,5,Devuelto,Bogotá,Físico
TRX-13228,PROD-2395,2024-10-15,10,964.84,52.345,29,Entregado,Bogotá,Online
TRX-13229,PROD-3478,2025-05-22,6,1735.53,63.73,23,En Camino,Bucaramanga,App
TRX-13230,PROD-3514,2025-09-23,11,511.6,79.94,21,Perdido,Barranquilla,WhatsApp
TRX-13231,PROD-3439,2025-01-07,12,210.92,81.98,13,Perdido,Ventas_Web,Físico
TRX-13232,PROD-2624,2025-09-05,6,1730.63,99.28,19,Desconocido,Barranquilla,WhatsApp
TRX-13233,PROD-2336,2025-02-11,10,62.32,13.34,1,Desconocido,Barranquilla,App
TRX-13234,PROD-1121,2025-02-14,1,1822.88,51.85,29,Retrasado,Medellín,Online
TRX-13235,PROD-3597,2025-06-29,14,618.43,54.53,16,Desconocido,Cali,App
TRX-13236,PROD-2119,2025-05-25,14,1021.36,81.43,7,Retrasado,Medellín,WhatsApp
TRX-13237,PROD-2845,2025-12-08,6,273.27,30.3,13,Devuelto,Medellín,App
TRX-13238,PROD-3009,2025-04-01,10,1805.49,11.59,24,Desconocido,Bucaramanga,App
TRX-13239,PROD-1934,2025-07-09,2,1502.17,34.81,22,Retrasado,Bogotá,Físico
TRX-13240,PROD-2457,2025-03-20,11,1849.07,52.345,16,Entregado,Medellín,Online
TRX-13241,PROD-3265,2025-01-12,4,1369.63,98.47,28,Perdido,Ventas_Web,WhatsApp
TRX-13242,PROD-2537,2025-04-24,6,377.54,90.45,12,Perdido,Barranquilla,WhatsApp
TRX-13243,PROD-2768,2025-02-07,3,623.45,42.55,7,En Camino,Cali,Físico
TRX-13244,PROD-1760,2025-10-01,3,978.83,88.25,25,En Camino,Ventas_Web,App
TRX-13245,PROD-3784,2025-04-10,12,1218.44,8.11,14,Desconocido,Bucaramanga,WhatsApp
TRX-13246,PROD-3399,2025-11-01,3,1853.65,34.85,18,Desconocido,Bogotá,Físico
TRX-13247,PROD-3706,2025-11-17,4,774.06,74.05,21,Devuelto,Bogotá,WhatsApp
TRX-13248,PROD-2556,2024-09-29,9,1409.11,26.04,19,En Camino,Cali,Físico
TRX-13249,PROD-1351,2025-09-03,4,1922.41,23.85,28,Entregado,Medellín,Físico
TRX-13250,PROD-3533,2024-10-05,13,313.22,86.87,13,Retrasado,Medellín,Online
TRX-13251,PROD-2209,2024-12-11,4,1726.79,63.52,2,Retrasado,Ventas_Web,Online
TRX-13252,PROD-2009,2025-07-05,4,847.21,52.345,19,Devuelto,Ventas_Web,App
TRX-13253,PROD-3920,2025-02-28,7,1467.52,98.96,4,Retrasado,Ventas_Web,Físico
TRX-13254,PROD-1301,2025-10-16,5,594.14,17.79,14,Perdido,Cali,WhatsApp
TRX-13255,PROD-1336,2025-11-12,12,674.63,38.83,2,Retrasado,Cali,App
TRX-13256,PROD-2097,2025-06-21,2,64.0,34.57,18,En Camino,Bogotá,Físico
TRX-13257,PROD-1631,2026-01-30,7,1943.09,88.61,24,Perdido,Bogotá,App
TRX-13258,PROD-2556,2025-04-11,3,1628.77,29.25,19,En Camino,Barranquilla,WhatsApp
TRX-13259,PROD-3915,2025-02-19,11,196.9,38.58,19,En Camino,Bogotá,WhatsApp
TRX-13260,PROD-3596,2025-12-14,1,1999.02,18.57,4,Devuelto,Bogotá,Online
TRX-13261,PROD-1631,2025-11-24,9,1214.0,78.66,27,Devuelto,Cali,App
TRX-13262,PROD-2595,2025-07-15,5,1708.92,27.58,21,Perdido,Bogotá,Online
TRX-13263,PROD-2297,2026-01-28,10,142.65,11.49,19,Retrasado,Cali,Físico
TRX-13264,PROD-2477,2025-07-12,1,785.01,52.345,22,Desconocido,Medellín,Físico
TRX-13265,PROD-1436,2025-08-22,11,1342.61,46.34,26,Desconocido,Cali,WhatsApp
TRX-13266,PROD-1374,2025-06-21,1,221.8,42.19,3,Entregado,Medellín,Físico
TRX-13267,PROD-1021,2024-11-04,1,982.92,21.87,8,Retrasado,Barranquilla,App
TRX-13268,PROD-2262,2026-01-03,12,890.93,17.69,4,Perdido,Bogotá,WhatsApp
TRX-13269,PROD-2821,2025-08-07,9,439.92,90.17,21,Entregado,Medellín,WhatsApp
TRX-13270,PROD-2474,2026-01-27,13,607.54,11.45,3,En Camino,Bogotá,App
TRX-13271,PROD-2104,2024-10-07,8,1934.57,14.43,5,En Camino,Bogotá,App
TRX-13272,PROD-1418,2025-05-28,11,584.41,28.28,11,Entregado,Ventas_Web,Online
TRX-13273,PROD-1542,2025-03-13,13,434.72,95.52,29,En Camino,Bogotá,Físico
TRX-13274,PROD-1357,2025-04-28,13,1077.06,13.11,23,Retrasado,Ventas_Web,WhatsApp
TRX-13275,PROD-1767,2025-02-06,6,1345.21,82.52,19,Devuelto,Barranquilla,Físico
TRX-13276,PROD-2765,2025-08-09,10,1452.94,52.345,19,Desconocido,Barranquilla,Online
TRX-13277,PROD-2838,2025-05-07,6,1510.95,89.74,17,Retrasado,Bucaramanga,Online
TRX-13278,PROD-3281,2024-11-05,6,83.3,40.9,2,En Camino,Medellín,WhatsApp
TRX-13279,PROD-3272,2024-10-12,4,793.58,32.92,20,Devuelto,Medellín,Físico
TRX-13280,PROD-3098,2026-01-28,5,1550.18,69.35,28,Retrasado,Barranquilla,Físico
TRX-13281,PROD-2671,2025-01-19,10,1810.66,71.75,9,Desconocido,Medellín,WhatsApp
TRX-13282,PROD-1423,2025-12-20,3,1208.38,79.1,3,En Camino,Barranquilla,WhatsApp
TRX-13283,PROD-1107,2025-05-14,3,114.09,83.9,10,Retrasado,Bogotá,Online
TRX-13284,PROD-1367,2025-12-24,10,799.33,30.5,21,En Camino,Bogotá,WhatsApp
TRX-13285,PROD-2449,2025-09-25,7,157.71,70.26,9,Perdido,Medellín,Online
TRX-13286,PROD-3270,2025-10-06,5,1499.59,17.82,20,Entregado,Cali,Físico
TRX-13287,PROD-1381,2025-11-13,8,136.38,53.52,4,En Camino,Cali,Físico
TRX-13288,PROD-3445,2025-08-24,5,379.6,52.345,22,Desconocido,Cali,Online
TRX-13289,PROD-3449,2025-09-13,12,839.75,63.22,7,Retrasado,Medellín,Físico
TRX-13290,PROD-2328,2025-06-11,4,930.67,20.36,12,Desconocido,Barranquilla,WhatsApp
TRX-13291,PROD-2577,2024-12-14,14,818.9,12.27,11,En Camino,Ventas_Web,Online
TRX-13292,PROD-1050,2024-10-23,3,932.16,23.5,22,En Camino,Cali,Físico
TRX-13293,PROD-2195,2025-08-10,12,1429.35,44.96,29,Desconocido,Medellín,App
TRX-13294,PROD-2694,2025-06-23,2,744.84,89.34,29,Retrasado,Medellín,App
TRX-13295,PROD-2588,2025-05-14,3,1100.02,55.53,29,Retrasado,Ventas_Web,Físico
TRX-13296,PROD-1346,2024-10-20,7,613.7,76.11,27,Devuelto,Ventas_Web,WhatsApp
TRX-13297,PROD-3968,2025-06-01,8,713.72,21.54,15,Desconocido,Cali,Online
TRX-13298,PROD-3291,2025-08-12,5,1231.46,15.07,20,Desconocido,Bucaramanga,App
TRX-13299,PROD-1994,2025-06-02,11,986.08,27.76,14,En Camino,Bucaramanga,WhatsApp
TRX-13301,PROD-3134,2025-05-19,1,1125.47,34.82,15,Entregado,Barranquilla,App
TRX-13302,PROD-1694,2026-01-25,3,1609.11,57.07,14,Desconocido,Medellín,App
TRX-13303,PROD-3807,2025-09-27,4,892.38,88.72,28,En Camino,Bucaramanga,App
TRX-13304,PROD-2559,2025-12-30,10,987.16,45.48,11,Retrasado,Medellín,Físico
TRX-13305,PROD-1694,2025-11-25,13,1343.24,54.29,10,Devuelto,Bogotá,Físico
TRX-13306,PROD-1568,2025-08-02,13,450.28,5.44,19,En Camino,Bucaramanga,WhatsApp
TRX-13307,PROD-2101,2025-03-16,12,778.0,8.16,3,Perdido,Bogotá,Online
TRX-13308,PROD-2233,2025-04-04,4,1253.43,12.96,12,Retrasado,Cali,Físico
TRX-13309,PROD-2099,2025-03-21,12,67.46,71.4,13,Perdido,Bucaramanga,Online
TRX-13310,PROD-3019,2025-11-16,1,879.57,51.19,7,Perdido,Ventas_Web,App
TRX-13311,PROD-1597,2025-10-12,10,1201.71,23.33,12,Desconocido,Bucaramanga,Físico
TRX-13312,PROD-1259,2025-07-14,9,1935.08,52.345,22,Entregado,Bogotá,App
TRX-13313,PROD-1684,2025-04-25,12,1755.26,61.3,2,Entregado,Barranquilla,Online
TRX-13314,PROD-2780,2026-01-09,10,568.68,56.74,1,Desconocido,Cali,Físico
TRX-13315,PROD-2130,2025-04-13,4,1019.35,13.44,6,En Camino,Cali,Físico
TRX-13316,PROD-2724,2025-05-30,2,122.26,65.84,25,Entregado,Bogotá,App
TRX-13317,PROD-2227,2025-09-19,13,489.1,77.88,19,En Camino,Cali,WhatsApp
TRX-13318,PROD-2983,2025-06-06,9,1551.96,32.22,25,En Camino,Cali,Físico
TRX-13319,PROD-1315,2024-12-06,14,255.39,70.31,6,Desconocido,Barranquilla,Online
TRX-13320,PROD-2479,2025-09-01,4,522.8,23.97,13,Retrasado,Cali,Físico
TRX-13321,PROD-2030,2025-04-12,4,1888.64,76.89,4,Retrasado,Barranquilla,App
TRX-13322,PROD-2010,2025-02-11,11,1649.47,91.62,26,Devuelto,Bogotá,Online
TRX-13323,PROD-3952,2025-04-16,6,1565.84,46.98,26,Entregado,Medellín,Físico
TRX-13324,PROD-3560,2025-04-09,8,1730.47,52.345,26,Desconocido,Barranquilla,App
TRX-13325,PROD-3030,2025-11-03,5,1501.72,28.24,14,Devuelto,Cali,App
TRX-13326,PROD-3432,2025-03-12,12,249.97,42.92,16,Desconocido,Bogotá,WhatsApp
TRX-13327,PROD-3525,2025-11-02,8,1037.96,28.76,28,Perdido,Bogotá,App
TRX-13328,PROD-1800,2025-08-04,1,894.05,5.12,29,En Camino,Bucaramanga,App
TRX-13329,PROD-2875,2025-05-08,13,629.19,66.79,2,En Camino,Bucaramanga,WhatsApp
TRX-13330,PROD-1438,2025-11-07,4,1669.74,9.04,9,Retrasado,Ventas_Web,WhatsApp
TRX-13331,PROD-1554,2025-12-06,1,933.64,24.99,13,Perdido,Ventas_Web,WhatsApp
TRX-13332,PROD-2247,2025-10-13,3,129.99,73.63,21,En Camino,Medellín,WhatsApp
TRX-13333,PROD-1027,2025-11-19,11,557.18,68.24,14,En Camino,Medellín,App
TRX-13334,PROD-2620,2025-03-20,7,464.96,11.97,14,Perdido,Bucaramanga,Online
TRX-13335,PROD-2360,2025-09-23,1,1776.08,67.71,5,Perdido,Medellín,App
TRX-13336,PROD-3540,2025-06-24,5,1298.4,52.345,2,En Camino,Bucaramanga,App
TRX-13337,PROD-2556,2024-11-23,1,1125.15,93.4,5,Perdido,Bogotá,Físico
TRX-13338,PROD-2349,2025-08-15,6,1018.23,12.08,6,Entregado,Bogotá,Online
TRX-13339,PROD-2803,2025-04-14,9,1303.72,44.49,2,Perdido,Bogotá,App
TRX-13340,PROD-2371,2025-12-17,3,1512.2,74.3,1,Devuelto,Barranquilla,Físico
TRX-13341,PROD-2763,2025-12-13,11,1113.23,68.43,16,Devuelto,Ventas_Web,Online
TRX-13342,PROD-3666,2025-09-24,11,1877.19,26.52,22,En Camino,Bucaramanga,Online
TRX-13343,PROD-3434,2025-02-02,14,1953.9,20.49,9,En Camino,Ventas_Web,App
TRX-13344,PROD-1557,2024-12-03,12,1990.73,79.5,25,Retrasado,Cali,Online
TRX-13345,PROD-2230,2024-12-09,6,1342.09,95.84,14,Perdido,Barranquilla,Físico
TRX-13346,PROD-2313,2025-03-30,4,1865.91,77.92,9,Devuelto,Medellín,Online
TRX-13347,PROD-3470,2025-09-13,6,814.91,96.5,29,Retrasado,Barranquilla,App
TRX-13348,PROD-3847,2024-12-02,2,1720.59,52.345,5,En Camino,Cali,WhatsApp
TRX-13349,PROD-1822,2025-06-12,4,1819.26,62.47,15,Desconocido,Bogotá,App
TRX-13350,PROD-2962,2025-07-25,13,1809.24,93.26,10,Desconocido,Cali,WhatsApp
TRX-13351,PROD-2286,2024-11-07,13,1663.38,70.59,15,Entregado,Cali,Físico
TRX-13352,PROD-1727,2025-05-04,7,819.13,91.34,17,Perdido,Bogotá,Online
TRX-13353,PROD-2631,2025-08-16,11,326.23,20.35,3,Retrasado,Ventas_Web,Físico
TRX-13354,PROD-2307,2025-05-30,6,674.57,82.48,8,Entregado,Bogotá,Online
TRX-13355,PROD-2193,2024-12-07,9,1536.9,23.69,25,Desconocido,Ventas_Web,Online
TRX-13356,PROD-3846,2024-12-05,11,473.44,7.61,4,En Camino,Bucaramanga,Online
TRX-13357,PROD-3592,2025-02-11,7,961.76,54.17,11,Devuelto,Medellín,WhatsApp
TRX-13358,PROD-3011,2024-12-04,1,1135.15,35.23,28,Retrasado,Bucaramanga,Online
TRX-13359,PROD-3358,2025-01-02,6,1211.68,9.14,19,Retrasado,Bogotá,WhatsApp
TRX-13360,PROD-1992,2024-12-25,11,1872.09,52.345,14,En Camino,Bogotá,App
TRX-13361,PROD-2334,2024-11-30,3,1326.37,98.13,18,En Camino,Barranquilla,WhatsApp
TRX-13362,PROD-2540,2024-11-26,8,1574.73,68.31,21,Devuelto,Bogotá,App
TRX-13363,PROD-2148,2025-04-03,13,1167.94,90.67,2,Devuelto,Bucaramanga,WhatsApp
TRX-13364,PROD-2609,2025-12-07,1,1668.82,99.91,27,Devuelto,Medellín,Físico
TRX-13365,PROD-2495,2024-11-23,10,534.69,42.24,9,Entregado,Ventas_Web,Online
TRX-13366,PROD-1466,2024-10-12,2,427.66,29.2,10,Entregado,Bogotá,Físico
TRX-13367,PROD-3309,2025-05-21,3,1853.38,22.47,27,En Camino,Medellín,Físico
TRX-13368,PROD-1818,2025-04-13,14,1390.03,53.94,25,Retrasado,Medellín,WhatsApp
TRX-13369,PROD-3425,2025-11-06,3,1346.34,62.58,13,Entregado,Medellín,WhatsApp
TRX-13370,PROD-3234,2025-07-19,7,939.92,49.88,19,En Camino,Cali,App
TRX-13371,PROD-1736,2025-04-05,13,759.63,41.79,4,Desconocido,Cali,Físico
TRX-13372,PROD-3792,2025-12-20,8,1115.83,52.345,28,Desconocido,Ventas_Web,Físico
TRX-13373,PROD-3253,2024-11-23,9,249.93,20.99,16,Entregado,Cali,WhatsApp
TRX-13374,PROD-1110,2025-01-07,7,914.88,46.98,12,Devuelto,Ventas_Web,Físico
TRX-13375,PROD-3978,2025-01-25,8,916.18,13.1,25,Desconocido,Medellín,Online
TRX-13376,PROD-2890,2025-07-20,11,1081.29,87.18,16,En Camino,Bucaramanga,Online
TRX-13377,PROD-3901,2025-06-16,6,1273.02,9.46,17,Desconocido,Cali,WhatsApp
TRX-13378,PROD-1858,2025-12-22,2,1915.06,41.16,16,Devuelto,Medellín,Físico
TRX-13379,PROD-2795,2026-01-12,1,1307.82,14.51,7,Perdido,Cali,Físico
TRX-13380,PROD-2193,2025-04-12,3,1768.61,78.62,2,Desconocido,Ventas_Web,Online
TRX-13381,PROD-3837,2025-03-03,9,1117.04,34.71,9,Retrasado,Barranquilla,WhatsApp
TRX-13382,PROD-1283,2025-09-01,13,1257.59,15.75,27,Devuelto,Medellín,Online
TRX-13383,PROD-2675,2025-07-21,7,148.98,55.49,12,Retrasado,Medellín,Físico
TRX-13384,PROD-3756,2025-01-12,2,275.19,52.345,13,En Camino,Medellín,WhatsApp
TRX-13385,PROD-3045,2025-08-25,14,1163.54,92.05,14,Perdido,Cali,Físico
TRX-13386,PROD-1570,2024-10-24,1,797.47,91.32,12,Retrasado,Barranquilla,WhatsApp
TRX-13387,PROD-3594,2025-12-25,2,1599.63,28.72,3,Desconocido,Barranquilla,Online
TRX-13388,PROD-2240,2024-12-29,3,1090.92,73.37,22,Entregado,Bogotá,Online
TRX-13389,PROD-1991,2026-01-07,14,1765.76,7.88,21,Desconocido,Bogotá,WhatsApp
TRX-13390,PROD-2034,2025-05-27,6,1944.94,17.53,16,Desconocido,Cali,WhatsApp
TRX-13391,PROD-3697,2025-06-10,12,303.79,52.45,18,En Camino,Medellín,Online
TRX-13392,PROD-1631,2025-04-01,9,795.71,26.73,25,Perdido,Medellín,Online
TRX-13393,PROD-3929,2024-10-21,8,1333.31,80.83,3,Entregado,Medellín,Físico
TRX-13394,PROD-2733,2024-11-09,10,617.92,93.45,22,Entregado,Barranquilla,WhatsApp
TRX-13395,PROD-2544,2026-01-31,9,541.39,5.41,9,Desconocido,Ventas_Web,WhatsApp
TRX-13396,PROD-1302,2025-05-30,11,1629.34,52.345,15,Perdido,Barranquilla,WhatsApp
TRX-13397,PROD-2839,2025-05-06,11,1960.95,27.13,8,Devuelto,Barranquilla,Online
TRX-13398,PROD-3449,2025-06-21,8,1549.87,46.76,10,Perdido,Medellín,Online
TRX-13399,PROD-2962,2025-02-22,7,1052.12,58.49,21,Perdido,Bogotá,Online
TRX-13401,PROD-2641,2025-08-16,6,1083.9,89.73,22,Retrasado,Bogotá,App
TRX-13402,PROD-3188,2025-07-04,8,931.05,65.53,3,Devuelto,Cali,Online
TRX-13403,PROD-3075,2025-03-21,6,1010.75,29.45,5,En Camino,Bogotá,WhatsApp
TRX-13404,PROD-3833,2025-07-21,2,414.87,79.41,6,Entregado,Ventas_Web,WhatsApp
TRX-13405,PROD-2713,2025-02-22,13,1808.45,24.25,14,Desconocido,Ventas_Web,WhatsApp
TRX-13406,PROD-3226,2025-05-14,9,1511.52,96.69,19,Retrasado,Barranquilla,Físico
TRX-13407,PROD-1150,2024-10-15,9,1365.15,5.55,26,Devuelto,Medellín,Online
TRX-13408,PROD-2472,2025-11-14,3,1900.35,52.345,18,Perdido,Medellín,WhatsApp
TRX-13409,PROD-3873,2025-12-17,9,575.94,59.13,26,Desconocido,Barranquilla,WhatsApp
TRX-13410,PROD-3199,2024-12-25,2,171.51,13.4,25,Desconocido,Medellín,Online
TRX-13411,PROD-3432,2025-09-27,12,1654.02,43.72,7,Retrasado,Bogotá,Online
TRX-13412,PROD-3613,2025-05-25,14,1996.85,65.32,4,Retrasado,Medellín,Online
TRX-13413,PROD-1348,2025-07-09,3,1161.08,70.51,29,Entregado,Bogotá,App
TRX-13414,PROD-1447,2025-03-01,14,127.03,79.63,3,En Camino,Bogotá,Online
TRX-13415,PROD-2016,2025-09-30,6,1563.13,61.37,13,Devuelto,Medellín,Online
TRX-13416,PROD-3693,2025-07-04,14,156.76,28.88,4,Desconocido,Cali,App
TRX-13417,PROD-3722,2024-10-01,4,1084.63,89.48,9,Desconocido,Bucaramanga,Online
TRX-13418,PROD-2454,2025-12-16,8,562.29,82.06,25,Devuelto,Ventas_Web,WhatsApp
TRX-13419,PROD-1681,2025-03-26,1,1830.9,20.2,28,Devuelto,Medellín,WhatsApp
TRX-13420,PROD-3650,2025-07-14,13,908.15,52.345,6,Perdido,Bogotá,WhatsApp
TRX-13421,PROD-3509,2025-02-04,6,1797.94,83.52,11,Perdido,Bucaramanga,WhatsApp
TRX-13422,PROD-1181,2025-01-10,2,605.17,97.4,28,Retrasado,Medellín,WhatsApp
TRX-13423,PROD-3306,2024-11-30,6,780.85,65.54,9,Desconocido,Bogotá,Físico
TRX-13424,PROD-3642,2025-02-05,14,1894.77,31.77,9,En Camino,Bogotá,App
TRX-13425,PROD-3774,2024-12-27,1,410.62,62.63,22,Entregado,Bogotá,Online
TRX-13426,PROD-3649,2025-01-19,2,1161.22,37.54,21,Desconocido,Cali,WhatsApp
TRX-13427,PROD-2636,2025-10-01,9,783.14,69.21,27,Entregado,Medellín,WhatsApp
TRX-13428,PROD-2358,2025-06-23,6,1550.59,56.76,19,En Camino,Cali,WhatsApp
TRX-13429,PROD-2763,2025-09-15,8,267.3,93.3,1,Devuelto,Cali,Físico
TRX-13430,PROD-1433,2025-09-23,7,880.06,63.7,4,En Camino,Bogotá,Online
TRX-13431,PROD-1043,2025-08-26,9,1400.88,25.33,1,Entregado,Medellín,Online
TRX-13432,PROD-1403,2025-03-18,9,819.96,52.345,13,Perdido,Cali,WhatsApp
TRX-13433,PROD-2059,2025-09-18,11,126.48,73.89,16,En Camino,Bogotá,Físico
TRX-13434,PROD-1909,2025-05-17,4,1413.17,33.58,12,Retrasado,Medellín,Físico
TRX-13435,PROD-3091,2025-06-21,7,1011.36,30.88,1,Perdido,Medellín,WhatsApp
TRX-13436,PROD-3124,2025-06-26,5,32.5,42.22,15,Retrasado,Medellín,WhatsApp
TRX-13437,PROD-3285,2025-02-07,7,1229.19,6.14,22,Retrasado,Barranquilla,Físico
TRX-13438,PROD-3377,2025-09-19,4,1840.56,97.07,27,En Camino,Bucaramanga,Online
TRX-13439,PROD-3816,2025-02-01,12,230.94,55.57,5,Retrasado,Barranquilla,Físico
TRX-13440,PROD-3356,2024-11-05,10,1185.44,78.48,23,Desconocido,Bucaramanga,Físico
TRX-13441,PROD-1905,2025-01-23,11,1460.05,29.5,1,Devuelto,Medellín,Online
TRX-13442,PROD-2825,2025-02-05,11,150.84,75.93,17,En Camino,Bucaramanga,Online
TRX-13443,PROD-2532,2025-09-24,1,55.0,58.88,8,Entregado,Medellín,Online
TRX-13444,PROD-2602,2025-09-30,4,933.75,52.345,22,Devuelto,Medellín,Online
TRX-13445,PROD-2896,2025-01-26,13,1584.46,45.29,8,Perdido,Barranquilla,App
TRX-13446,PROD-3783,2025-12-05,10,329.83,97.21,22,En Camino,Bogotá,Online
TRX-13447,PROD-3410,2025-06-24,3,1674.91,51.92,22,Entregado,Medellín,Físico
TRX-13448,PROD-3828,2026-01-30,9,1316.59,67.46,26,Entregado,Bogotá,Físico
TRX-13449,PROD-3049,2024-11-25,5,671.02,6.46,15,En Camino,Medellín,Online
TRX-13450,PROD-1617,2025-07-15,4,1036.49,33.64,23,Devuelto,Bucaramanga,Físico
TRX-13451,PROD-2412,2025-05-12,8,1931.49,89.43,12,Desconocido,Bogotá,Físico
TRX-13452,PROD-1100,2024-11-12,5,440.71,77.1,16,Entregado,Bogotá,App
TRX-13453,PROD-2977,2025-02-06,3,1004.08,55.99,18,En Camino,Medellín,App
TRX-13454,PROD-1428,2025-02-27,2,1252.73,90.52,3,En Camino,Ventas_Web,WhatsApp
TRX-13455,PROD-2210,2024-11-17,8,284.65,51.19,28,Desconocido,Cali,WhatsApp
TRX-13456,PROD-2703,2024-12-12,12,96.61,52.345,29,Retrasado,Bogotá,Online
TRX-13457,PROD-1351,2025-05-12,2,36.79,58.82,4,En Camino,Bogotá,App
TRX-13458,PROD-1475,2025-11-24,14,656.14,41.3,15,Entregado,Medellín,WhatsApp
TRX-13459,PROD-3990,2025-12-09,8,157.16,63.9,14,Retrasado,Barranquilla,Físico
TRX-13460,PROD-1580,2025-10-26,5,1609.5,35.31,1,Entregado,Cali,WhatsApp
TRX-13461,PROD-2426,2025-12-18,8,1994.67,41.62,25,Devuelto,Ventas_Web,Online
TRX-13462,PROD-2277,2025-08-14,5,131.99,96.8,25,Devuelto,Barranquilla,WhatsApp
TRX-13463,PROD-2405,2025-01-28,1,871.13,15.57,20,Entregado,Ventas_Web,Online
TRX-13464,PROD-2865,2025-01-26,12,61.21,15.0,17,Perdido,Bogotá,WhatsApp
TRX-13465,PROD-1847,2025-08-05,13,276.64,9.12,17,Perdido,Bogotá,WhatsApp
TRX-13466,PROD-3134,2024-12-11,11,652.62,35.4,22,Perdido,Barranquilla,Físico
TRX-13467,PROD-2978,2026-01-09,14,793.46,42.83,18,Entregado,Bogotá,Físico
TRX-13468,PROD-2426,2025-10-04,11,1880.17,52.345,1,En Camino,Cali,Físico
TRX-13469,PROD-2950,2025-09-14,2,797.72,13.98,26,Retrasado,Bucaramanga,Físico
TRX-13470,PROD-1399,2025-11-03,14,997.59,57.17,27,En Camino,Ventas_Web,App
TRX-13471,PROD-2794,2025-08-21,6,498.71,60.41,28,Desconocido,Bogotá,WhatsApp
TRX-13472,PROD-3957,2025-03-16,3,10.25,76.35,2,Entregado,Cali,Físico
TRX-13473,PROD-3853,2025-02-14,8,1799.68,97.72,23,Desconocido,Ventas_Web,Online
TRX-13474,PROD-2853,2025-12-07,5,172.61,63.84,16,Desconocido,Medellín,App
TRX-13475,PROD-2306,2025-01-26,3,1928.86,15.61,14,En Camino,Medellín,Online
TRX-13476,PROD-1275,2025-03-23,12,270.38,13.41,20,Desconocido,Bogotá,Físico
TRX-13477,PROD-2229,2025-04-29,10,1213.71,78.87,23,Devuelto,Cali,WhatsApp
TRX-13478,PROD-1183,2025-12-02,7,1998.83,66.78,23,Retrasado,Medellín,WhatsApp
TRX-13479,PROD-3911,2025-06-27,14,285.54,20.38,20,Entregado,Bucaramanga,WhatsApp
TRX-13480,PROD-1471,2026-01-20,8,853.65,52.345,29,Retrasado,Barranquilla,Físico
TRX-13481,PROD-1092,2024-12-14,4,1563.04,29.07,18,Perdido,Barranquilla,Online
TRX-13482,PROD-2405,2025-11-19,13,74.06,76.27,9,Perdido,Medellín,WhatsApp
TRX-13483,PROD-3654,2026-01-18,13,1382.67,58.78,14,Devuelto,Bogotá,Online
TRX-13484,PROD-1447,2025-02-10,11,169.94,60.58,13,Entregado,Barranquilla,Físico
TRX-13485,PROD-3773,2025-08-22,9,480.68,24.95,26,Perdido,Ventas_Web,WhatsApp
TRX-13486,PROD-1673,2026-01-31,6,328.55,64.76,14,Retrasado,Bogotá,App
TRX-13487,PROD-1999,2024-12-26,14,1815.6,78.21,26,Retrasado,Bogotá,Físico
TRX-13488,PROD-3113,2025-09-22,1,369.11,89.1,19,Devuelto,Barranquilla,App
TRX-13489,PROD-1714,2025-04-04,5,90.46,74.99,17,Desconocido,Bucaramanga,Físico
TRX-13490,PROD-3260,2025-01-10,5,1179.38,59.76,27,Perdido,Ventas_Web,App
TRX-13491,PROD-1655,2024-11-13,7,698.9,68.96,8,En Camino,Medellín,Físico
TRX-13492,PROD-2355,2025-01-03,7,817.36,52.345,4,Perdido,Ventas_Web,Online
TRX-13493,PROD-3293,2025-01-01,6,246.93,51.09,9,Devuelto,Cali,Online
TRX-13494,PROD-2746,2025-02-11,8,1498.99,26.56,24,Perdido,Medellín,WhatsApp
TRX-13495,PROD-2892,2025-04-11,2,1207.09,88.81,27,Entregado,Barranquilla,WhatsApp
TRX-13496,PROD-1949,2025-12-24,14,734.79,55.6,11,Devuelto,Cali,WhatsApp
TRX-13497,PROD-2659,2025-08-07,13,351.43,61.46,7,En Camino,Bogotá,Físico
TRX-13498,PROD-3579,2025-04-09,13,1190.97,99.06,15,Retrasado,Bogotá,WhatsApp
TRX-13499,PROD-1755,2025-07-03,7,1559.41,98.58,25,Perdido,Bucaramanga,Físico
TRX-13501,PROD-3623,2025-04-27,10,61.46,8.23,20,Retrasado,Bogotá,App
TRX-13502,PROD-3692,2024-11-07,7,436.54,42.63,29,Devuelto,Bucaramanga,Físico
TRX-13503,PROD-2770,2024-10-20,4,1367.97,94.04,5,Retrasado,Bogotá,App
TRX-13504,PROD-2620,2024-09-24,12,1978.3,52.345,16,Desconocido,Medellín,Online
TRX-13505,PROD-1119,2025-10-10,10,36.62,32.39,21,Desconocido,Medellín,Online
TRX-13506,PROD-3515,2024-10-09,2,619.25,99.93,12,Desconocido,Medellín,Físico
TRX-13507,PROD-1808,2025-08-03,4,133.42,13.01,17,Desconocido,Medellín,Online
TRX-13508,PROD-2841,2025-12-02,4,639.54,58.97,25,Entregado,Ventas_Web,App
TRX-13509,PROD-3425,2025-10-15,12,817.77,53.97,15,Desconocido,Medellín,WhatsApp
TRX-13510,PROD-2759,2024-12-08,12,1842.52,29.26,25,Devuelto,Bucaramanga,WhatsApp
TRX-13511,PROD-2592,2026-01-01,6,170.32,95.12,21,Devuelto,Bucaramanga,Físico
TRX-13512,PROD-1018,2025-10-14,14,1556.5,63.82,26,Perdido,Medellín,Online
TRX-13513,PROD-3886,2025-09-28,7,797.11,26.87,19,Devuelto,Bogotá,WhatsApp
TRX-13514,PROD-1879,2025-03-06,3,1624.41,41.48,24,Entregado,Medellín,WhatsApp
TRX-13515,PROD-1842,2024-12-28,10,1031.67,73.52,7,Perdido,Medellín,WhatsApp
TRX-13516,PROD-2140,2025-01-05,1,88.17,52.345,21,Entregado,Ventas_Web,Físico
TRX-13517,PROD-3882,2024-10-16,3,1892.95,33.28,12,En Camino,Barranquilla,Online
TRX-13518,PROD-1256,2025-04-10,9,174.64,88.56,17,Perdido,Bogotá,Online
TRX-13519,PROD-3364,2024-10-27,1,1199.39,20.74,7,Devuelto,Barranquilla,WhatsApp
TRX-13520,PROD-1416,2024-09-24,13,1756.56,30.13,11,Devuelto,Bogotá,Online
TRX-13521,PROD-3199,2025-07-08,8,168.74,18.77,1,Devuelto,Cali,Online
TRX-13522,PROD-1765,2025-08-20,2,1112.25,14.9,17,En Camino,Medellín,WhatsApp
TRX-13523,PROD-2498,2025-08-30,6,1650.34,33.53,25,Entregado,Ventas_Web,Físico
TRX-13524,PROD-2335,2025-12-27,3,1972.79,99.92,22,Devuelto,Ventas_Web,WhatsApp
TRX-13525,PROD-1807,2025-02-07,7,1451.41,13.96,7,Desconocido,Ventas_Web,Online
TRX-13526,PROD-2874,2025-08-25,2,563.89,25.24,2,Retrasado,Bucaramanga,Online
TRX-13527,PROD-1466,2024-11-23,4,1402.14,30.8,11,Desconocido,Cali,Online
TRX-13528,PROD-2074,2025-07-18,10,1414.48,52.345,16,Devuelto,Ventas_Web,Físico
TRX-13529,PROD-3747,2025-04-07,9,1402.93,63.82,15,Perdido,Medellín,Online
TRX-13530,PROD-3004,2025-10-04,6,1709.98,75.81,8,Perdido,Bucaramanga,Online
TRX-13531,PROD-3161,2024-11-20,4,183.89,76.43,15,Retrasado,Bucaramanga,Online
TRX-13532,PROD-3617,2025-06-14,2,225.76,5.82,7,En Camino,Medellín,Físico
TRX-13533,PROD-2283,2025-08-21,10,1284.83,66.93,5,Perdido,Medellín,WhatsApp
TRX-13534,PROD-3445,2025-03-29,14,1908.22,64.92,8,En Camino,Bogotá,Online
TRX-13535,PROD-2591,2024-11-24,9,937.02,54.18,2,En Camino,Cali,Online
TRX-13536,PROD-3503,2025-07-27,4,1921.52,41.02,6,Retrasado,Ventas_Web,Físico
TRX-13537,PROD-2607,2025-06-28,9,1876.79,80.76,4,Perdido,Barranquilla,App
TRX-13538,PROD-3404,2024-10-22,14,1806.79,37.67,7,Desconocido,Bucaramanga,Físico
TRX-13539,PROD-1467,2025-03-12,2,1820.6,26.85,6,Devuelto,Bogotá,App
TRX-13540,PROD-2425,2025-12-18,7,1797.65,52.345,28,Desconocido,Cali,App
TRX-13541,PROD-2441,2024-10-13,11,1641.58,34.46,22,Desconocido,Bucaramanga,App
TRX-13542,PROD-2875,2025-07-18,11,1393.01,46.77,5,Desconocido,Bogotá,App
TRX-13543,PROD-3528,2025-04-11,5,58.57,25.34,27,En Camino,Medellín,App
TRX-13544,PROD-1706,2025-02-04,8,273.18,62.72,5,En Camino,Medellín,Físico
TRX-13545,PROD-3759,2025-06-21,11,277.12,89.0,18,Perdido,Medellín,Online
TRX-13546,PROD-3891,2024-10-15,14,56.85,61.57,11,Perdido,Medellín,Físico
TRX-13547,PROD-2218,2025-12-08,8,242.24,47.43,23,Desconocido,Medellín,WhatsApp
TRX-13548,PROD-3516,2024-12-18,14,1840.3,80.7,23,Retrasado,Medellín,Físico
TRX-13549,PROD-3417,2024-10-23,14,1330.97,76.06,8,Entregado,Ventas_Web,Online
TRX-13550,PROD-1347,2025-01-21,4,631.03,39.87,20,Desconocido,Barranquilla,Online
TRX-13551,PROD-3752,2024-11-30,13,1588.79,62.39,11,Desconocido,Barranquilla,WhatsApp
TRX-13552,PROD-1548,2025-02-03,4,981.86,52.345,27,Entregado,Bucaramanga,WhatsApp
TRX-13553,PROD-2282,2025-09-28,8,292.83,74.34,27,Entregado,Ventas_Web,Físico
TRX-13554,PROD-1482,2025-12-15,3,1770.16,28.32,29,En Camino,Bucaramanga,Físico
TRX-13555,PROD-1977,2025-08-03,7,683.94,39.8,25,Retrasado,Cali,WhatsApp
TRX-13556,PROD-2250,2026-01-31,8,1400.73,15.05,26,Entregado,Medellín,WhatsApp
TRX-13557,PROD-1479,2025-11-08,8,588.28,98.83,19,Desconocido,Bogotá,Físico
TRX-13558,PROD-1749,2025-02-15,11,1005.14,13.16,19,Perdido,Medellín,WhatsApp
TRX-13559,PROD-2529,2026-01-07,10,1634.34,21.02,29,Desconocido,Medellín,WhatsApp
TRX-13560,PROD-3840,2025-08-21,4,321.99,50.58,2,En Camino,Bogotá,Físico
TRX-13561,PROD-1579,2026-01-16,9,1954.73,87.2,10,En Camino,Ventas_Web,Online
TRX-13562,PROD-3092,2025-10-21,10,149.73,38.81,7,Desconocido,Bogotá,WhatsApp
TRX-13563,PROD-2591,2025-06-12,4,1072.68,78.02,12,Perdido,Medellín,App
TRX-13564,PROD-2713,2025-07-12,8,1832.89,52.345,26,Retrasado,Bogotá,WhatsApp
TRX-13565,PROD-3442,2026-01-15,6,1891.93,69.22,2,Retrasado,Bogotá,Físico
TRX-13566,PROD-1564,2025-11-25,5,471.9,65.67,7,Entregado,Medellín,App
TRX-13567,PROD-3354,2024-12-17,4,296.53,85.28,19,Perdido,Barranquilla,App
TRX-13568,PROD-2571,2024-10-08,5,1451.56,6.35,1,Devuelto,Barranquilla,WhatsApp
TRX-13569,PROD-2732,2025-04-26,13,93.53,93.27,11,Retrasado,Ventas_Web,Físico
TRX-13570,PROD-1760,2025-01-16,11,975.63,83.78,8,Entregado,Bogotá,Físico
TRX-13571,PROD-2993,2025-01-18,1,1594.75,94.1,8,En Camino,Ventas_Web,WhatsApp
TRX-13572,PROD-3603,2025-06-19,7,1124.91,80.39,14,Retrasado,Bucaramanga,Online
TRX-13573,PROD-3201,2025-10-22,8,384.15,88.47,13,Devuelto,Barranquilla,App
TRX-13574,PROD-3840,2026-01-02,12,979.22,24.29,10,En Camino,Medellín,Físico
TRX-13575,PROD-3642,2025-08-31,9,1843.34,35.33,17,En Camino,Bogotá,Físico
TRX-13576,PROD-1709,2025-03-03,13,1238.25,52.345,27,Perdido,Bogotá,WhatsApp
TRX-13577,PROD-3272,2025-03-29,3,1445.77,34.95,6,Perdido,Medellín,WhatsApp
TRX-13578,PROD-1683,2025-01-04,9,679.17,15.37,20,Desconocido,Cali,Online
TRX-13579,PROD-3005,2025-02-10,10,385.08,74.31,21,Retrasado,Bogotá,WhatsApp
TRX-13580,PROD-2183,2025-03-08,5,518.73,17.94,14,Devuelto,Bogotá,Físico
TRX-13581,PROD-1574,2025-07-19,10,1071.02,9.99,24,Perdido,Medellín,App
TRX-13582,PROD-1766,2024-10-20,6,567.64,78.67,8,Entregado,Ventas_Web,Físico
TRX-13583,PROD-2288,2025-11-20,1,1088.51,90.94,7,En Camino,Bogotá,Físico
TRX-13584,PROD-2847,2025-06-21,9,1418.51,77.59,5,Entregado,Ventas_Web,WhatsApp
TRX-13585,PROD-3537,2024-11-11,9,1471.45,83.41,6,En Camino,Bucaramanga,Online
TRX-13586,PROD-1219,2025-09-28,6,337.72,61.58,8,Entregado,Bucaramanga,App
TRX-13587,PROD-2470,2025-02-25,8,1503.36,89.34,21,En Camino,Bogotá,WhatsApp
TRX-13588,PROD-1039,2025-08-12,4,1348.65,52.345,3,Perdido,Barranquilla,App
TRX-13589,PROD-2984,2025-09-05,5,33.89,52.19,9,Entregado,Bucaramanga,WhatsApp
TRX-13590,PROD-1559,2025-01-21,5,127.16,98.89,25,Retrasado,Medellín,App
TRX-13591,PROD-1799,2025-12-10,7,1296.04,14.82,10,Retrasado,Cali,Físico
TRX-13592,PROD-2572,2025-02-09,7,773.57,81.87,1,Devuelto,Ventas_Web,Físico
TRX-13593,PROD-3300,2024-10-08,7,300.75,65.93,7,Devuelto,Medellín,WhatsApp
TRX-13594,PROD-3070,2025-07-28,5,98.35,60.16,20,Desconocido,Medellín,WhatsApp
TRX-13595,PROD-3674,2025-12-04,4,327.2,73.95,6,Devuelto,Bogotá,Físico
TRX-13596,PROD-3027,2024-11-10,8,1915.45,84.83,13,Entregado,Medellín,WhatsApp
TRX-13597,PROD-2675,2025-03-05,1,1457.86,86.97,7,En Camino,Bogotá,App
TRX-13598,PROD-3804,2024-11-23,1,1060.13,21.66,8,Desconocido,Cali,App
TRX-13599,PROD-3014,2025-08-28,6,1883.67,23.72,27,Devuelto,Bogotá,WhatsApp
TRX-13601,PROD-3908,2025-07-31,2,1454.03,6.54,21,Retrasado,Medellín,App
TRX-13602,PROD-2818,2025-10-03,12,572.48,17.53,5,Retrasado,Medellín,Físico
TRX-13603,PROD-3001,2025-09-03,3,1182.07,30.07,12,Perdido,Bogotá,Online
TRX-13604,PROD-1685,2025-02-19,4,295.52,73.5,6,Retrasado,Medellín,App
TRX-13605,PROD-1338,2025-10-03,14,814.92,50.2,23,Entregado,Bogotá,WhatsApp
TRX-13606,PROD-3315,2024-12-04,2,76.15,77.0,15,Perdido,Bogotá,Online
TRX-13607,PROD-1126,2024-11-30,10,441.09,51.22,21,Entregado,Barranquilla,App
TRX-13608,PROD-1903,2025-12-31,7,158.99,57.78,21,Desconocido,Cali,Online
TRX-13609,PROD-2196,2025-03-18,10,781.68,15.55,28,Retrasado,Medellín,Online
TRX-13610,PROD-1133,2025-09-11,1,1687.64,78.77,4,Perdido,Cali,Online
TRX-13611,PROD-2125,2024-09-24,3,762.09,77.02,17,Perdido,Ventas_Web,Físico
TRX-13612,PROD-1920,2025-07-28,2,1664.96,52.345,14,Desconocido,Bogotá,Online
TRX-13613,PROD-3202,2025-01-19,13,1316.43,34.22,7,Desconocido,Bogotá,Físico
TRX-13614,PROD-2182,2024-09-29,9,1023.96,36.21,23,Desconocido,Medellín,WhatsApp
TRX-13615,PROD-1688,2025-06-04,8,481.41,25.87,13,Perdido,Bogotá,WhatsApp
TRX-13616,PROD-2873,2026-01-19,3,1845.09,82.31,22,Retrasado,Ventas_Web,Online
TRX-13617,PROD-3316,2025-12-27,5,117.86,75.97,10,Retrasado,Barranquilla,Físico
TRX-13618,PROD-3028,2025-10-31,3,1380.94,62.87,18,Retrasado,Bogotá,App
TRX-13619,PROD-3251,2026-01-13,14,1246.27,27.69,2,Devuelto,Barranquilla,WhatsApp
TRX-13620,PROD-3092,2025-11-10,11,887.67,21.33,22,Devuelto,Bogotá,App
TRX-13621,PROD-1463,2024-12-06,13,488.24,9.78,12,En Camino,Medellín,Online
TRX-13622,PROD-3345,2025-09-08,12,867.08,9.33,13,Perdido,Cali,Físico
TRX-13623,PROD-1467,2025-04-05,11,1746.82,22.78,25,Retrasado,Bogotá,App
TRX-13624,PROD-2097,2025-03-28,12,1675.16,52.345,21,Perdido,Medellín,Físico
TRX-13625,PROD-3224,2025-12-16,11,1883.35,14.55,7,Desconocido,Ventas_Web,WhatsApp
TRX-13626,PROD-2502,2026-01-31,6,622.51,57.83,18,Entregado,Bucaramanga,WhatsApp
TRX-13627,PROD-3220,2024-09-25,5,780.34,39.02,22,Entregado,Medellín,Físico
TRX-13628,PROD-1170,2025-03-25,11,47.27,47.27,11,Retrasado,Bogotá,WhatsApp
TRX-13629,PROD-3944,2025-08-23,2,1886.47,61.44,22,Devuelto,Medellín,WhatsApp
TRX-13630,PROD-2807,2025-06-22,14,665.49,67.61,10,En Camino,Barranquilla,WhatsApp
TRX-13631,PROD-3237,2025-09-25,10,814.29,66.58,22,Devuelto,Bogotá,App
TRX-13632,PROD-1895,2024-11-13,8,1816.53,29.78,6,Perdido,Ventas_Web,WhatsApp
TRX-13633,PROD-2741,2025-06-12,6,1057.93,81.91,14,Devuelto,Cali,Físico
TRX-13634,PROD-1419,2025-09-25,14,1136.69,92.18,20,Retrasado,Bogotá,WhatsApp
TRX-13635,PROD-3677,2025-02-02,3,360.7,35.01,5,Desconocido,Bogotá,Físico
TRX-13636,PROD-2013,2026-01-17,13,1002.33,52.345,20,Desconocido,Bucaramanga,Físico
TRX-13637,PROD-2219,2025-05-05,13,1837.24,6.62,6,Devuelto,Bogotá,App
TRX-13638,PROD-1132,2025-07-29,1,1121.85,90.42,9,Entregado,Bucaramanga,Físico
TRX-13639,PROD-2842,2024-11-22,5,517.68,92.74,29,Retrasado,Bucaramanga,App
TRX-13640,PROD-2076,2025-09-22,12,72.05,9.84,5,Retrasado,Medellín,Físico
TRX-13641,PROD-2427,2024-10-08,11,679.24,5.47,5,Retrasado,Bucaramanga,Físico
TRX-13642,PROD-1356,2025-05-09,2,1149.46,82.56,19,Devuelto,Bucaramanga,App
TRX-13643,PROD-2798,2025-04-05,13,94.8,33.64,13,Entregado,Medellín,App
TRX-13644,PROD-1480,2025-05-31,2,1223.49,91.89,27,Devuelto,Bogotá,Físico
TRX-13645,PROD-1970,2025-12-09,9,1051.59,25.59,23,Perdido,Bogotá,Físico
TRX-13646,PROD-1859,2025-07-22,11,1569.04,86.81,5,Desconocido,Cali,Online
TRX-13647,PROD-3408,2024-11-09,13,67.49,11.52,14,En Camino,Medellín,Físico
TRX-13648,PROD-3822,2025-05-15,10,1563.89,52.345,2,En Camino,Barranquilla,App
TRX-13649,PROD-2436,2025-01-21,7,1046.55,29.76,25,Desconocido,Bogotá,Físico
TRX-13650,PROD-3911,2026-02-03,6,747.35,97.45,5,En Camino,Cali,Online
TRX-13651,PROD-3499,2025-08-08,13,1931.11,26.96,23,Desconocido,Barranquilla,Físico
TRX-13652,PROD-3591,2024-11-11,1,328.64,17.64,28,Perdido,Medellín,WhatsApp
TRX-13653,PROD-2753,2026-01-04,14,1087.24,86.42,23,Perdido,Cali,Online
TRX-13654,PROD-1679,2024-11-02,10,648.75,16.19,26,Perdido,Cali,App
TRX-13655,PROD-3523,2025-12-22,2,1059.7,14.26,12,Entregado,Medellín,WhatsApp
TRX-13656,PROD-1570,2024-10-14,11,1109.03,35.73,24,Retrasado,Ventas_Web,App
TRX-13657,PROD-1846,2025-09-28,7,188.0,65.36,20,Desconocido,Bucaramanga,Físico
TRX-13658,PROD-1847,2025-03-23,3,1325.66,72.52,7,Perdido,Medellín,Online
TRX-13659,PROD-1243,2024-09-27,2,1272.62,88.72,3,En Camino,Bogotá,App
TRX-13660,PROD-3335,2025-02-14,6,1541.24,52.345,9,Desconocido,Medellín,Físico
TRX-13661,PROD-2436,2025-09-14,8,190.41,56.39,15,En Camino,Bogotá,App
TRX-13662,PROD-3180,2024-12-09,8,601.54,42.37,15,Desconocido,Cali,WhatsApp
TRX-13663,PROD-2151,2025-05-11,11,1303.72,39.09,8,Desconocido,Bogotá,Físico
TRX-13664,PROD-3444,2025-07-16,2,282.09,85.46,28,Devuelto,Ventas_Web,Online
TRX-13665,PROD-3206,2025-09-05,6,1358.42,73.76,26,Retrasado,Bogotá,Físico
TRX-13666,PROD-1689,2026-01-14,12,127.46,91.02,16,Perdido,Medellín,App
TRX-13667,PROD-2325,2025-04-19,5,676.51,96.58,25,Retrasado,Bogotá,Físico
TRX-13668,PROD-3883,2025-03-04,7,1694.96,33.5,2,Perdido,Bogotá,App
TRX-13669,PROD-2198,2025-03-09,4,1550.84,55.32,20,En Camino,Ventas_Web,Online
TRX-13670,PROD-2185,2025-06-27,12,1293.07,65.02,1,Retrasado,Bucaramanga,App
TRX-13671,PROD-3345,2025-05-17,13,1742.21,20.57,24,Retrasado,Bucaramanga,WhatsApp
TRX-13672,PROD-2095,2025-03-17,2,1421.45,52.345,29,Perdido,Barranquilla,App
TRX-13673,PROD-3107,2024-11-14,10,1043.56,10.07,4,Perdido,Medellín,Online
TRX-13674,PROD-3782,2025-09-06,3,1959.64,87.44,4,Retrasado,Barranquilla,WhatsApp
TRX-13675,PROD-1390,2024-10-02,9,1392.76,55.87,23,Desconocido,Bogotá,Online
TRX-13676,PROD-1555,2025-02-15,10,1206.72,59.22,6,Perdido,Barranquilla,Físico
TRX-13677,PROD-2685,2025-05-07,8,823.65,57.72,3,Retrasado,Bucaramanga,Online
TRX-13678,PROD-1242,2025-05-16,13,1805.8,76.72,8,Devuelto,Bogotá,WhatsApp
TRX-13679,PROD-2135,2025-12-30,9,598.46,18.82,2,Retrasado,Bogotá,App
TRX-13680,PROD-3686,2025-05-22,5,28.35,63.33,29,Entregado,Medellín,Físico
TRX-13681,PROD-1519,2025-07-24,13,401.51,49.6,17,Retrasado,Bucaramanga,Online
TRX-13682,PROD-3873,2024-12-02,5,227.94,90.21,28,Desconocido,Bogotá,App
TRX-13683,PROD-1543,2025-02-27,7,644.8,54.36,12,Devuelto,Barranquilla,Online
TRX-13684,PROD-2022,2024-10-11,7,1653.5,52.345,29,Devuelto,Medellín,App
TRX-13685,PROD-1599,2024-11-16,1,1306.54,94.58,12,Desconocido,Bucaramanga,Online
TRX-13686,PROD-3913,2025-12-10,12,346.27,38.56,15,En Camino,Bogotá,Físico
TRX-13687,PROD-2319,2025-04-25,14,1579.76,96.85,18,Desconocido,Barranquilla,Físico
TRX-13688,PROD-2013,2025-12-22,5,1013.4,88.14,9,En Camino,Barranquilla,Físico
TRX-13689,PROD-3769,2025-04-19,8,1030.3,60.51,21,Entregado,Bogotá,App
TRX-13690,PROD-2608,2024-10-13,7,730.6,38.6,5,Perdido,Ventas_Web,Físico
TRX-13691,PROD-3004,2025-07-01,11,1730.59,40.71,22,Perdido,Bogotá,Físico
TRX-13692,PROD-1582,2025-05-29,2,643.47,78.41,3,Devuelto,Bogotá,Físico
TRX-13693,PROD-3365,2024-10-20,14,197.34,60.16,17,Devuelto,Bogotá,App
TRX-13694,PROD-3590,2025-11-19,8,612.43,43.15,29,En Camino,Bucaramanga,Físico
TRX-13695,PROD-2100,2025-11-13,2,1433.55,65.43,24,Devuelto,Cali,WhatsApp
TRX-13696,PROD-3571,2025-07-15,10,1318.59,52.345,23,Retrasado,Ventas_Web,Físico
TRX-13697,PROD-2696,2025-04-21,1,384.15,74.66,12,Retrasado,Barranquilla,Online
TRX-13698,PROD-2536,2025-07-04,11,232.45,7.18,14,Entregado,Bogotá,App
TRX-13699,PROD-2851,2024-10-12,11,1325.12,13.54,8,Retrasado,Medellín,Físico
TRX-13701,PROD-3595,2025-08-18,14,738.64,27.03,2,En Camino,Barranquilla,Físico
TRX-13702,PROD-1381,2025-10-23,11,1687.17,45.56,21,Retrasado,Cali,Online
TRX-13703,PROD-2650,2025-01-20,3,1956.63,81.35,2,Entregado,Barranquilla,Online
TRX-13704,PROD-3111,2024-12-28,3,419.23,38.35,29,Perdido,Barranquilla,Online
TRX-13705,PROD-2139,2025-01-20,6,1158.37,6.66,24,Entregado,Cali,Físico
TRX-13706,PROD-3845,2024-10-17,12,20.64,50.92,16,Desconocido,Bogotá,App
TRX-13707,PROD-2511,2025-02-22,3,1428.98,99.68,20,Retrasado,Ventas_Web,App
TRX-13708,PROD-2862,2025-05-25,7,834.42,52.345,11,Entregado,Barranquilla,Online
TRX-13709,PROD-2999,2025-06-09,8,394.61,38.16,20,Desconocido,Bucaramanga,Físico
TRX-13710,PROD-2340,2024-09-26,3,1506.92,96.32,10,En Camino,Ventas_Web,App
TRX-13711,PROD-3383,2025-10-20,9,1623.19,14.63,8,Devuelto,Cali,Físico
TRX-13712,PROD-1010,2025-02-12,1,231.22,21.44,7,Perdido,Medellín,WhatsApp
TRX-13713,PROD-1381,2025-07-01,3,91.58,73.79,1,En Camino,Ventas_Web,Online
TRX-13714,PROD-3993,2025-08-23,12,674.82,52.62,23,Perdido,Bogotá,Online
TRX-13715,PROD-2877,2025-09-03,3,1255.72,77.69,10,Perdido,Medellín,WhatsApp
TRX-13716,PROD-3600,2025-04-30,7,1588.9,87.04,19,Desconocido,Bogotá,Físico
TRX-13717,PROD-3720,2025-08-15,11,1096.66,28.85,5,Entregado,Barranquilla,App
TRX-13718,PROD-3856,2025-03-01,11,1165.69,69.87,24,Devuelto,Medellín,App
TRX-13719,PROD-2467,2024-12-07,5,1601.72,62.72,22,Entregado,Barranquilla,WhatsApp
TRX-13720,PROD-1259,2024-12-30,4,1062.4,52.345,8,Entregado,Medellín,Online
TRX-13721,PROD-3189,2025-03-21,2,1226.2,86.85,21,Retrasado,Bucaramanga,Físico
TRX-13722,PROD-2629,2025-01-27,7,1037.27,45.86,26,Entregado,Bogotá,WhatsApp
TRX-13723,PROD-1892,2024-10-24,3,1762.11,9.93,9,Devuelto,Barranquilla,WhatsApp
TRX-13724,PROD-2759,2025-06-14,7,478.68,59.55,29,En Camino,Bogotá,Online
TRX-13725,PROD-1867,2025-08-22,10,535.35,96.09,13,Desconocido,Medellín,App
TRX-13726,PROD-3026,2024-10-05,12,264.64,6.39,14,Entregado,Bogotá,Físico
TRX-13727,PROD-2099,2025-12-06,7,1640.74,27.82,27,Devuelto,Bogotá,Físico
TRX-13728,PROD-2322,2025-10-07,11,829.44,35.03,6,Entregado,Barranquilla,Online
TRX-13729,PROD-2161,2025-11-24,2,702.31,77.75,11,Desconocido,Medellín,Físico
TRX-13730,PROD-2383,2026-01-16,7,1962.88,35.71,9,Perdido,Medellín,Físico
TRX-13731,PROD-3241,2025-09-09,6,1854.34,27.71,13,Desconocido,Ventas_Web,Físico
TRX-13732,PROD-3367,2025-08-27,10,1944.26,52.345,4,Entregado,Medellín,Físico
TRX-13733,PROD-1534,2025-11-10,4,293.18,66.61,2,Retrasado,Bucaramanga,Online
TRX-13734,PROD-3318,2025-10-27,11,1783.59,9.41,24,Perdido,Medellín,Físico
TRX-13735,PROD-2987,2025-10-23,5,664.13,21.21,21,Devuelto,Bogotá,App
TRX-13736,PROD-2407,2025-04-12,12,35.19,43.76,2,Desconocido,Ventas_Web,Online
TRX-13737,PROD-3795,2025-12-16,8,788.68,38.78,22,Entregado,Medellín,Físico
TRX-13738,PROD-1198,2024-10-10,5,1023.3,37.98,13,Perdido,Medellín,WhatsApp
TRX-13739,PROD-1188,2025-10-24,3,225.36,15.31,19,Perdido,Ventas_Web,Online
TRX-13740,PROD-1407,2024-12-24,2,1079.98,39.28,1,En Camino,Cali,App
TRX-13741,PROD-3564,2025-06-29,6,1640.73,80.81,28,Perdido,Medellín,Físico
TRX-13742,PROD-2882,2025-09-15,6,761.53,44.32,6,Desconocido,Bucaramanga,Físico
TRX-13743,PROD-1066,2025-10-23,7,711.76,60.69,27,Devuelto,Bucaramanga,WhatsApp
TRX-13744,PROD-1508,2025-08-04,8,684.23,52.345,8,Entregado,Medellín,WhatsApp
TRX-13745,PROD-1647,2024-11-21,4,1846.96,20.54,17,Desconocido,Barranquilla,Online
TRX-13746,PROD-2807,2026-01-12,12,107.03,11.62,3,Perdido,Medellín,Online
TRX-13747,PROD-2869,2025-04-24,8,895.7,88.6,6,Devuelto,Medellín,Online
TRX-13748,PROD-1002,2024-12-31,12,536.55,36.48,26,En Camino,Bogotá,WhatsApp
TRX-13749,PROD-2752,2024-09-23,1,1788.68,38.28,29,Entregado,Bogotá,Online
TRX-13750,PROD-1828,2024-11-04,6,201.14,88.38,19,Retrasado,Cali,Online
TRX-13751,PROD-3820,2025-07-30,6,828.77,72.24,7,Perdido,Medellín,Físico
TRX-13752,PROD-1540,2025-03-09,3,819.56,76.84,15,Perdido,Cali,Online
TRX-13753,PROD-3662,2025-04-02,9,1777.9,69.79,6,En Camino,Cali,Online
TRX-13754,PROD-2236,2024-10-26,12,438.83,15.05,25,Devuelto,Bucaramanga,WhatsApp
TRX-13755,PROD-1651,2024-10-26,12,1293.34,96.01,29,En Camino,Bucaramanga,Online
TRX-13756,PROD-2122,2025-03-17,5,277.47,52.345,22,Devuelto,Barranquilla,App
TRX-13757,PROD-1382,2025-11-13,1,1908.41,91.37,23,Entregado,Medellín,WhatsApp
TRX-13758,PROD-3681,2025-04-06,7,1190.1,27.44,18,Perdido,Ventas_Web,Físico
TRX-13759,PROD-2476,2026-01-21,10,1256.25,81.38,10,Retrasado,Bucaramanga,Online
TRX-13760,PROD-2025,2025-02-27,14,873.21,43.89,4,En Camino,Cali,Físico
TRX-13761,PROD-1337,2025-05-25,3,691.14,69.96,5,Desconocido,Ventas_Web,Físico
TRX-13762,PROD-2523,2026-02-04,10,433.23,20.73,18,Retrasado,Bucaramanga,Online
TRX-13763,PROD-3721,2025-09-23,10,1211.94,56.16,27,Retrasado,Medellín,App
TRX-13764,PROD-3657,2025-08-28,11,1909.58,17.03,10,Perdido,Medellín,App
TRX-13765,PROD-1677,2025-09-03,4,725.98,55.94,10,Perdido,Bucaramanga,Físico
TRX-13766,PROD-1212,2025-08-23,6,1767.48,28.14,10,Desconocido,Medellín,Online
TRX-13767,PROD-2623,2024-12-02,8,306.06,47.98,7,Retrasado,Medellín,Físico
TRX-13768,PROD-3562,2025-08-15,13,1872.89,52.345,20,Entregado,Barranquilla,WhatsApp
TRX-13769,PROD-2251,2025-01-14,4,707.47,68.46,14,Desconocido,Bucaramanga,Físico
TRX-13770,PROD-3973,2025-07-04,12,765.66,88.32,25,Retrasado,Medellín,WhatsApp
TRX-13771,PROD-3864,2025-11-03,9,931.06,20.7,8,Devuelto,Medellín,Online
TRX-13772,PROD-1959,2025-11-14,8,1439.31,89.86,26,Desconocido,Medellín,App
TRX-13773,PROD-2758,2026-01-03,10,1442.11,42.05,9,Devuelto,Medellín,Físico
TRX-13774,PROD-3684,2025-02-12,10,964.38,85.16,24,Devuelto,Medellín,Físico
TRX-13775,PROD-1373,2024-12-28,6,1051.07,53.69,5,Devuelto,Bogotá,Físico
TRX-13776,PROD-3882,2025-07-28,7,69.72,86.91,25,En Camino,Bogotá,Físico
TRX-13777,PROD-1389,2025-10-28,8,615.55,67.97,21,Entregado,Barranquilla,Físico
TRX-13778,PROD-1004,2025-08-08,2,698.57,53.33,8,En Camino,Bucaramanga,Online
TRX-13779,PROD-1874,2025-04-22,5,1121.87,34.69,20,En Camino,Bogotá,App
TRX-13780,PROD-2953,2025-08-05,13,1121.02,52.345,29,Devuelto,Bucaramanga,WhatsApp
TRX-13781,PROD-1319,2025-03-26,7,1422.7,97.05,5,Entregado,Ventas_Web,Online
TRX-13782,PROD-1543,2025-04-15,8,1436.88,81.09,27,Entregado,Cali,WhatsApp
TRX-13783,PROD-3431,2025-09-21,5,478.07,41.21,20,Retrasado,Cali,Online
TRX-13784,PROD-1926,2025-04-26,3,1542.67,20.84,18,Desconocido,Medellín,Online
TRX-13785,PROD-3127,2025-05-26,6,49.01,79.06,4,En Camino,Bogotá,WhatsApp
TRX-13786,PROD-3785,2025-05-19,5,1435.16,99.04,11,Desconocido,Bogotá,App
TRX-13787,PROD-2822,2025-07-12,8,213.1,31.5,21,Desconocido,Medellín,Online
TRX-13788,PROD-1038,2025-10-18,9,1462.0,92.01,22,Entregado,Medellín,WhatsApp
TRX-13789,PROD-1033,2024-09-30,9,1058.97,16.91,20,Perdido,Bogotá,App
TRX-13790,PROD-3849,2026-01-06,12,880.14,95.46,11,Desconocido,Medellín,Físico
TRX-13791,PROD-2407,2024-12-09,12,1384.43,75.81,14,En Camino,Cali,Físico
TRX-13792,PROD-1493,2025-08-12,6,82.38,52.345,26,Desconocido,Bogotá,WhatsApp
TRX-13793,PROD-2729,2025-06-26,4,454.71,37.93,13,Entregado,Medellín,Online
TRX-13794,PROD-3842,2025-12-11,4,1236.72,33.94,28,Perdido,Medellín,Físico
TRX-13795,PROD-1541,2026-01-29,9,1695.96,66.13,4,Desconocido,Bogotá,Físico
TRX-13796,PROD-2956,2025-04-12,4,768.4,61.38,16,Perdido,Bogotá,WhatsApp
TRX-13797,PROD-1290,2025-04-24,8,524.94,92.3,6,Perdido,Medellín,WhatsApp
TRX-13798,PROD-1937,2024-12-25,9,1042.29,77.79,23,Devuelto,Bogotá,Físico
TRX-13799,PROD-2569,2026-01-13,5,1248.41,56.33,13,Retrasado,Medellín,Online
TRX-13801,PROD-3993,2024-12-06,13,1754.65,61.31,23,Desconocido,Medellín,WhatsApp
TRX-13802,PROD-1419,2026-01-05,6,1051.64,85.72,20,Retrasado,Medellín,Online
TRX-13803,PROD-1422,2025-02-26,3,81.29,84.89,5,Entregado,Medellín,App
TRX-13804,PROD-2283,2025-02-22,12,453.88,52.345,19,Entregado,Bogotá,WhatsApp
TRX-13805,PROD-2505,2025-12-08,5,906.79,92.32,21,Desconocido,Bucaramanga,Físico
TRX-13806,PROD-2225,2025-02-11,5,1398.47,11.42,10,Desconocido,Bogotá,Online
TRX-13807,PROD-1561,2024-12-09,14,447.31,60.46,5,Retrasado,Barranquilla,Físico
TRX-13808,PROD-2567,2025-08-10,2,1952.75,49.5,14,Perdido,Medellín,Online
TRX-13809,PROD-1545,2025-03-23,10,643.93,51.6,4,Entregado,Ventas_Web,App
TRX-13810,PROD-3627,2025-12-27,6,1069.64,48.69,6,Desconocido,Bogotá,WhatsApp
TRX-13811,PROD-3773,2025-04-05,9,47.74,84.56,5,Devuelto,Bogotá,App
TRX-13812,PROD-1585,2025-02-27,11,1770.93,35.25,24,Devuelto,Medellín,WhatsApp
TRX-13813,PROD-1280,2025-02-15,7,1579.78,48.96,29,Retrasado,Bogotá,Online
TRX-13814,PROD-3172,2024-11-15,14,398.96,24.06,29,Entregado,Medellín,Físico
TRX-13815,PROD-3307,2025-09-13,8,1867.14,28.91,2,Entregado,Medellín,App
TRX-13816,PROD-1034,2025-06-26,2,638.52,52.345,6,Desconocido,Barranquilla,Online
TRX-13817,PROD-3499,2025-07-28,11,1387.45,67.74,2,Desconocido,Ventas_Web,App
TRX-13818,PROD-3662,2024-12-14,13,1639.76,16.11,12,Perdido,Cali,Online
TRX-13819,PROD-1672,2025-10-27,14,1484.42,22.84,22,Entregado,Bogotá,App
TRX-13820,PROD-2802,2025-02-25,9,1835.99,55.16,4,Retrasado,Bucaramanga,Online
TRX-13821,PROD-2438,2024-09-26,3,1729.91,9.16,13,Entregado,Medellín,App
TRX-13822,PROD-3959,2026-02-03,10,1989.28,17.06,17,Desconocido,Barranquilla,App
TRX-13823,PROD-1872,2025-07-30,5,373.4,87.02,6,Entregado,Cali,Online
TRX-13824,PROD-3572,2025-06-20,14,616.48,85.38,3,Devuelto,Bucaramanga,App
TRX-13825,PROD-1620,2024-11-25,7,1276.09,38.04,13,Retrasado,Bogotá,Online
TRX-13826,PROD-2686,2025-12-15,4,1468.76,38.06,23,En Camino,Barranquilla,App
TRX-13827,PROD-3523,2025-01-12,7,1073.86,93.97,3,Retrasado,Cali,WhatsApp
TRX-13828,PROD-3812,2025-05-19,8,157.12,52.345,26,Retrasado,Ventas_Web,WhatsApp
TRX-13829,PROD-2812,2025-02-13,13,1684.77,7.45,20,Desconocido,Medellín,App
TRX-13830,PROD-1889,2025-10-01,10,1922.14,60.13,9,En Camino,Cali,Online
TRX-13831,PROD-1355,2024-10-12,14,816.98,61.75,23,Desconocido,Cali,WhatsApp
TRX-13832,PROD-1411,2024-11-25,10,457.38,79.85,4,En Camino,Medellín,App
TRX-13833,PROD-1573,2025-07-08,4,48.43,95.42,2,Devuelto,Medellín,App
TRX-13834,PROD-1504,2024-12-12,5,482.23,38.8,5,Perdido,Medellín,Online
TRX-13835,PROD-3414,2025-04-07,11,1402.84,46.59,8,Retrasado,Barranquilla,Físico
TRX-13836,PROD-3990,2025-10-09,3,1824.06,68.77,2,Retrasado,Cali,Online
TRX-13837,PROD-2572,2024-11-30,5,196.09,96.89,25,Retrasado,Medellín,Físico
TRX-13838,PROD-2439,2025-03-27,8,1110.99,89.63,5,Retrasado,Barranquilla,App
TRX-13839,PROD-2758,2025-03-08,3,1394.11,68.37,6,Devuelto,Medellín,Físico
TRX-13840,PROD-2288,2025-04-15,14,560.0,52.345,7,Retrasado,Bogotá,Físico
TRX-13841,PROD-1572,2026-01-27,13,1144.1,86.39,13,En Camino,Bogotá,Online
TRX-13842,PROD-2014,2025-03-05,5,1433.34,13.09,9,En Camino,Barranquilla,Físico
TRX-13843,PROD-2134,2024-12-25,10,1677.06,40.83,7,Entregado,Bogotá,Físico
TRX-13844,PROD-3640,2025-05-29,1,910.47,6.24,4,Devuelto,Medellín,App
TRX-13845,PROD-1345,2024-11-29,2,1498.24,21.86,5,Entregado,Bogotá,WhatsApp
TRX-13846,PROD-2016,2025-08-31,3,610.55,64.9,28,Retrasado,Cali,Online
TRX-13847,PROD-3266,2024-10-13,1,433.96,89.13,3,Devuelto,Bogotá,Online
TRX-13848,PROD-3461,2025-08-07,13,382.75,65.11,17,Devuelto,Bogotá,WhatsApp
TRX-13849,PROD-3457,2024-12-16,11,724.16,68.09,19,Perdido,Ventas_Web,WhatsApp
TRX-13850,PROD-3953,2025-10-17,12,81.4,14.86,13,Perdido,Cali,WhatsApp
TRX-13851,PROD-3488,2024-10-16,11,573.15,68.16,1,Entregado,Ventas_Web,Físico
TRX-13852,PROD-2167,2025-01-11,9,1307.92,52.345,5,Entregado,Cali,App
TRX-13853,PROD-3828,2025-12-03,9,1299.36,48.16,23,En Camino,Ventas_Web,Online
TRX-13854,PROD-1109,2025-09-08,5,156.37,66.89,9,En Camino,Barranquilla,App
TRX-13855,PROD-3696,2024-12-14,14,581.96,35.99,4,Desconocido,Bogotá,Físico
TRX-13856,PROD-2235,2025-09-15,4,1143.42,60.24,10,Desconocido,Bucaramanga,WhatsApp
TRX-13857,PROD-1841,2025-12-26,5,643.92,45.29,14,Desconocido,Barranquilla,Físico
TRX-13858,PROD-3120,2024-12-09,4,841.8,58.07,10,En Camino,Barranquilla,WhatsApp
TRX-13859,PROD-3485,2025-11-30,12,1428.49,18.97,1,Devuelto,Bucaramanga,Online
TRX-13860,PROD-3087,2025-10-07,5,28.44,42.6,23,Retrasado,Barranquilla,Físico
TRX-13861,PROD-1772,2025-02-09,7,560.02,40.56,19,Entregado,Medellín,App
TRX-13862,PROD-2604,2025-12-06,11,293.32,74.96,17,En Camino,Bogotá,App
TRX-13863,PROD-2210,2025-10-03,8,263.94,72.11,20,Devuelto,Bucaramanga,Físico
TRX-13864,PROD-3646,2025-06-20,2,1918.49,52.345,27,Perdido,Bucaramanga,Físico
TRX-13865,PROD-1223,2025-08-27,4,759.36,91.34,25,Retrasado,Bogotá,App
TRX-13866,PROD-1980,2026-01-11,8,1058.91,65.05,15,Perdido,Ventas_Web,Físico
TRX-13867,PROD-3027,2025-11-20,7,1470.31,34.88,22,Desconocido,Bogotá,Físico
TRX-13868,PROD-2580,2025-03-10,9,104.42,79.41,6,Perdido,Bucaramanga,Físico
TRX-13869,PROD-1461,2025-04-07,5,489.64,52.21,7,Retrasado,Bogotá,WhatsApp
TRX-13870,PROD-1987,2025-12-19,6,1665.97,23.38,1,Devuelto,Bucaramanga,App
TRX-13871,PROD-3046,2025-06-11,11,1725.36,76.0,5,Perdido,Bogotá,Físico
TRX-13872,PROD-3613,2025-04-25,8,752.17,17.59,20,Devuelto,Medellín,App
TRX-13873,PROD-3432,2024-11-28,12,755.97,21.92,20,Perdido,Medellín,Online
TRX-13874,PROD-1290,2025-05-09,14,1516.22,77.08,7,En Camino,Ventas_Web,Físico
TRX-13875,PROD-3163,2025-03-02,11,597.19,78.16,2,Desconocido,Medellín,WhatsApp
TRX-13876,PROD-1049,2025-11-23,5,243.02,52.345,21,Retrasado,Ventas_Web,WhatsApp
TRX-13877,PROD-2479,2025-01-22,14,522.5,80.12,23,Entregado,Medellín,Físico
TRX-13878,PROD-2296,2025-02-18,9,780.82,32.87,3,Retrasado,Bogotá,Físico
TRX-13879,PROD-1540,2025-08-28,4,113.89,87.33,2,Perdido,Cali,Online
TRX-13880,PROD-2584,2025-04-03,8,962.57,73.65,16,Perdido,Ventas_Web,Físico
TRX-13881,PROD-3328,2025-05-11,12,1482.61,84.23,28,Desconocido,Barranquilla,App
TRX-13882,PROD-2723,2025-01-11,14,1032.35,72.32,17,En Camino,Bogotá,Físico
TRX-13883,PROD-2496,2025-02-14,3,153.07,60.06,21,En Camino,Bucaramanga,App
TRX-13884,PROD-3237,2025-05-01,5,885.9,15.39,12,Retrasado,Bogotá,App
TRX-13885,PROD-3797,2025-10-19,8,1420.72,72.54,28,Entregado,Bogotá,App
TRX-13886,PROD-1707,2024-11-25,10,125.61,70.59,5,Desconocido,Barranquilla,App
TRX-13887,PROD-2929,2025-01-26,12,129.1,34.69,4,Retrasado,Bogotá,App
TRX-13888,PROD-1298,2025-04-28,7,747.5,52.345,24,Entregado,Bucaramanga,Físico
TRX-13889,PROD-1068,2025-07-03,1,397.98,74.9,16,Devuelto,Cali,Físico
TRX-13890,PROD-3405,2025-09-11,12,1870.21,57.29,18,Perdido,Bogotá,Físico
TRX-13891,PROD-1276,2026-01-09,4,1166.87,58.14,13,Devuelto,Barranquilla,WhatsApp
TRX-13892,PROD-1056,2025-10-24,2,581.78,39.92,28,Retrasado,Medellín,App
TRX-13893,PROD-2073,2025-05-16,2,1412.51,16.09,20,Entregado,Barranquilla,Online
TRX-13894,PROD-1883,2026-01-20,13,756.11,25.61,21,Entregado,Bucaramanga,Físico
TRX-13895,PROD-1163,2024-10-05,7,272.91,78.04,9,Devuelto,Bogotá,Físico
TRX-13896,PROD-1247,2025-11-18,12,482.09,30.79,16,En Camino,Medellín,WhatsApp
TRX-13897,PROD-2630,2025-02-22,12,1289.07,5.21,3,En Camino,Medellín,Físico
TRX-13898,PROD-3075,2025-05-19,3,113.23,99.72,29,Desconocido,Bucaramanga,App
TRX-13899,PROD-2173,2025-03-31,3,552.65,25.01,17,Devuelto,Medellín,Físico
TRX-13901,PROD-3918,2024-12-17,6,410.26,67.26,10,Entregado,Ventas_Web,Físico
TRX-13902,PROD-3052,2024-10-13,6,1368.7,93.06,22,Retrasado,Bucaramanga,Físico
TRX-13903,PROD-2701,2025-03-23,1,1653.38,61.97,23,En Camino,Bogotá,App
TRX-13904,PROD-2734,2025-08-07,1,1434.57,80.91,20,Desconocido,Medellín,App
TRX-13905,PROD-3874,2025-02-27,11,1295.0,97.76,4,Entregado,Cali,Físico
TRX-13906,PROD-2647,2025-12-25,6,1833.74,86.73,22,Desconocido,Bogotá,App
TRX-13907,PROD-1337,2025-12-18,7,126.2,58.0,1,Retrasado,Barranquilla,WhatsApp
TRX-13908,PROD-3623,2026-01-16,9,343.29,39.55,21,Entregado,Ventas_Web,App
TRX-13909,PROD-3197,2025-09-24,4,834.67,50.83,16,Perdido,Bogotá,App
TRX-13910,PROD-3202,2024-12-07,14,751.18,84.97,11,Retrasado,Ventas_Web,Online
TRX-13911,PROD-3523,2025-08-17,10,841.92,86.07,19,Perdido,Bogotá,App
TRX-13912,PROD-1625,2025-11-12,6,420.85,52.345,8,En Camino,Barranquilla,App
TRX-13913,PROD-2136,2025-04-13,12,307.51,85.36,5,Desconocido,Medellín,Online
TRX-13914,PROD-1342,2025-05-09,3,1023.29,61.74,23,En Camino,Barranquilla,App
TRX-13915,PROD-2269,2025-02-21,13,1856.82,50.31,24,Entregado,Bogotá,Online
TRX-13916,PROD-1323,2025-06-12,13,790.02,34.58,8,Devuelto,Medellín,Físico
TRX-13917,PROD-3094,2024-12-03,11,96.27,5.32,29,Entregado,Ventas_Web,Físico
TRX-13918,PROD-1832,2025-05-05,4,1415.27,77.63,18,Desconocido,Medellín,WhatsApp
TRX-13919,PROD-1636,2026-01-08,9,589.3,31.31,29,Desconocido,Bucaramanga,Físico
TRX-13920,PROD-3197,2025-10-12,14,497.74,36.32,15,Desconocido,Bogotá,App
TRX-13921,PROD-2338,2025-01-31,14,655.27,85.13,18,Perdido,Cali,Online
TRX-13922,PROD-2600,2025-09-17,1,1450.39,9.96,13,Desconocido,Medellín,Físico
TRX-13923,PROD-3402,2024-10-20,5,1639.45,93.12,15,Retrasado,Bucaramanga,App
TRX-13924,PROD-3598,2025-07-18,11,1180.23,52.345,26,Devuelto,Ventas_Web,Físico
TRX-13925,PROD-3661,2024-12-28,7,651.73,5.13,21,Entregado,Cali,WhatsApp
TRX-13926,PROD-3789,2024-11-07,3,627.85,94.22,13,Perdido,Medellín,Físico
TRX-13927,PROD-3634,2024-09-23,2,257.37,48.2,3,Perdido,Medellín,Físico
TRX-13928,PROD-1270,2025-03-07,13,1867.27,14.7,12,En Camino,Medellín,App
TRX-13929,PROD-2270,2025-05-25,11,1279.9,69.05,12,Entregado,Bucaramanga,Online
TRX-13930,PROD-3861,2025-04-29,2,63.68,90.11,10,Entregado,Bogotá,WhatsApp
TRX-13931,PROD-2791,2025-01-02,1,1328.11,46.62,1,Desconocido,Barranquilla,Online
TRX-13932,PROD-3989,2025-07-10,5,899.84,70.68,24,Desconocido,Barranquilla,Online
TRX-13933,PROD-1977,2025-12-24,13,1945.39,98.04,6,Perdido,Barranquilla,Online
TRX-13934,PROD-1237,2025-04-14,3,1639.95,27.87,19,Entregado,Ventas_Web,WhatsApp
TRX-13935,PROD-2001,2025-04-12,11,350.92,82.94,24,Desconocido,Cali,WhatsApp
TRX-13936,PROD-1353,2024-11-15,12,1443.02,52.345,13,En Camino,Barranquilla,App
TRX-13937,PROD-2779,2026-01-17,7,976.28,33.05,27,Devuelto,Cali,App
TRX-13938,PROD-1475,2025-06-29,1,382.22,45.5,1,Perdido,Cali,App
TRX-13939,PROD-2857,2025-11-08,9,1400.49,31.77,19,En Camino,Bogotá,WhatsApp
TRX-13940,PROD-3507,2025-06-27,14,1099.3,47.37,25,En Camino,Medellín,WhatsApp
TRX-13941,PROD-3493,2026-01-28,2,70.44,5.48,6,Retrasado,Cali,Físico
TRX-13942,PROD-1225,2024-10-08,8,1296.71,33.83,1,Devuelto,Bogotá,Online
TRX-13943,PROD-2266,2024-10-05,10,1273.62,47.3,25,En Camino,Ventas_Web,App
TRX-13944,PROD-3728,2025-09-13,4,296.73,65.06,23,Retrasado,Medellín,Físico
TRX-13945,PROD-3695,2025-09-13,6,704.49,65.55,17,Retrasado,Medellín,WhatsApp
TRX-13946,PROD-1719,2025-08-06,9,1175.94,60.46,17,Entregado,Bogotá,Físico
TRX-13947,PROD-1489,2025-11-23,7,286.18,32.84,21,Desconocido,Medellín,Físico
TRX-13948,PROD-1051,2024-12-18,8,1706.92,52.345,11,En Camino,Bogotá,WhatsApp
TRX-13949,PROD-3899,2024-12-09,7,64.7,95.0,20,Perdido,Cali,Online
TRX-13950,PROD-1562,2025-11-12,2,214.65,42.24,12,Entregado,Medellín,WhatsApp
TRX-13951,PROD-3873,2024-11-28,9,241.05,25.6,24,Devuelto,Medellín,App
TRX-13952,PROD-1046,2025-09-04,1,1060.93,57.68,13,Desconocido,Barranquilla,Físico
TRX-13953,PROD-1671,2025-04-21,14,1244.03,76.15,18,Perdido,Bogotá,App
TRX-13954,PROD-3033,2025-04-24,2,813.44,6.16,22,Perdido,Medellín,Físico
TRX-13955,PROD-2420,2025-03-26,3,584.45,31.25,24,Retrasado,Barranquilla,Físico
TRX-13956,PROD-3142,2025-12-15,3,1620.54,83.37,1,En Camino,Bucaramanga,App
TRX-13957,PROD-3118,2025-12-19,14,145.89,53.17,3,Retrasado,Bogotá,Físico
TRX-13958,PROD-3952,2025-11-29,10,567.78,43.81,17,Retrasado,Cali,WhatsApp
TRX-13959,PROD-2061,2024-10-25,4,87.84,93.44,7,En Camino,Bogotá,WhatsApp
TRX-13960,PROD-1683,2025-01-15,5,37.64,52.345,17,En Camino,Bogotá,Físico
TRX-13961,PROD-2523,2025-06-24,6,713.23,13.51,16,En Camino,Medellín,Físico
TRX-13962,PROD-1519,2025-11-16,1,397.7,63.48,12,Retrasado,Medellín,WhatsApp
TRX-13963,PROD-2100,2026-02-03,14,544.05,37.51,25,Desconocido,Bucaramanga,Online
TRX-13964,PROD-1483,2025-04-08,13,1643.68,11.73,8,En Camino,Medellín,Físico
TRX-13965,PROD-1120,2025-10-07,8,334.33,25.31,11,En Camino,Bogotá,WhatsApp
TRX-13966,PROD-2372,2025-02-12,6,1562.66,64.65,3,Perdido,Bogotá,Online
TRX-13967,PROD-2758,2025-05-08,10,1353.35,7.69,28,Retrasado,Bogotá,Online
TRX-13968,PROD-2114,2025-01-20,9,659.63,61.26,29,En Camino,Bogotá,App
TRX-13969,PROD-3145,2025-09-10,5,1097.65,95.9,12,Retrasado,Bogotá,Online
TRX-13970,PROD-1261,2024-10-16,7,894.43,80.53,4,Devuelto,Bogotá,Físico
TRX-13971,PROD-2077,2024-10-19,11,265.51,37.83,9,Entregado,Bogotá,Online
TRX-13972,PROD-3917,2025-11-29,4,1815.3,52.345,26,Perdido,Bucaramanga,App
TRX-13973,PROD-3361,2024-12-06,6,1143.54,18.13,22,Perdido,Bogotá,WhatsApp
TRX-13974,PROD-3570,2025-05-21,6,1761.68,49.18,21,Retrasado,Cali,App
TRX-13975,PROD-1315,2024-10-15,13,1649.41,42.33,29,En Camino,Bogotá,WhatsApp
TRX-13976,PROD-3032,2025-03-02,4,168.75,97.31,21,Retrasado,Bucaramanga,Físico
TRX-13977,PROD-2864,2024-11-02,6,422.47,99.04,17,Desconocido,Barranquilla,WhatsApp
TRX-13978,PROD-3092,2025-05-18,8,299.07,44.01,16,Entregado,Bogotá,Online
TRX-13979,PROD-2475,2025-05-19,11,1663.25,19.13,12,Perdido,Bogotá,WhatsApp
TRX-13980,PROD-1227,2024-11-17,5,1726.27,91.51,15,Perdido,Medellín,Online
TRX-13981,PROD-3046,2025-11-09,2,1060.66,80.39,15,Entregado,Bucaramanga,App
TRX-13982,PROD-3321,2025-11-11,9,217.31,53.57,1,Retrasado,Medellín,App
TRX-13983,PROD-1683,2025-12-15,11,279.88,39.71,3,Perdido,Cali,WhatsApp
TRX-13984,PROD-2506,2024-12-29,4,1628.96,52.345,2,En Camino,Barranquilla,App
TRX-13985,PROD-1644,2025-02-15,4,1859.09,47.58,26,Retrasado,Medellín,App
TRX-13986,PROD-2044,2026-01-01,11,406.96,90.68,17,En Camino,Bogotá,App
TRX-13987,PROD-1421,2025-06-11,7,32.16,22.54,12,Desconocido,Bogotá,Online
TRX-13988,PROD-3350,2025-12-02,10,668.6,81.64,5,Desconocido,Bucaramanga,WhatsApp
TRX-13989,PROD-3761,2024-11-01,14,70.69,6.73,11,Desconocido,Bogotá,Online
TRX-13990,PROD-3960,2025-04-03,10,1657.67,92.45,19,Devuelto,Barranquilla,WhatsApp
TRX-13991,PROD-1472,2025-05-19,6,988.11,52.53,15,Entregado,Bucaramanga,Online
TRX-13992,PROD-1935,2024-11-03,14,1287.3,26.54,7,Desconocido,Ventas_Web,Físico
TRX-13993,PROD-3084,2025-05-02,4,828.85,5.27,8,Perdido,Bogotá,Físico
TRX-13994,PROD-1010,2025-04-06,6,697.56,58.16,10,Entregado,Medellín,Físico
TRX-13995,PROD-1180,2025-07-07,3,452.18,28.23,6,Entregado,Bogotá,Online
TRX-13996,PROD-1050,2024-10-02,7,1543.36,52.345,28,En Camino,Barranquilla,WhatsApp
TRX-13997,PROD-2001,2025-05-15,6,1394.14,64.97,21,Perdido,Ventas_Web,Online
TRX-13998,PROD-1188,2025-08-13,3,727.85,31.71,15,Devuelto,Medellín,WhatsApp
TRX-13999,PROD-2932,2025-06-14,1,649.02,13.36,10,Entregado,Medellín,Físico
TRX-14001,PROD-2568,2025-12-11,12,136.47,58.63,28,Desconocido,Medellín,WhatsApp
TRX-14002,PROD-1614,2025-02-08,10,1250.28,48.0,21,En Camino,Bucaramanga,WhatsApp
TRX-14003,PROD-1733,2025-09-12,5,1034.07,48.51,17,Desconocido,Bogotá,App
TRX-14004,PROD-1144,2025-04-29,10,875.26,61.02,28,Perdido,Ventas_Web,WhatsApp
TRX-14005,PROD-3264,2025-04-06,2,1656.73,55.0,22,Retrasado,Bucaramanga,Físico
TRX-14006,PROD-3924,2024-12-05,7,1012.76,17.59,6,Retrasado,Medellín,Online
TRX-14007,PROD-3685,2025-01-03,13,775.14,23.72,19,Devuelto,Cali,App
TRX-14008,PROD-2717,2025-05-05,7,330.9,52.345,20,Desconocido,Medellín,Físico
TRX-14009,PROD-1919,2025-01-23,4,1643.17,18.47,20,En Camino,Medellín,Online
TRX-14010,PROD-2318,2025-01-02,6,1156.73,70.86,6,Retrasado,Bogotá,Online
TRX-14011,PROD-2016,2025-06-13,1,194.0,55.22,14,Entregado,Bogotá,App
TRX-14012,PROD-2704,2025-11-29,2,1301.31,45.84,24,Devuelto,Bogotá,Físico
TRX-14013,PROD-3950,2025-11-04,6,855.89,80.84,28,Desconocido,Medellín,Online
TRX-14014,PROD-2310,2026-01-22,2,1624.66,35.95,13,Entregado,Bucaramanga,App
TRX-14015,PROD-2111,2025-03-02,12,1838.64,58.97,13,Retrasado,Ventas_Web,Online
TRX-14016,PROD-1319,2025-05-13,12,1204.93,12.07,9,En Camino,Bogotá,Online
TRX-14017,PROD-3341,2026-01-26,11,1465.91,75.72,9,Retrasado,Bucaramanga,Físico
TRX-14018,PROD-2527,2025-06-24,4,122.62,71.04,21,Devuelto,Bucaramanga,Físico
TRX-14019,PROD-1489,2025-06-07,4,1124.91,81.23,24,Desconocido,Medellín,Online
TRX-14020,PROD-3056,2025-07-30,10,1513.13,52.345,29,Devuelto,Cali,WhatsApp
TRX-14021,PROD-3757,2025-02-08,9,998.56,89.03,8,Entregado,Bogotá,Online
TRX-14022,PROD-1215,2025-05-07,10,1191.16,77.01,10,Entregado,Cali,WhatsApp
TRX-14023,PROD-1734,2025-06-22,7,1798.91,85.23,20,Devuelto,Bucaramanga,Físico
TRX-14024,PROD-1914,2025-11-22,14,404.22,37.84,4,Entregado,Bogotá,Online
TRX-14025,PROD-3112,2025-08-05,7,205.51,37.62,3,Perdido,Medellín,Online
TRX-14026,PROD-1188,2025-10-14,12,1384.38,94.71,13,Desconocido,Cali,Online
TRX-14027,PROD-2642,2024-12-17,11,1647.47,91.88,21,Devuelto,Medellín,App
TRX-14028,PROD-1282,2025-07-10,1,1702.48,57.11,8,Desconocido,Bucaramanga,App
TRX-14029,PROD-2905,2026-01-04,11,1286.87,39.82,24,Entregado,Ventas_Web,Físico
TRX-14030,PROD-2156,2025-04-27,5,1668.09,87.27,9,Desconocido,Bogotá,Online
TRX-14031,PROD-2272,2025-09-16,3,1404.32,35.72,14,Retrasado,Bogotá,Online
TRX-14032,PROD-2340,2024-11-27,3,183.88,52.345,1,En Camino,Medellín,WhatsApp
TRX-14033,PROD-1353,2025-06-06,6,1526.47,19.6,14,Perdido,Barranquilla,App
TRX-14034,PROD-3265,2025-02-04,4,366.93,65.75,12,Perdido,Barranquilla,Físico
TRX-14035,PROD-2870,2025-10-31,8,480.85,9.05,4,En Camino,Barranquilla,Físico
TRX-14036,PROD-1032,2025-11-23,14,795.35,41.01,22,En Camino,Cali,Online
TRX-14037,PROD-2511,2025-10-02,4,635.99,81.73,21,Desconocido,Bogotá,Online
TRX-14038,PROD-1821,2025-10-17,8,650.09,33.05,4,Desconocido,Medellín,App
TRX-14039,PROD-2194,2024-11-16,14,346.83,93.47,13,Retrasado,Ventas_Web,WhatsApp
TRX-14040,PROD-3309,2025-09-13,12,594.8,95.8,16,Desconocido,Bogotá,App
TRX-14041,PROD-2244,2025-05-23,12,49.13,82.5,11,En Camino,Bogotá,Físico
TRX-14042,PROD-3550,2025-06-01,4,951.09,98.83,3,Perdido,Ventas_Web,App
TRX-14043,PROD-1993,2024-10-13,3,1539.5,55.42,2,Retrasado,Cali,App
TRX-14044,PROD-2900,2025-07-26,5,1725.87,52.345,25,En Camino,Bogotá,Físico
TRX-14045,PROD-2508,2025-11-26,12,1642.65,59.07,26,Retrasado,Bogotá,Físico
TRX-14046,PROD-3423,2025-03-04,13,838.75,84.44,3,Retrasado,Bucaramanga,Físico
TRX-14047,PROD-3020,2025-09-13,5,1463.55,51.82,20,Desconocido,Ventas_Web,Online
TRX-14048,PROD-1800,2025-06-13,10,582.9,43.64,17,Desconocido,Bogotá,WhatsApp
TRX-14049,PROD-4000,2026-02-02,10,120.57,63.4,1,Entregado,Ventas_Web,Online
TRX-14050,PROD-3238,2024-11-29,1,1355.18,67.48,26,En Camino,Bucaramanga,App
TRX-14051,PROD-2004,2025-01-07,8,1301.1,76.34,25,Desconocido,Barranquilla,WhatsApp
TRX-14052,PROD-1616,2025-10-27,8,1605.24,68.48,11,Entregado,Medellín,App
TRX-14053,PROD-1026,2024-11-28,8,1236.05,75.84,16,Desconocido,Bucaramanga,App
TRX-14054,PROD-2679,2025-04-09,14,322.21,69.08,20,Perdido,Bogotá,Online
TRX-14055,PROD-1097,2025-04-02,10,1707.79,50.64,10,Retrasado,Medellín,WhatsApp
TRX-14056,PROD-1954,2024-09-24,4,1258.23,52.345,20,Perdido,Bogotá,Online
TRX-14057,PROD-3218,2025-06-06,13,1617.14,17.82,6,Retrasado,Ventas_Web,Físico
TRX-14058,PROD-2418,2025-12-08,14,1550.47,79.62,2,En Camino,Barranquilla,Físico
TRX-14059,PROD-3604,2024-09-23,9,602.75,7.92,22,Devuelto,Medellín,Online
TRX-14060,PROD-3840,2025-09-15,10,158.36,99.29,29,En Camino,Medellín,Online
TRX-14061,PROD-1039,2025-01-15,3,361.24,83.7,7,Retrasado,Ventas_Web,Online
TRX-14062,PROD-2372,2025-10-18,7,194.8,68.74,17,Devuelto,Barranquilla,App
TRX-14063,PROD-1005,2024-12-19,6,494.39,96.83,8,Devuelto,Barranquilla,WhatsApp
TRX-14064,PROD-3692,2025-04-07,9,924.47,63.18,13,En Camino,Medellín,WhatsApp
TRX-14065,PROD-2541,2026-01-04,12,1814.55,10.36,22,Perdido,Ventas_Web,Físico
TRX-14066,PROD-3978,2024-12-23,14,1745.32,58.14,25,En Camino,Medellín,WhatsApp
TRX-14067,PROD-2259,2025-06-23,13,1440.01,31.33,29,Retrasado,Bogotá,WhatsApp
TRX-14068,PROD-1425,2025-09-01,4,57.98,52.345,4,Perdido,Medellín,WhatsApp
TRX-14069,PROD-1840,2025-03-01,4,689.36,40.1,11,Retrasado,Bucaramanga,App
TRX-14070,PROD-3170,2025-03-14,6,1367.87,48.66,2,Desconocido,Bucaramanga,Físico
TRX-14071,PROD-1975,2024-10-25,8,266.77,78.59,25,Desconocido,Medellín,Online
TRX-14072,PROD-2719,2025-12-24,3,1604.16,52.78,8,Perdido,Medellín,WhatsApp
TRX-14073,PROD-3015,2024-12-04,11,1830.0,50.09,18,Entregado,Bogotá,WhatsApp
TRX-14074,PROD-1245,2025-11-29,8,714.67,33.69,8,Perdido,Medellín,App
TRX-14075,PROD-1583,2025-11-13,14,1414.63,56.29,11,Entregado,Medellín,Físico
TRX-14076,PROD-3914,2026-01-16,8,304.93,28.6,24,Retrasado,Cali,WhatsApp
TRX-14077,PROD-2146,2025-12-21,14,1384.72,29.79,5,En Camino,Ventas_Web,App
TRX-14078,PROD-1381,2025-04-06,14,52.7,76.94,7,Retrasado,Medellín,Online
TRX-14079,PROD-1179,2025-07-03,7,310.04,37.54,23,En Camino,Bucaramanga,Físico
TRX-14080,PROD-1948,2024-12-18,7,1422.66,52.345,4,Desconocido,Ventas_Web,WhatsApp
TRX-14081,PROD-3128,2025-07-28,5,1426.58,9.88,22,Entregado,Bogotá,Online
TRX-14082,PROD-2691,2025-05-04,2,1285.91,37.65,10,En Camino,Cali,WhatsApp
TRX-14083,PROD-3870,2024-11-05,12,959.95,65.66,6,Retrasado,Bucaramanga,Físico
TRX-14084,PROD-2525,2025-08-24,14,1353.07,82.33,13,Retrasado,Bogotá,App
TRX-14085,PROD-2877,2026-01-29,2,1549.86,96.38,16,Retrasado,Medellín,WhatsApp
TRX-14086,PROD-1347,2025-12-05,13,1933.3,75.89,22,Perdido,Medellín,Físico
TRX-14087,PROD-3378,2025-02-07,12,1778.4,45.74,25,Retrasado,Cali,App
TRX-14088,PROD-1391,2025-06-19,10,1591.12,33.42,2,Perdido,Cali,Online
TRX-14089,PROD-3070,2025-09-16,12,1392.57,17.31,26,Devuelto,Cali,WhatsApp
TRX-14090,PROD-1546,2024-10-28,8,1152.57,64.63,24,Entregado,Cali,Online
TRX-14091,PROD-3610,2024-10-26,11,250.01,53.44,15,Devuelto,Cali,WhatsApp
TRX-14092,PROD-2615,2024-12-19,6,339.46,52.345,8,Devuelto,Cali,Físico
TRX-14093,PROD-1306,2025-02-15,8,1642.36,69.38,17,Perdido,Barranquilla,Online
TRX-14094,PROD-3424,2024-10-08,3,1608.59,27.53,27,Perdido,Medellín,WhatsApp
TRX-14095,PROD-3325,2025-05-13,1,1232.77,35.75,29,Entregado,Bogotá,Físico
TRX-14096,PROD-1255,2025-11-17,13,883.29,32.75,14,Entregado,Ventas_Web,WhatsApp
TRX-14097,PROD-2781,2024-11-02,6,61.8,80.78,18,Desconocido,Bucaramanga,App
TRX-14098,PROD-3713,2025-06-04,2,661.08,21.27,29,Entregado,Ventas_Web,Físico
TRX-14099,PROD-1535,2025-06-30,12,847.07,62.8,14,Retrasado,Medellín,Físico
TRX-14101,PROD-2194,2024-09-30,9,1859.36,57.21,21,Entregado,Barranquilla,Físico
TRX-14102,PROD-2069,2026-01-07,5,226.33,11.07,21,Perdido,Barranquilla,Online
TRX-14103,PROD-2290,2026-01-03,5,1042.55,21.71,22,Devuelto,Bogotá,WhatsApp
TRX-14104,PROD-2609,2025-09-25,13,742.17,52.345,23,Entregado,Ventas_Web,App
TRX-14105,PROD-3870,2025-09-07,10,1980.3,15.74,1,Desconocido,Cali,Físico
TRX-14106,PROD-2336,2025-08-28,8,1725.11,37.94,23,Entregado,Ventas_Web,App
TRX-14107,PROD-2302,2025-10-29,6,883.18,37.65,6,Devuelto,Barranquilla,Online
TRX-14108,PROD-2854,2025-08-12,3,1999.39,83.51,5,En Camino,Bucaramanga,Físico
TRX-14109,PROD-2113,2025-03-17,9,1032.99,26.44,15,Entregado,Barranquilla,Físico
TRX-14110,PROD-1956,2025-05-08,10,342.56,13.21,16,Entregado,Bucaramanga,WhatsApp
TRX-14111,PROD-1305,2025-12-20,4,1116.19,62.33,22,Retrasado,Cali,App
TRX-14112,PROD-1830,2025-08-11,10,460.15,70.31,27,Devuelto,Ventas_Web,WhatsApp
TRX-14113,PROD-1557,2025-10-29,4,1276.26,33.01,8,Desconocido,Cali,App
TRX-14114,PROD-3394,2025-09-24,12,1875.51,62.27,29,Entregado,Ventas_Web,WhatsApp
TRX-14115,PROD-1446,2026-01-23,13,1574.54,78.73,28,Desconocido,Barranquilla,App
TRX-14116,PROD-1636,2024-10-10,2,553.6,52.345,6,Entregado,Medellín,WhatsApp
TRX-14117,PROD-1432,2024-11-17,3,600.75,38.02,5,En Camino,Ventas_Web,Físico
TRX-14118,PROD-1673,2025-11-03,4,147.88,54.91,6,Devuelto,Medellín,Físico
TRX-14119,PROD-2841,2024-10-27,7,578.88,18.93,25,Entregado,Cali,App
TRX-14120,PROD-2908,2025-10-17,13,194.32,7.25,28,En Camino,Bogotá,WhatsApp
TRX-14121,PROD-2286,2025-01-18,3,1003.9,98.23,1,Entregado,Bogotá,App
TRX-14122,PROD-2665,2025-07-01,8,1419.61,33.47,14,Perdido,Bogotá,WhatsApp
TRX-14123,PROD-1494,2025-06-03,8,1504.85,31.5,19,En Camino,Cali,App
TRX-14124,PROD-3195,2025-04-23,10,128.46,97.46,19,Desconocido,Medellín,Online
TRX-14125,PROD-2467,2024-11-22,11,686.51,74.18,25,Perdido,Ventas_Web,Físico
TRX-14126,PROD-1850,2024-12-19,2,583.46,60.6,15,Entregado,Medellín,App
TRX-14127,PROD-2851,2025-06-20,4,217.56,71.44,19,En Camino,Barranquilla,Online
TRX-14128,PROD-2262,2025-09-04,8,731.32,52.345,6,Devuelto,Cali,Físico
TRX-14129,PROD-2897,2024-10-24,1,605.65,72.44,25,Desconocido,Ventas_Web,Online
TRX-14130,PROD-2085,2025-10-23,1,1272.65,77.52,26,Retrasado,Barranquilla,WhatsApp
TRX-14131,PROD-1491,2025-02-02,14,1767.77,11.38,5,Entregado,Ventas_Web,WhatsApp
TRX-14132,PROD-1370,2024-11-25,14,915.14,44.22,26,En Camino,Bucaramanga,WhatsApp
TRX-14133,PROD-1645,2025-04-09,4,1495.86,33.04,16,Perdido,Ventas_Web,App
TRX-14134,PROD-3810,2025-06-05,11,300.56,11.7,27,En Camino,Medellín,Online
TRX-14135,PROD-2246,2025-08-30,2,1790.98,44.2,9,Devuelto,Ventas_Web,Online
TRX-14136,PROD-3886,2025-02-24,1,313.66,63.54,25,En Camino,Ventas_Web,WhatsApp
TRX-14137,PROD-3854,2025-12-29,8,392.28,21.96,15,Perdido,Medellín,App
TRX-14138,PROD-3471,2025-05-11,2,221.86,33.98,22,Entregado,Ventas_Web,WhatsApp
TRX-14139,PROD-1165,2025-07-20,4,626.26,65.72,8,Desconocido,Ventas_Web,App
TRX-14140,PROD-1880,2024-10-27,3,1109.3,52.345,25,Perdido,Bucaramanga,Físico
TRX-14141,PROD-2342,2024-10-18,2,1976.11,60.04,25,Desconocido,Bucaramanga,Online
TRX-14142,PROD-1607,2024-10-15,8,1588.8,87.53,8,Desconocido,Bucaramanga,App
TRX-14143,PROD-1373,2025-02-10,3,767.07,80.17,29,Perdido,Medellín,WhatsApp
TRX-14144,PROD-3912,2026-01-09,9,1155.93,96.73,4,Perdido,Ventas_Web,App
TRX-14145,PROD-2016,2025-10-14,10,1250.38,61.73,24,Retrasado,Ventas_Web,App
TRX-14146,PROD-2457,2025-07-04,5,1647.23,71.35,2,Desconocido,Cali,Físico
TRX-14147,PROD-2623,2025-12-16,9,1475.54,86.75,16,Entregado,Ventas_Web,WhatsApp
TRX-14148,PROD-3103,2025-08-08,3,1142.89,84.8,3,Retrasado,Bogotá,Online
TRX-14149,PROD-1200,2025-02-25,12,1341.67,73.28,9,Desconocido,Medellín,App
TRX-14150,PROD-3773,2026-01-06,5,1494.38,52.52,26,En Camino,Medellín,WhatsApp
TRX-14151,PROD-2224,2025-11-16,14,274.96,30.95,4,Entregado,Barranquilla,Online
TRX-14152,PROD-2065,2025-01-13,10,408.91,52.345,2,Entregado,Bogotá,App
TRX-14153,PROD-1712,2025-10-17,6,1380.28,88.34,19,Desconocido,Barranquilla,App
TRX-14154,PROD-1127,2025-02-08,9,1702.35,78.78,23,En Camino,Medellín,WhatsApp
TRX-14155,PROD-2656,2025-11-18,8,824.43,84.6,25,En Camino,Ventas_Web,Online
TRX-14156,PROD-2852,2025-10-01,2,1959.98,18.37,15,Perdido,Cali,Online
TRX-14157,PROD-3277,2025-11-14,2,439.98,34.91,7,Desconocido,Ventas_Web,Físico
TRX-14158,PROD-3253,2025-04-19,13,839.23,45.36,8,Desconocido,Bogotá,Físico
TRX-14159,PROD-2023,2025-08-11,5,763.26,84.64,3,Entregado,Bucaramanga,WhatsApp
TRX-14160,PROD-1387,2025-09-21,5,1861.29,89.82,23,Devuelto,Bucaramanga,Online
TRX-14161,PROD-2892,2025-11-26,5,577.9,32.06,15,Desconocido,Bucaramanga,App
TRX-14162,PROD-1417,2026-01-17,4,946.87,70.21,1,Perdido,Bogotá,WhatsApp
TRX-14163,PROD-1572,2024-12-17,8,382.6,12.39,16,Entregado,Bogotá,Físico
TRX-14164,PROD-1497,2025-07-04,11,1047.32,52.345,28,En Camino,Bogotá,WhatsApp
TRX-14165,PROD-1048,2024-11-21,5,1716.23,43.91,22,En Camino,Medellín,Online
TRX-14166,PROD-1252,2024-11-15,1,615.04,51.23,3,Devuelto,Bogotá,WhatsApp
TRX-14167,PROD-1910,2024-12-24,10,1623.48,77.74,2,Entregado,Bogotá,Físico
TRX-14168,PROD-1535,2025-08-13,14,1823.51,89.74,15,Retrasado,Ventas_Web,Online
TRX-14169,PROD-1811,2025-12-24,5,155.19,37.04,4,Perdido,Bogotá,App
TRX-14170,PROD-2640,2025-12-24,1,1515.28,55.14,27,Entregado,Cali,Físico
TRX-14171,PROD-2524,2025-09-30,4,518.13,66.51,14,Retrasado,Cali,Físico
TRX-14172,PROD-3811,2025-06-14,1,358.9,36.23,9,En Camino,Bucaramanga,Físico
TRX-14173,PROD-3581,2025-10-09,6,1206.23,98.63,22,En Camino,Bogotá,WhatsApp
TRX-14174,PROD-3640,2025-04-23,6,1414.15,88.2,28,Retrasado,Bucaramanga,Físico
TRX-14175,PROD-1344,2025-08-21,1,795.57,33.16,9,Retrasado,Barranquilla,WhatsApp
TRX-14176,PROD-3385,2024-10-02,12,87.96,52.345,14,Devuelto,Barranquilla,WhatsApp
TRX-14177,PROD-3400,2025-09-15,8,1818.32,53.25,15,Entregado,Bogotá,Online
TRX-14178,PROD-2060,2025-04-13,14,1464.19,26.93,24,En Camino,Barranquilla,Online
TRX-14179,PROD-1307,2025-04-06,4,550.62,53.88,5,Perdido,Medellín,Físico
TRX-14180,PROD-1089,2024-11-19,2,998.76,69.92,24,En Camino,Medellín,WhatsApp
TRX-14181,PROD-1264,2026-01-29,13,65.31,13.12,2,Entregado,Medellín,App
TRX-14182,PROD-1809,2025-06-05,14,685.17,87.66,24,Retrasado,Barranquilla,WhatsApp
TRX-14183,PROD-3645,2025-05-03,1,1049.85,61.41,17,Devuelto,Cali,Online
TRX-14184,PROD-2816,2025-09-26,11,1039.27,99.01,11,En Camino,Medellín,Online
TRX-14185,PROD-1527,2025-03-21,3,424.29,7.43,13,Devuelto,Bucaramanga,WhatsApp
TRX-14186,PROD-1376,2025-11-14,7,1555.73,83.99,12,Retrasado,Bogotá,WhatsApp
TRX-14187,PROD-2358,2025-09-19,10,604.74,80.24,3,Desconocido,Cali,WhatsApp
TRX-14188,PROD-1501,2024-10-27,11,1165.02,52.345,23,Entregado,Bogotá,App
TRX-14189,PROD-1174,2025-09-16,10,550.33,17.62,20,En Camino,Barranquilla,WhatsApp
TRX-14190,PROD-2888,2025-01-03,8,856.08,36.85,13,Entregado,Bucaramanga,Físico
TRX-14191,PROD-1207,2025-03-02,5,422.95,89.06,15,Perdido,Bogotá,Físico
TRX-14192,PROD-1688,2025-04-10,7,1269.69,54.25,11,Entregado,Barranquilla,Online
TRX-14193,PROD-3350,2025-03-01,2,856.91,43.12,16,Desconocido,Medellín,App
TRX-14194,PROD-2774,2025-03-24,12,42.07,91.02,7,Retrasado,Barranquilla,App
TRX-14195,PROD-3967,2025-09-10,12,66.05,13.87,1,Retrasado,Bucaramanga,Online
TRX-14196,PROD-2617,2025-02-05,4,947.56,49.95,23,Perdido,Medellín,Físico
TRX-14197,PROD-3032,2025-11-26,6,374.62,66.98,19,Entregado,Barranquilla,Físico
TRX-14198,PROD-1120,2025-10-25,12,1174.23,62.81,18,Desconocido,Barranquilla,App
TRX-14199,PROD-2567,2025-05-06,12,822.3,30.11,9,Retrasado,Ventas_Web,WhatsApp
TRX-14201,PROD-2747,2025-05-23,12,1905.27,58.51,18,Retrasado,Barranquilla,App
TRX-14202,PROD-1707,2025-01-06,12,1062.18,72.31,3,Retrasado,Cali,App
TRX-14203,PROD-2449,2024-12-02,14,1576.88,60.56,3,Devuelto,Medellín,App
TRX-14204,PROD-1879,2024-12-08,12,1508.55,70.02,4,En Camino,Medellín,App
TRX-14205,PROD-1766,2024-11-15,12,1844.36,29.33,16,Devuelto,Bucaramanga,App
TRX-14206,PROD-2126,2025-06-26,5,435.9,84.12,11,Retrasado,Cali,App
TRX-14207,PROD-2146,2025-01-11,6,1656.38,47.72,23,Desconocido,Bucaramanga,App
TRX-14208,PROD-2826,2025-05-04,12,1811.99,98.79,23,Entregado,Cali,App
TRX-14209,PROD-1608,2024-12-06,2,791.6,7.21,15,Devuelto,Bogotá,WhatsApp
TRX-14210,PROD-1141,2024-10-06,7,634.49,41.13,9,Perdido,Barranquilla,Online
TRX-14211,PROD-3515,2025-12-25,8,1904.55,22.15,26,En Camino,Bogotá,Físico
TRX-14212,PROD-3536,2025-06-07,13,1258.99,52.345,8,Entregado,Ventas_Web,Online
TRX-14213,PROD-3527,2026-01-17,14,767.55,57.78,22,Devuelto,Medellín,Online
TRX-14214,PROD-2006,2025-03-30,11,1585.74,28.1,6,En Camino,Barranquilla,App
TRX-14215,PROD-3651,2025-09-21,9,615.9,75.06,21,Desconocido,Ventas_Web,App
TRX-14216,PROD-2208,2025-05-19,6,361.05,88.78,18,Devuelto,Ventas_Web,App
TRX-14217,PROD-3043,2025-10-28,7,1092.5,25.03,6,Perdido,Ventas_Web,Online
TRX-14218,PROD-2687,2025-08-22,13,1136.76,20.26,6,Retrasado,Medellín,WhatsApp
TRX-14219,PROD-3255,2026-01-08,12,1653.24,88.16,12,Perdido,Medellín,App
TRX-14220,PROD-2962,2025-07-23,13,919.48,39.32,5,Retrasado,Medellín,App
TRX-14221,PROD-1249,2024-12-22,1,1631.03,46.29,14,En Camino,Bogotá,Físico
TRX-14222,PROD-1359,2025-10-19,9,629.53,25.99,6,Devuelto,Cali,WhatsApp
TRX-14223,PROD-2145,2025-03-25,6,1154.98,45.4,21,Devuelto,Ventas_Web,App
TRX-14224,PROD-2568,2024-10-09,12,424.86,52.345,27,Perdido,Barranquilla,WhatsApp
TRX-14225,PROD-1562,2025-12-19,4,777.04,26.97,28,Entregado,Bogotá,Físico
TRX-14226,PROD-2717,2024-10-04,10,1716.5,68.26,20,En Camino,Ventas_Web,Online
TRX-14227,PROD-1816,2025-03-07,9,439.82,52.39,19,Desconocido,Medellín,Físico
TRX-14228,PROD-3632,2025-02-15,12,1622.38,79.87,14,Retrasado,Medellín,WhatsApp
TRX-14229,PROD-3153,2025-07-01,1,572.91,34.71,1,En Camino,Ventas_Web,App
TRX-14230,PROD-2020,2026-01-14,2,78.63,53.03,27,Desconocido,Bucaramanga,App
TRX-14231,PROD-3583,2024-10-29,3,228.77,29.65,20,Perdido,Medellín,Físico
TRX-14232,PROD-3226,2024-12-01,1,1494.3,93.78,29,Desconocido,Barranquilla,Físico
TRX-14233,PROD-1079,2025-03-10,2,531.52,54.58,25,Devuelto,Medellín,WhatsApp
TRX-14234,PROD-2566,2025-08-23,2,1311.75,21.48,23,Retrasado,Medellín,WhatsApp
TRX-14235,PROD-3921,2025-03-11,7,1401.41,30.91,7,Retrasado,Bogotá,WhatsApp
TRX-14236,PROD-2470,2026-02-01,10,696.79,52.345,7,Desconocido,Cali,App
TRX-14237,PROD-2964,2025-06-02,13,955.09,12.88,14,Retrasado,Ventas_Web,Físico
TRX-14238,PROD-3230,2025-09-03,6,813.5,7.64,20,Retrasado,Medellín,WhatsApp
TRX-14239,PROD-2985,2026-02-03,12,1895.22,54.96,16,En Camino,Cali,Físico
TRX-14240,PROD-2409,2025-12-26,9,646.7,37.03,12,En Camino,Ventas_Web,App
TRX-14241,PROD-3316,2025-07-16,14,374.81,96.56,23,Desconocido,Medellín,Online
TRX-14242,PROD-3057,2025-11-27,5,737.53,21.28,11,Perdido,Barranquilla,WhatsApp
TRX-14243,PROD-2317,2025-02-11,9,1342.34,80.42,18,Desconocido,Bogotá,Online
TRX-14244,PROD-2590,2025-10-12,14,1397.75,35.02,12,Desconocido,Bogotá,App
TRX-14245,PROD-2107,2025-06-22,13,1848.87,26.24,24,Devuelto,Ventas_Web,Físico
TRX-14246,PROD-1736,2025-05-05,12,1764.69,97.12,10,Desconocido,Ventas_Web,Online
TRX-14247,PROD-1106,2025-03-24,10,583.76,81.24,24,Desconocido,Cali,Físico
TRX-14248,PROD-2306,2025-05-01,14,915.77,52.345,25,Devuelto,Bogotá,WhatsApp
TRX-14249,PROD-3445,2024-11-14,14,1497.07,64.91,5,En Camino,Cali,WhatsApp
TRX-14250,PROD-1897,2025-01-18,9,1833.91,71.23,26,Perdido,Bogotá,App
TRX-14251,PROD-1120,2025-09-22,2,680.96,99.18,24,Entregado,Cali,WhatsApp
TRX-14252,PROD-2150,2025-02-28,12,894.44,61.35,2,Desconocido,Cali,Físico
TRX-14253,PROD-1239,2025-12-12,9,1799.96,14.68,10,Desconocido,Bogotá,WhatsApp
TRX-14254,PROD-2932,2025-02-05,3,723.38,11.16,26,Desconocido,Bucaramanga,Online
TRX-14255,PROD-3168,2025-11-10,11,966.22,68.33,24,Retrasado,Medellín,Físico
TRX-14256,PROD-2464,2024-12-08,3,1809.96,67.47,26,Desconocido,Medellín,WhatsApp
TRX-14257,PROD-3392,2025-08-24,12,1606.46,76.08,16,Devuelto,Medellín,Online
TRX-14258,PROD-1953,2025-12-16,11,494.43,15.33,25,Retrasado,Bogotá,Físico
TRX-14259,PROD-1653,2024-11-06,14,656.34,94.77,6,Devuelto,Bogotá,Online
TRX-14260,PROD-1410,2024-10-10,9,712.39,52.345,6,Desconocido,Medellín,Físico
TRX-14261,PROD-2015,2025-09-12,7,1826.35,57.36,20,Entregado,Bogotá,Online
TRX-14262,PROD-3690,2025-11-25,14,1997.88,66.71,29,Desconocido,Medellín,Online
TRX-14263,PROD-1987,2025-10-30,11,1550.27,8.31,24,Devuelto,Medellín,WhatsApp
TRX-14264,PROD-2091,2025-04-15,8,973.81,96.29,23,Desconocido,Cali,App
TRX-14265,PROD-3185,2026-02-03,7,30.25,58.45,12,Entregado,Bucaramanga,WhatsApp
TRX-14266,PROD-1229,2025-08-12,9,1398.0,58.52,9,Devuelto,Bogotá,Físico
TRX-14267,PROD-1898,2024-12-14,8,784.83,94.64,17,En Camino,Bucaramanga,Online
TRX-14268,PROD-3358,2024-11-11,14,1269.64,93.29,10,Retrasado,Bogotá,Físico
TRX-14269,PROD-2590,2025-06-30,4,1217.32,25.93,8,Perdido,Medellín,WhatsApp
TRX-14270,PROD-2453,2025-03-07,2,966.86,93.45,24,Perdido,Ventas_Web,Físico
TRX-14271,PROD-1711,2025-05-23,14,1889.33,74.98,9,Devuelto,Barranquilla,WhatsApp
TRX-14272,PROD-1721,2025-10-04,13,56.06,52.345,7,Perdido,Bogotá,WhatsApp
TRX-14273,PROD-1968,2026-01-14,11,1427.14,6.8,25,Desconocido,Ventas_Web,App
TRX-14274,PROD-3426,2025-03-05,5,825.58,27.79,10,Retrasado,Medellín,WhatsApp
TRX-14275,PROD-2302,2025-08-12,2,1430.44,44.23,24,En Camino,Barranquilla,Online
TRX-14276,PROD-3857,2024-11-17,4,1353.69,60.37,25,En Camino,Cali,WhatsApp
TRX-14277,PROD-2469,2024-10-31,14,30.37,71.63,25,Entregado,Ventas_Web,WhatsApp
TRX-14278,PROD-3423,2025-08-07,12,577.82,24.97,1,Perdido,Medellín,Online
TRX-14279,PROD-1115,2025-01-28,2,386.29,84.49,19,Desconocido,Bogotá,WhatsApp
TRX-14280,PROD-3881,2025-10-18,5,342.3,85.34,22,Retrasado,Bogotá,Físico
TRX-14281,PROD-3869,2025-01-22,6,1459.67,65.32,28,Perdido,Ventas_Web,App
TRX-14282,PROD-2440,2025-05-27,11,486.71,92.5,11,Retrasado,Medellín,Online
TRX-14283,PROD-3325,2025-03-27,1,954.73,82.23,23,Entregado,Ventas_Web,Online
TRX-14284,PROD-3308,2025-04-18,12,501.51,52.345,20,Desconocido,Medellín,Físico
TRX-14285,PROD-1582,2025-08-03,8,1164.67,26.05,10,Perdido,Bogotá,Online
TRX-14286,PROD-3306,2025-07-23,2,1443.94,80.87,2,En Camino,Cali,Físico
TRX-14287,PROD-1771,2025-10-16,14,668.84,95.55,14,Entregado,Medellín,Online
TRX-14288,PROD-3016,2025-05-19,5,1210.01,18.07,12,Desconocido,Cali,WhatsApp
TRX-14289,PROD-3220,2025-04-25,11,1651.46,97.98,4,Perdido,Medellín,Online
TRX-14290,PROD-2265,2025-07-11,8,197.51,7.37,22,En Camino,Bogotá,App
TRX-14291,PROD-1719,2025-05-04,5,1424.23,54.61,13,En Camino,Ventas_Web,Online
TRX-14292,PROD-3008,2024-12-19,3,653.06,78.52,20,Retrasado,Bogotá,Online
TRX-14293,PROD-1155,2024-10-17,6,254.07,80.09,28,En Camino,Bogotá,App
TRX-14294,PROD-1369,2025-11-25,1,1095.85,74.79,10,Devuelto,Bogotá,Online
TRX-14295,PROD-1230,2025-04-30,1,460.26,55.29,2,Perdido,Bucaramanga,Físico
TRX-14296,PROD-1952,2025-06-24,8,1644.51,52.345,25,Perdido,Ventas_Web,Físico
TRX-14297,PROD-3464,2025-02-04,7,95.36,66.84,17,Retrasado,Cali,App
TRX-14298,PROD-1896,2026-01-27,10,206.32,71.49,10,En Camino,Bogotá,WhatsApp
TRX-14299,PROD-1081,2025-12-08,10,1046.78,51.98,23,Retrasado,Medellín,Online
TRX-14301,PROD-2957,2025-12-31,11,1462.47,85.4,9,Retrasado,Bogotá,App
TRX-14302,PROD-1002,2024-11-27,11,525.93,34.72,19,Perdido,Cali,Online
TRX-14303,PROD-2358,2024-12-11,3,1685.1,54.7,11,Desconocido,Bucaramanga,WhatsApp
TRX-14304,PROD-3515,2025-11-19,8,1906.75,5.81,6,Desconocido,Bogotá,Online
TRX-14305,PROD-1825,2025-06-04,11,1003.09,70.31,25,Retrasado,Medellín,Online
TRX-14306,PROD-1534,2025-01-25,8,1523.46,23.56,25,Perdido,Ventas_Web,App
TRX-14307,PROD-2395,2025-02-15,14,1054.45,50.7,4,Entregado,Bogotá,WhatsApp
TRX-14308,PROD-3936,2025-01-03,14,148.24,52.345,16,Devuelto,Cali,App
TRX-14309,PROD-1726,2025-10-12,1,658.96,24.97,12,Devuelto,Bogotá,WhatsApp
TRX-14310,PROD-2325,2025-12-13,10,184.1,7.24,24,Perdido,Barranquilla,WhatsApp
TRX-14311,PROD-1243,2025-10-14,7,1977.87,50.91,24,Desconocido,Medellín,App
TRX-14312,PROD-1089,2025-10-10,2,465.76,45.36,27,Entregado,Bogotá,WhatsApp
TRX-14313,PROD-1605,2025-06-26,12,1275.44,45.39,16,En Camino,Bucaramanga,Online
TRX-14314,PROD-3402,2025-10-09,2,575.85,24.84,23,Retrasado,Medellín,App
TRX-14315,PROD-3886,2025-01-24,2,1309.96,94.98,22,En Camino,Medellín,App
TRX-14316,PROD-1580,2025-11-10,13,428.7,5.33,3,Entregado,Bogotá,Online
TRX-14317,PROD-1454,2025-06-16,5,1572.69,89.7,12,Devuelto,Bogotá,WhatsApp
TRX-14318,PROD-3155,2025-06-27,7,230.52,75.01,15,En Camino,Cali,WhatsApp
TRX-14319,PROD-2494,2025-01-11,4,1791.35,21.35,20,Entregado,Medellín,WhatsApp
TRX-14320,PROD-1297,2025-10-08,11,1682.44,52.345,12,Devuelto,Medellín,Online
TRX-14321,PROD-2530,2025-08-01,12,1360.83,49.86,9,Desconocido,Bogotá,App
TRX-14322,PROD-3885,2024-12-20,4,144.16,98.94,10,En Camino,Cali,Físico
TRX-14323,PROD-3712,2025-10-14,9,425.05,66.15,23,Desconocido,Barranquilla,App
TRX-14324,PROD-2620,2025-02-27,14,1720.13,17.1,27,Devuelto,Ventas_Web,Físico
TRX-14325,PROD-3400,2025-04-26,10,252.73,48.48,8,Perdido,Bogotá,App
TRX-14326,PROD-1413,2025-10-11,9,320.3,49.48,13,Devuelto,Bogotá,Físico
TRX-14327,PROD-2378,2025-07-20,7,1092.57,81.22,22,Devuelto,Ventas_Web,Online
TRX-14328,PROD-2236,2024-10-28,14,555.61,92.04,15,Entregado,Barranquilla,WhatsApp
TRX-14329,PROD-2321,2024-12-18,10,451.93,12.81,28,Entregado,Cali,Online
TRX-14330,PROD-1558,2025-01-18,4,1155.87,34.83,17,Retrasado,Medellín,WhatsApp
TRX-14331,PROD-1645,2025-08-16,8,751.43,33.35,27,Entregado,Barranquilla,App
TRX-14332,PROD-3999,2025-12-14,10,289.71,52.345,12,Perdido,Barranquilla,Online
TRX-14333,PROD-2789,2025-03-23,3,1074.36,99.62,16,Perdido,Bogotá,App
TRX-14334,PROD-3618,2024-11-29,3,780.15,58.13,25,Desconocido,Cali,WhatsApp
TRX-14335,PROD-2995,2025-11-30,12,1471.69,88.58,11,Devuelto,Cali,App
TRX-14336,PROD-3659,2025-09-16,7,214.48,45.47,19,Entregado,Ventas_Web,Online
TRX-14337,PROD-2299,2026-01-26,13,1245.02,73.66,29,Retrasado,Bogotá,Físico
TRX-14338,PROD-1713,2025-02-28,11,878.62,32.23,13,Entregado,Bogotá,WhatsApp
TRX-14339,PROD-3896,2025-07-04,12,818.06,91.62,3,Retrasado,Bogotá,App
TRX-14340,PROD-3301,2025-12-09,9,472.25,48.24,25,Devuelto,Cali,Físico
TRX-14341,PROD-3840,2025-03-05,13,70.55,81.35,4,Desconocido,Ventas_Web,Físico
TRX-14342,PROD-3513,2025-12-27,11,1696.9,29.3,24,Desconocido,Barranquilla,Online
TRX-14343,PROD-2461,2025-09-18,4,659.56,70.89,15,Perdido,Ventas_Web,App
TRX-14344,PROD-1914,2024-12-04,4,1365.37,52.345,14,Entregado,Bogotá,Online
TRX-14345,PROD-3726,2025-01-19,1,1895.7,43.49,28,Entregado,Bucaramanga,App
TRX-14346,PROD-3412,2025-08-29,1,1134.33,7.99,11,Perdido,Bogotá,Físico
TRX-14347,PROD-1718,2026-02-03,13,800.32,44.24,28,Perdido,Cali,App
TRX-14348,PROD-2549,2025-04-05,14,543.86,57.25,13,Desconocido,Bucaramanga,WhatsApp
TRX-14349,PROD-2256,2024-12-20,3,1868.75,19.42,20,Desconocido,Bucaramanga,Físico
TRX-14350,PROD-3820,2025-09-02,12,1367.33,22.47,18,Desconocido,Bogotá,WhatsApp
TRX-14351,PROD-2206,2024-12-07,13,1333.91,49.16,13,En Camino,Bucaramanga,Online
TRX-14352,PROD-1521,2025-05-01,7,858.06,37.56,21,En Camino,Bucaramanga,WhatsApp
TRX-14353,PROD-1727,2025-02-08,13,1691.65,46.87,27,En Camino,Medellín,Online
TRX-14354,PROD-3985,2025-09-29,9,1430.21,48.78,19,Perdido,Bogotá,Online
TRX-14355,PROD-1007,2025-10-22,4,573.53,18.31,4,En Camino,Bucaramanga,WhatsApp
TRX-14356,PROD-3875,2025-05-21,2,1203.16,52.345,12,Entregado,Bucaramanga,App
TRX-14357,PROD-3346,2025-02-23,6,866.09,22.21,3,Perdido,Bogotá,WhatsApp
TRX-14358,PROD-2603,2024-11-14,6,23.11,85.58,16,Entregado,Cali,App
TRX-14359,PROD-3324,2025-02-11,9,1617.17,20.46,1,Perdido,Medellín,Online
TRX-14360,PROD-1132,2025-08-08,4,254.43,68.26,4,Devuelto,Cali,WhatsApp
TRX-14361,PROD-1745,2025-12-30,8,1024.81,44.76,9,Entregado,Medellín,WhatsApp
TRX-14362,PROD-3467,2025-10-21,13,679.09,96.98,23,Perdido,Medellín,App
TRX-14363,PROD-2303,2024-10-23,14,690.76,11.28,13,Retrasado,Bucaramanga,WhatsApp
TRX-14364,PROD-3504,2025-05-03,13,959.96,83.89,22,Perdido,Medellín,WhatsApp
TRX-14365,PROD-1904,2025-07-11,3,1994.08,51.69,10,Devuelto,Bogotá,App
TRX-14366,PROD-3619,2025-06-15,2,822.68,5.51,9,Perdido,Medellín,App
TRX-14367,PROD-3316,2025-07-01,9,372.84,30.05,20,Devuelto,Bogotá,Físico
TRX-14368,PROD-1426,2025-06-25,6,1231.08,52.345,6,En Camino,Cali,App
TRX-14369,PROD-3032,2025-10-08,11,480.21,43.73,19,Entregado,Medellín,Online
TRX-14370,PROD-1576,2024-11-05,8,220.04,34.85,3,Devuelto,Bogotá,Online
TRX-14371,PROD-2356,2024-11-23,11,109.85,39.43,10,Retrasado,Ventas_Web,App
TRX-14372,PROD-1318,2025-04-11,10,55.53,92.08,10,Entregado,Barranquilla,Físico
TRX-14373,PROD-1974,2025-08-23,9,868.02,39.29,24,Perdido,Barranquilla,Físico
TRX-14374,PROD-2420,2024-10-01,1,859.18,44.79,21,Perdido,Medellín,WhatsApp
TRX-14375,PROD-2308,2024-12-02,13,379.24,77.31,24,Devuelto,Medellín,Físico
TRX-14376,PROD-1687,2024-12-21,1,1570.2,80.41,25,Retrasado,Cali,Online
TRX-14377,PROD-3605,2024-10-16,11,267.25,12.99,2,Devuelto,Bogotá,Online
TRX-14378,PROD-1363,2025-02-09,5,1831.48,71.89,13,Retrasado,Barranquilla,App
TRX-14379,PROD-3903,2025-08-04,9,1179.28,50.84,7,Desconocido,Bucaramanga,App
TRX-14380,PROD-3744,2025-08-28,7,64.96,52.345,29,Devuelto,Bogotá,WhatsApp
TRX-14381,PROD-3617,2025-10-03,7,1926.32,17.72,13,En Camino,Cali,App
TRX-14382,PROD-3987,2024-12-09,2,622.8,30.15,14,En Camino,Medellín,Físico
TRX-14383,PROD-2375,2025-04-24,3,905.45,9.28,28,En Camino,Bogotá,WhatsApp
TRX-14384,PROD-2829,2024-10-08,4,575.69,39.22,18,Devuelto,Cali,App
TRX-14385,PROD-1046,2024-10-21,2,1459.56,29.26,14,Entregado,Bogotá,App
TRX-14386,PROD-2086,2025-11-12,10,976.5,41.3,23,Perdido,Bogotá,App
TRX-14387,PROD-1858,2026-01-02,9,273.42,60.13,27,Entregado,Medellín,App
TRX-14388,PROD-2022,2025-10-02,5,217.37,74.57,13,Perdido,Cali,App
TRX-14389,PROD-3839,2025-07-10,13,1453.5,62.51,19,Retrasado,Medellín,Online
TRX-14390,PROD-1277,2024-11-04,7,481.79,69.45,8,En Camino,Medellín,WhatsApp
TRX-14391,PROD-2435,2025-09-09,11,284.21,87.24,4,En Camino,Bucaramanga,Online
TRX-14392,PROD-2051,2025-10-02,9,1003.86,52.345,9,Perdido,Cali,WhatsApp
TRX-14393,PROD-1442,2024-11-14,5,1607.5,88.01,12,En Camino,Ventas_Web,Físico
TRX-14394,PROD-3950,2025-06-25,6,564.78,86.77,20,Entregado,Medellín,Físico
TRX-14395,PROD-1005,2025-09-28,4,560.1,19.55,2,Devuelto,Medellín,Físico
TRX-14396,PROD-1197,2025-05-12,14,1669.42,28.85,29,En Camino,Medellín,WhatsApp
TRX-14397,PROD-2580,2025-04-22,8,304.19,52.72,4,Desconocido,Bucaramanga,Online
TRX-14398,PROD-2794,2024-09-30,1,1237.29,39.08,21,En Camino,Barranquilla,Online
TRX-14399,PROD-4000,2025-01-22,1,1910.48,17.51,24,Desconocido,Cali,App
TRX-14401,PROD-1681,2024-11-03,5,133.01,97.67,19,Devuelto,Medellín,Físico
TRX-14402,PROD-2695,2025-08-21,10,646.62,37.96,9,Perdido,Barranquilla,WhatsApp
TRX-14403,PROD-3019,2025-05-13,9,293.33,44.8,9,Devuelto,Bogotá,App
TRX-14404,PROD-2551,2024-12-01,2,1898.99,52.345,11,Devuelto,Medellín,Online
TRX-14405,PROD-2438,2025-09-24,11,1972.02,5.61,10,Perdido,Bogotá,App
TRX-14406,PROD-3236,2024-10-08,3,477.64,73.34,3,Devuelto,Cali,App
TRX-14407,PROD-2537,2024-11-30,8,1342.7,44.29,8,Retrasado,Ventas_Web,App
TRX-14408,PROD-1415,2024-11-14,5,1684.85,14.8,22,Desconocido,Cali,App
TRX-14409,PROD-2963,2025-03-14,3,475.02,97.01,11,Entregado,Bogotá,Online
TRX-14410,PROD-3367,2025-12-01,6,383.48,78.86,6,Devuelto,Cali,Online
TRX-14411,PROD-3666,2026-01-17,6,32.31,73.98,18,Entregado,Cali,Online
TRX-14412,PROD-3814,2025-06-11,14,829.81,96.0,8,Retrasado,Bucaramanga,Online
TRX-14413,PROD-1923,2025-10-06,5,1799.88,43.71,23,Retrasado,Medellín,Físico
TRX-14414,PROD-1666,2025-07-08,5,1806.93,73.26,2,Devuelto,Bogotá,WhatsApp
TRX-14415,PROD-2848,2025-12-29,6,264.21,24.59,20,En Camino,Cali,Físico
TRX-14416,PROD-1301,2024-10-07,2,416.66,52.345,5,Devuelto,Bucaramanga,App
TRX-14417,PROD-1136,2025-06-19,6,822.01,71.23,25,Entregado,Medellín,App
TRX-14418,PROD-2207,2025-03-08,2,1563.44,6.34,10,Retrasado,Bogotá,App
TRX-14419,PROD-1082,2024-11-24,3,1227.58,17.0,18,Entregado,Medellín,App
TRX-14420,PROD-2305,2025-06-10,2,1032.56,45.4,12,Entregado,Bogotá,Físico
TRX-14421,PROD-2069,2026-02-04,1,1187.94,6.15,28,Perdido,Ventas_Web,Online
TRX-14422,PROD-1428,2025-01-21,12,201.44,48.89,23,Retrasado,Bucaramanga,App
TRX-14423,PROD-1303,2025-09-03,1,960.55,54.67,21,Retrasado,Ventas_Web,Físico
TRX-14424,PROD-2400,2025-05-20,9,1984.21,64.05,2,Entregado,Bogotá,Físico
TRX-14425,PROD-1696,2025-12-31,13,186.01,14.54,10,Desconocido,Ventas_Web,App
TRX-14426,PROD-2537,2025-01-07,4,1043.3,22.2,12,Retrasado,Ventas_Web,App
TRX-14427,PROD-1659,2026-01-30,5,598.34,63.26,19,Desconocido,Medellín,Físico
TRX-14428,PROD-3998,2025-03-21,10,1084.43,52.345,5,Desconocido,Barranquilla,WhatsApp
TRX-14429,PROD-1307,2024-10-08,14,1151.9,67.53,10,Devuelto,Cali,Físico
TRX-14430,PROD-3240,2025-09-12,7,1159.17,7.46,1,Perdido,Bogotá,WhatsApp
TRX-14431,PROD-1381,2025-11-18,2,1705.9,56.33,7,Devuelto,Barranquilla,App
TRX-14432,PROD-2384,2025-07-28,12,785.6,79.57,1,En Camino,Medellín,Online
TRX-14433,PROD-3433,2025-04-25,11,1037.54,11.56,22,En Camino,Bucaramanga,Online
TRX-14434,PROD-3513,2024-12-08,10,31.75,44.25,28,Desconocido,Barranquilla,WhatsApp
TRX-14435,PROD-2977,2025-05-05,9,1581.21,36.02,22,Entregado,Medellín,App
TRX-14436,PROD-3885,2024-12-24,12,526.38,91.8,17,Desconocido,Barranquilla,App
TRX-14437,PROD-1126,2025-03-22,4,1634.94,22.65,12,En Camino,Ventas_Web,WhatsApp
TRX-14438,PROD-2766,2025-03-15,10,538.62,35.24,7,Devuelto,Medellín,Online
TRX-14439,PROD-3677,2025-09-11,10,31.47,90.35,8,En Camino,Ventas_Web,Físico
TRX-14440,PROD-1675,2025-09-11,13,318.11,52.345,3,Entregado,Bucaramanga,WhatsApp
TRX-14441,PROD-3487,2025-04-29,13,1971.51,36.41,15,Retrasado,Cali,App
TRX-14442,PROD-2778,2025-02-12,1,646.4,55.48,12,Perdido,Ventas_Web,App
TRX-14443,PROD-1643,2025-08-03,8,226.56,8.14,26,Entregado,Medellín,Online
TRX-14444,PROD-1219,2025-11-30,4,246.33,98.57,17,Entregado,Medellín,WhatsApp
TRX-14445,PROD-1414,2025-10-20,7,627.58,83.37,2,Entregado,Bogotá,WhatsApp
TRX-14446,PROD-2356,2025-07-01,3,84.91,65.27,17,Devuelto,Medellín,WhatsApp
TRX-14447,PROD-1841,2025-06-08,11,1027.86,10.77,25,Retrasado,Bucaramanga,App
TRX-14448,PROD-1778,2025-09-13,12,435.34,12.11,4,Entregado,Bogotá,Físico
TRX-14449,PROD-2676,2024-11-08,9,1043.43,56.77,7,Retrasado,Ventas_Web,WhatsApp
TRX-14450,PROD-3855,2024-09-27,13,290.12,32.08,15,Desconocido,Barranquilla,Físico
TRX-14451,PROD-3269,2024-11-23,5,865.42,64.16,21,Entregado,Cali,App
TRX-14452,PROD-3957,2026-01-03,5,1199.85,52.345,25,Devuelto,Ventas_Web,Físico
TRX-14453,PROD-3989,2024-12-15,3,133.38,61.83,16,Entregado,Ventas_Web,Físico
TRX-14454,PROD-3212,2025-02-02,11,803.51,84.67,25,Desconocido,Bogotá,Físico
TRX-14455,PROD-2086,2025-10-21,9,612.02,31.73,6,En Camino,Medellín,App
TRX-14456,PROD-3705,2025-08-24,3,488.32,59.9,5,Devuelto,Medellín,App
TRX-14457,PROD-2153,2024-11-24,2,1213.02,78.85,26,Entregado,Cali,App
TRX-14458,PROD-2218,2025-06-30,11,1181.2,51.62,16,Entregado,Bucaramanga,Físico
TRX-14459,PROD-1972,2024-11-05,13,1265.09,83.91,1,Entregado,Barranquilla,Online
TRX-14460,PROD-1392,2025-02-22,9,326.18,17.47,15,En Camino,Medellín,Online
TRX-14461,PROD-1203,2025-11-10,12,578.56,74.72,20,En Camino,Bogotá,Online
TRX-14462,PROD-2609,2025-06-19,12,427.26,94.58,5,Entregado,Medellín,Físico
TRX-14463,PROD-3341,2025-08-30,9,1085.6,36.53,13,En Camino,Cali,Online
TRX-14464,PROD-3251,2025-03-12,10,927.52,52.345,14,Entregado,Ventas_Web,App
TRX-14465,PROD-3010,2025-02-25,12,667.28,39.8,25,En Camino,Bogotá,Físico
TRX-14466,PROD-1629,2026-01-13,13,1574.17,12.94,2,Retrasado,Bogotá,WhatsApp
TRX-14467,PROD-1223,2025-06-24,4,197.01,65.94,2,Desconocido,Bogotá,Online
TRX-14468,PROD-2477,2025-09-15,4,1950.04,57.48,19,Entregado,Bogotá,Físico
TRX-14469,PROD-1015,2025-11-22,13,241.92,8.83,19,Desconocido,Cali,WhatsApp
TRX-14470,PROD-2751,2024-10-12,11,1548.41,76.46,12,Entregado,Bogotá,Físico
TRX-14471,PROD-1358,2026-01-18,10,742.78,83.78,23,Perdido,Medellín,WhatsApp
TRX-14472,PROD-2206,2025-04-24,13,1731.87,91.18,17,Perdido,Barranquilla,App
TRX-14473,PROD-3711,2024-12-10,13,157.6,56.84,2,Devuelto,Ventas_Web,Físico
TRX-14474,PROD-3560,2025-02-08,6,755.7,48.0,11,Retrasado,Bogotá,App
TRX-14475,PROD-3458,2025-12-04,9,677.53,88.23,17,Retrasado,Medellín,App
TRX-14476,PROD-2967,2024-12-29,8,1986.38,52.345,14,Devuelto,Medellín,WhatsApp
TRX-14477,PROD-1817,2025-10-04,10,1971.24,42.88,9,Perdido,Cali,Online
TRX-14478,PROD-1397,2025-02-21,3,387.71,67.27,26,Devuelto,Medellín,WhatsApp
TRX-14479,PROD-1105,2025-04-08,6,1263.59,63.46,25,Perdido,Bogotá,Online
TRX-14480,PROD-1847,2025-06-22,13,1075.68,40.36,29,Entregado,Ventas_Web,WhatsApp
TRX-14481,PROD-1699,2025-02-25,7,317.2,13.25,19,Desconocido,Ventas_Web,Físico
TRX-14482,PROD-3614,2024-11-11,6,343.88,7.03,28,Devuelto,Bogotá,Online
TRX-14483,PROD-2195,2026-01-14,3,1978.61,45.68,19,En Camino,Bogotá,Físico
TRX-14484,PROD-1335,2025-05-08,14,910.93,50.71,1,Desconocido,Barranquilla,WhatsApp
TRX-14485,PROD-2939,2025-12-05,14,260.34,83.15,5,Perdido,Bogotá,App
TRX-14486,PROD-1473,2025-12-23,14,437.43,44.37,19,Entregado,Ventas_Web,WhatsApp
TRX-14487,PROD-2263,2024-10-02,13,544.01,31.71,2,En Camino,Ventas_Web,Físico
TRX-14488,PROD-2628,2025-02-18,13,1026.73,52.345,29,En Camino,Cali,WhatsApp
TRX-14489,PROD-2928,2024-11-19,9,677.74,48.9,14,Retrasado,Medellín,App
TRX-14490,PROD-3003,2025-03-03,4,915.47,27.61,19,Perdido,Cali,App
TRX-14491,PROD-3707,2025-09-08,2,341.33,13.68,24,Entregado,Bucaramanga,WhatsApp
TRX-14492,PROD-2085,2026-01-12,9,660.19,15.74,8,Perdido,Ventas_Web,WhatsApp
TRX-14493,PROD-1373,2025-01-07,3,149.93,35.32,17,Entregado,Barranquilla,Físico
TRX-14494,PROD-3629,2025-11-23,6,1780.52,6.2,2,Desconocido,Cali,App
TRX-14495,PROD-3228,2025-10-22,5,405.52,25.92,17,Perdido,Bogotá,Online
TRX-14496,PROD-2587,2025-07-08,14,1516.23,79.81,8,Desconocido,Barranquilla,Físico
TRX-14497,PROD-1757,2025-03-27,13,705.61,27.29,14,En Camino,Bucaramanga,Online
TRX-14498,PROD-2519,2024-11-07,2,954.05,15.52,17,Retrasado,Bucaramanga,App
TRX-14499,PROD-2562,2025-12-11,1,589.61,95.16,6,Desconocido,Bogotá,App
TRX-14501,PROD-1764,2025-01-29,9,1690.65,64.13,29,Perdido,Medellín,App
TRX-14502,PROD-2825,2025-11-01,3,579.68,10.7,11,En Camino,Bogotá,Online
TRX-14503,PROD-1182,2025-08-06,7,492.01,10.91,8,Devuelto,Bogotá,WhatsApp
TRX-14504,PROD-2078,2025-12-14,9,1366.07,63.15,13,Desconocido,Ventas_Web,Físico
TRX-14505,PROD-2801,2024-12-18,9,398.35,56.31,8,Devuelto,Medellín,WhatsApp
TRX-14506,PROD-2904,2025-05-29,12,1283.28,11.5,7,Devuelto,Cali,WhatsApp
TRX-14507,PROD-2078,2025-08-17,10,197.91,26.31,24,Desconocido,Ventas_Web,Físico
TRX-14508,PROD-1926,2025-12-06,6,1244.07,93.26,24,En Camino,Bogotá,Online
TRX-14509,PROD-2100,2025-06-06,8,1031.68,59.34,26,Desconocido,Bucaramanga,App
TRX-14510,PROD-3311,2025-06-26,9,236.67,46.83,3,Entregado,Barranquilla,App
TRX-14511,PROD-1252,2025-06-27,3,1301.72,28.76,2,Devuelto,Cali,Físico
TRX-14512,PROD-1619,2025-12-04,6,898.65,52.345,12,Retrasado,Bogotá,Online
TRX-14513,PROD-3852,2024-09-26,5,442.06,17.7,4,Entregado,Medellín,Físico
TRX-14514,PROD-3733,2024-11-26,7,713.23,43.25,5,En Camino,Cali,Físico
TRX-14515,PROD-1396,2025-12-01,7,989.28,92.62,16,Devuelto,Ventas_Web,App
TRX-14516,PROD-1351,2025-04-12,9,192.19,9.63,2,En Camino,Barranquilla,Físico
TRX-14517,PROD-3736,2024-11-24,1,1915.64,99.14,27,En Camino,Bucaramanga,Online
TRX-14518,PROD-2408,2025-02-12,6,1334.47,24.74,24,Devuelto,Bogotá,Online
TRX-14519,PROD-3217,2025-05-24,5,214.04,43.83,24,En Camino,Bogotá,Online
TRX-14520,PROD-2695,2025-07-11,4,1647.5,9.28,13,Retrasado,Bucaramanga,Online
TRX-14521,PROD-3415,2025-07-04,10,651.88,60.55,28,Retrasado,Medellín,App
TRX-14522,PROD-1931,2025-03-21,12,1197.63,50.94,4,Perdido,Medellín,App
TRX-14523,PROD-3267,2025-03-15,11,561.51,68.34,28,Devuelto,Bogotá,App
TRX-14524,PROD-1249,2025-08-13,14,1469.48,52.345,5,Devuelto,Cali,App
TRX-14525,PROD-2585,2025-11-09,1,1448.79,56.55,27,Devuelto,Bogotá,Online
TRX-14526,PROD-3140,2025-01-11,4,1108.57,42.83,12,Perdido,Bogotá,Online
TRX-14527,PROD-2714,2025-03-16,10,489.44,75.09,15,Desconocido,Medellín,Físico
TRX-14528,PROD-3193,2026-01-10,11,514.87,7.38,5,Retrasado,Bogotá,Físico
TRX-14529,PROD-3814,2025-02-22,7,771.9,56.4,5,Retrasado,Bogotá,App
TRX-14530,PROD-2944,2025-12-30,4,298.57,15.82,16,Devuelto,Bucaramanga,Físico
TRX-14531,PROD-3345,2025-10-27,1,681.93,46.42,25,En Camino,Medellín,App
TRX-14532,PROD-1965,2025-09-13,10,1371.87,80.16,9,Entregado,Bogotá,App
TRX-14533,PROD-2950,2025-04-27,1,1663.38,18.53,15,Entregado,Medellín,App
TRX-14534,PROD-2224,2025-07-16,1,671.84,93.9,27,Devuelto,Ventas_Web,WhatsApp
TRX-14535,PROD-1323,2025-12-15,11,474.84,89.41,4,Devuelto,Ventas_Web,Físico
TRX-14536,PROD-2617,2025-12-19,10,1666.96,52.345,17,Retrasado,Medellín,Físico
TRX-14537,PROD-3925,2026-01-24,5,1782.5,44.42,24,Retrasado,Medellín,App
TRX-14538,PROD-1142,2025-10-31,7,825.94,5.57,27,En Camino,Medellín,Online
TRX-14539,PROD-3056,2025-12-19,9,63.54,80.03,1,Retrasado,Ventas_Web,WhatsApp
TRX-14540,PROD-3339,2025-11-16,8,1392.97,88.69,16,Entregado,Barranquilla,Físico
TRX-14541,PROD-3116,2026-01-12,2,1570.23,21.6,23,Entregado,Bogotá,Online
TRX-14542,PROD-3340,2025-05-20,9,45.87,92.04,28,Retrasado,Cali,App
TRX-14543,PROD-3775,2025-05-06,4,1194.11,91.84,29,Entregado,Bogotá,App
TRX-14544,PROD-3540,2025-03-27,12,1180.85,49.77,20,Desconocido,Cali,Físico
TRX-14545,PROD-1603,2024-11-09,10,763.63,80.81,17,Entregado,Medellín,Físico
TRX-14546,PROD-1492,2026-01-01,11,1502.04,47.27,4,Entregado,Cali,WhatsApp
TRX-14547,PROD-2839,2025-10-13,5,862.08,58.58,23,Entregado,Cali,Físico
TRX-14548,PROD-1708,2025-04-18,12,1356.78,52.345,13,Perdido,Cali,WhatsApp
TRX-14549,PROD-1684,2025-02-26,11,1039.06,35.38,8,Devuelto,Ventas_Web,App
TRX-14550,PROD-1867,2025-05-05,5,504.44,20.15,18,En Camino,Barranquilla,Online
TRX-14551,PROD-1789,2025-02-13,4,1216.94,75.92,13,Perdido,Bucaramanga,Online
TRX-14552,PROD-1516,2025-11-15,13,1476.45,5.13,9,En Camino,Bogotá,WhatsApp
TRX-14553,PROD-1174,2025-01-11,6,1948.07,60.06,5,Perdido,Barranquilla,WhatsApp
TRX-14554,PROD-2734,2025-08-06,1,766.42,87.15,11,Perdido,Bogotá,Físico
TRX-14555,PROD-1320,2025-09-20,2,138.3,26.02,28,En Camino,Bogotá,Físico
TRX-14556,PROD-3798,2025-09-19,4,1976.06,36.63,14,Devuelto,Ventas_Web,Físico
TRX-14557,PROD-2783,2025-12-31,4,1251.38,60.81,24,Retrasado,Medellín,Online
TRX-14558,PROD-1827,2025-02-01,8,1893.44,28.45,18,Perdido,Bucaramanga,Físico
TRX-14559,PROD-3569,2025-01-13,9,216.62,85.51,18,Devuelto,Bogotá,Físico
TRX-14560,PROD-1605,2025-08-12,12,690.65,52.345,20,Retrasado,Medellín,App
TRX-14561,PROD-3437,2025-12-01,4,276.53,39.83,16,En Camino,Ventas_Web,WhatsApp
TRX-14562,PROD-2056,2024-12-20,6,1672.67,60.25,4,Perdido,Medellín,Físico
TRX-14563,PROD-2309,2025-03-02,4,1761.88,26.48,19,Retrasado,Barranquilla,App
TRX-14564,PROD-3978,2025-08-22,4,1007.61,8.93,5,Devuelto,Cali,Online
TRX-14565,PROD-1274,2025-11-04,12,381.35,21.5,2,Retrasado,Bogotá,Físico
TRX-14566,PROD-1356,2024-12-06,11,262.97,9.39,17,En Camino,Medellín,Online
TRX-14567,PROD-2589,2025-06-30,12,1180.45,49.52,28,Retrasado,Cali,Online
TRX-14568,PROD-3278,2025-11-08,9,1017.69,60.73,4,Entregado,Cali,Online
TRX-14569,PROD-2627,2024-09-29,14,1392.63,9.24,6,Perdido,Cali,Online
TRX-14570,PROD-3261,2025-01-13,4,617.36,13.6,22,Devuelto,Bucaramanga,WhatsApp
TRX-14571,PROD-2335,2024-10-28,13,810.71,51.12,18,Desconocido,Medellín,Online
TRX-14572,PROD-2131,2025-06-15,6,52.51,52.345,6,Devuelto,Cali,App
TRX-14573,PROD-3128,2025-01-13,14,1224.18,80.92,20,Perdido,Medellín,App
TRX-14574,PROD-2876,2025-07-11,13,852.06,64.66,26,Perdido,Bogotá,Online
TRX-14575,PROD-1050,2025-05-03,9,1840.33,14.95,15,Entregado,Bucaramanga,Online
TRX-14576,PROD-3868,2025-04-21,3,1287.15,89.32,1,Entregado,Medellín,WhatsApp
TRX-14577,PROD-3552,2024-10-10,7,803.4,92.16,17,Devuelto,Bogotá,Físico
TRX-14578,PROD-3406,2025-05-21,7,534.54,35.87,2,Desconocido,Ventas_Web,Online
TRX-14579,PROD-3140,2025-02-03,1,1811.52,63.52,4,Retrasado,Bucaramanga,App
TRX-14580,PROD-2718,2025-04-30,11,42.37,51.77,24,Desconocido,Bucaramanga,App
TRX-14581,PROD-1460,2025-10-18,2,660.56,94.49,3,Perdido,Medellín,WhatsApp
TRX-14582,PROD-2697,2025-01-02,5,1887.58,53.33,27,Entregado,Bogotá,App
TRX-14583,PROD-1612,2025-02-09,8,1311.53,96.2,21,Entregado,Medellín,App
TRX-14584,PROD-1607,2025-03-10,6,1070.11,52.345,3,Entregado,Medellín,Online
TRX-14585,PROD-3320,2026-02-02,14,415.03,23.94,24,Retrasado,Bogotá,WhatsApp
TRX-14586,PROD-3408,2025-04-01,14,1668.42,37.83,14,Devuelto,Ventas_Web,App
TRX-14587,PROD-3386,2026-01-17,13,416.36,79.23,20,Desconocido,Bogotá,App
TRX-14588,PROD-1410,2024-10-17,13,504.02,79.44,27,Devuelto,Ventas_Web,WhatsApp
TRX-14589,PROD-1432,2025-12-31,7,391.78,74.56,8,Entregado,Medellín,WhatsApp
TRX-14590,PROD-3304,2025-12-03,3,324.72,86.66,29,Retrasado,Bogotá,App
TRX-14591,PROD-1413,2024-10-25,6,1907.09,71.74,8,Retrasado,Cali,Físico
TRX-14592,PROD-2171,2025-08-31,9,1208.04,65.43,9,Devuelto,Bogotá,Online
TRX-14593,PROD-3193,2025-08-17,3,1279.3,48.6,18,Perdido,Barranquilla,App
TRX-14594,PROD-2408,2024-09-28,14,1909.11,49.37,27,Entregado,Ventas_Web,App
TRX-14595,PROD-2683,2025-12-12,13,468.84,43.59,26,Retrasado,Ventas_Web,Online
TRX-14596,PROD-2081,2025-04-04,13,21.78,52.345,7,Perdido,Cali,App
TRX-14597,PROD-2568,2025-05-10,13,1201.78,63.92,10,En Camino,Bogotá,App
TRX-14598,PROD-3682,2025-02-06,6,1020.61,43.63,1,Desconocido,Barranquilla,WhatsApp
TRX-14599,PROD-2988,2025-08-11,7,960.52,19.01,29,Entregado,Ventas_Web,App
TRX-14601,PROD-3494,2026-01-08,5,914.33,92.82,4,En Camino,Ventas_Web,WhatsApp
TRX-14602,PROD-2937,2025-04-26,10,582.24,7.35,20,Devuelto,Medellín,App
TRX-14603,PROD-1153,2026-01-30,13,556.38,15.02,4,Devuelto,Ventas_Web,App
TRX-14604,PROD-1705,2025-09-06,8,452.54,47.3,23,Desconocido,Barranquilla,Online
TRX-14605,PROD-2128,2025-09-21,8,671.73,29.98,29,Devuelto,Barranquilla,Online
TRX-14606,PROD-2650,2025-03-24,6,712.73,43.56,14,Desconocido,Medellín,Físico
TRX-14607,PROD-1589,2025-03-09,7,624.46,16.16,5,Retrasado,Medellín,Online
TRX-14608,PROD-3532,2025-07-01,3,1957.72,52.345,5,Retrasado,Medellín,Online
TRX-14609,PROD-3493,2024-10-30,13,1866.13,17.44,19,Perdido,Ventas_Web,Físico
TRX-14610,PROD-3788,2025-03-04,7,1153.28,81.06,26,En Camino,Medellín,App
TRX-14611,PROD-3841,2026-01-06,7,1962.3,77.12,21,Devuelto,Barranquilla,Online
TRX-14612,PROD-2645,2025-12-18,4,1982.48,14.9,5,Devuelto,Medellín,Online
TRX-14613,PROD-1158,2025-12-09,10,718.32,68.44,24,Retrasado,Barranquilla,Físico
TRX-14614,PROD-2621,2026-01-25,14,895.92,62.88,11,Retrasado,Ventas_Web,Online
TRX-14615,PROD-2357,2025-02-11,13,1918.53,72.77,2,Retrasado,Bucaramanga,WhatsApp
TRX-14616,PROD-3828,2025-05-28,4,1221.17,50.07,15,Entregado,Ventas_Web,Online
TRX-14617,PROD-1973,2025-11-27,14,433.73,30.65,14,En Camino,Bucaramanga,App
TRX-14618,PROD-1201,2025-01-03,3,1381.87,68.05,14,En Camino,Bogotá,Físico
TRX-14619,PROD-2946,2025-04-09,10,419.43,40.28,8,Entregado,Medellín,App
TRX-14620,PROD-2100,2025-04-10,7,685.32,52.345,20,Devuelto,Bogotá,App
TRX-14621,PROD-2525,2024-11-03,5,462.84,25.8,25,Desconocido,Bucaramanga,App
TRX-14622,PROD-1082,2025-12-01,3,497.51,43.82,8,Desconocido,Cali,Físico
TRX-14623,PROD-2383,2025-02-16,6,19.26,77.51,5,Perdido,Bucaramanga,WhatsApp
TRX-14624,PROD-2241,2024-11-27,12,1762.61,50.2,5,Perdido,Ventas_Web,Online
TRX-14625,PROD-2273,2025-11-27,6,599.02,33.49,25,Devuelto,Bucaramanga,App
TRX-14626,PROD-2148,2025-04-03,6,181.89,84.03,29,Perdido,Cali,Físico
TRX-14627,PROD-3013,2025-07-17,2,183.1,88.76,14,Retrasado,Cali,Online
TRX-14628,PROD-3851,2024-10-30,13,1116.48,46.16,5,En Camino,Bogotá,Físico
TRX-14629,PROD-3805,2025-02-10,11,1985.91,40.6,29,Desconocido,Barranquilla,App
TRX-14630,PROD-1402,2025-01-06,10,298.59,63.21,9,Retrasado,Barranquilla,Físico
TRX-14631,PROD-1933,2025-11-24,12,208.25,10.51,22,Perdido,Medellín,App
TRX-14632,PROD-1550,2025-02-21,7,882.22,52.345,27,Perdido,Bogotá,Físico
TRX-14633,PROD-2230,2025-09-09,13,1131.03,70.68,11,En Camino,Medellín,App
TRX-14634,PROD-2814,2025-11-10,7,595.82,79.32,17,Desconocido,Medellín,Online
TRX-14635,PROD-2314,2025-08-14,10,612.02,42.76,27,Retrasado,Bogotá,Físico
TRX-14636,PROD-2103,2024-10-30,12,854.71,21.59,12,En Camino,Medellín,Físico
TRX-14637,PROD-3985,2024-12-28,4,635.15,7.74,12,Desconocido,Bogotá,Online
TRX-14638,PROD-2707,2025-01-08,11,1831.51,65.54,24,Perdido,Bogotá,App
TRX-14639,PROD-3477,2025-01-19,6,93.49,30.55,16,Desconocido,Bogotá,WhatsApp
TRX-14640,PROD-3644,2025-02-20,4,476.79,49.07,1,En Camino,Bogotá,App
TRX-14641,PROD-1365,2024-12-05,4,1619.02,41.7,18,En Camino,Bogotá,App
TRX-14642,PROD-1769,2024-11-18,6,1669.58,21.61,6,Perdido,Bogotá,Online
TRX-14643,PROD-2809,2025-09-23,9,231.99,53.3,5,En Camino,Bucaramanga,WhatsApp
TRX-14644,PROD-1865,2025-08-23,12,1947.79,52.345,18,Retrasado,Bogotá,Físico
TRX-14645,PROD-2667,2025-06-01,13,1389.78,48.66,13,Perdido,Medellín,WhatsApp
TRX-14646,PROD-2984,2025-11-03,7,552.46,64.29,6,En Camino,Medellín,Físico
TRX-14647,PROD-3115,2025-07-11,2,917.52,28.93,7,Devuelto,Ventas_Web,Físico
TRX-14648,PROD-2531,2025-08-01,14,601.31,25.39,3,Retrasado,Barranquilla,Online
TRX-14649,PROD-1230,2025-06-04,6,308.54,82.36,11,Retrasado,Bogotá,App
TRX-14650,PROD-3110,2025-06-03,14,589.44,71.71,8,Retrasado,Ventas_Web,App
TRX-14651,PROD-1651,2025-10-12,5,1164.38,78.36,4,Desconocido,Medellín,WhatsApp
TRX-14652,PROD-1268,2025-12-22,6,1653.68,16.71,10,Entregado,Barranquilla,App
TRX-14653,PROD-2274,2025-06-08,13,733.42,26.28,9,Perdido,Bogotá,Físico
TRX-14654,PROD-3906,2025-06-19,8,702.32,59.68,23,Entregado,Ventas_Web,Online
TRX-14655,PROD-3075,2025-12-31,8,941.32,86.43,13,En Camino,Ventas_Web,App
TRX-14656,PROD-2652,2024-10-26,3,1292.67,52.345,19,Perdido,Cali,App
TRX-14657,PROD-1555,2026-01-30,9,1505.72,89.75,15,Desconocido,Medellín,Físico
TRX-14658,PROD-3147,2025-08-14,6,660.33,84.03,5,Retrasado,Cali,WhatsApp
TRX-14659,PROD-3329,2025-08-13,7,1176.84,9.12,25,Retrasado,Ventas_Web,App
TRX-14660,PROD-1118,2025-05-18,9,784.83,82.98,13,Desconocido,Medellín,Físico
TRX-14661,PROD-1711,2025-03-20,14,1435.64,90.41,12,Retrasado,Bogotá,WhatsApp
TRX-14662,PROD-1789,2026-01-24,13,337.7,10.39,9,Retrasado,Ventas_Web,App
TRX-14663,PROD-1822,2025-01-04,7,521.28,44.55,24,En Camino,Bucaramanga,Físico
TRX-14664,PROD-1236,2024-10-21,10,857.86,55.98,8,Devuelto,Medellín,Físico
TRX-14665,PROD-2021,2025-05-07,9,1779.94,27.11,9,Desconocido,Bucaramanga,App
TRX-14666,PROD-1135,2026-01-01,1,1150.92,54.09,21,Perdido,Medellín,Físico
TRX-14667,PROD-2869,2025-05-12,13,1931.14,89.17,13,Devuelto,Medellín,App
TRX-14668,PROD-1207,2025-07-23,1,215.52,52.345,27,Desconocido,Bogotá,App
TRX-14669,PROD-2476,2025-09-07,3,925.75,87.36,29,Perdido,Bogotá,WhatsApp
TRX-14670,PROD-3886,2025-08-23,13,843.97,94.28,9,Desconocido,Bogotá,Online
TRX-14671,PROD-1815,2025-01-17,9,1204.41,50.99,6,Retrasado,Bogotá,App
TRX-14672,PROD-2122,2025-04-17,1,1625.81,44.0,29,Desconocido,Ventas_Web,App
TRX-14673,PROD-2508,2025-10-27,1,1684.48,68.25,6,Entregado,Medellín,WhatsApp
TRX-14674,PROD-2901,2025-03-26,5,1343.69,44.59,11,En Camino,Medellín,Online
TRX-14675,PROD-3068,2026-01-16,8,1286.66,8.98,10,Perdido,Medellín,Online
TRX-14676,PROD-2625,2025-02-07,2,1898.57,73.39,14,Retrasado,Bogotá,Físico
TRX-14677,PROD-3602,2025-10-30,4,773.54,31.69,28,Entregado,Medellín,Online
TRX-14678,PROD-1507,2026-01-20,6,1667.24,9.66,6,Retrasado,Medellín,Online
TRX-14679,PROD-3790,2026-02-02,1,1843.79,6.96,7,En Camino,Bucaramanga,Físico
TRX-14680,PROD-1125,2025-08-11,4,988.16,52.345,9,Entregado,Bogotá,Online
TRX-14681,PROD-1990,2025-03-05,4,1460.91,93.48,3,Desconocido,Medellín,WhatsApp
TRX-14682,PROD-2525,2025-10-15,9,760.27,28.95,12,Perdido,Cali,App
TRX-14683,PROD-3002,2024-12-06,9,326.17,47.55,16,Desconocido,Barranquilla,WhatsApp
TRX-14684,PROD-3433,2025-05-13,6,1177.14,95.3,13,Perdido,Medellín,Online
TRX-14685,PROD-2827,2025-11-13,8,400.98,49.41,6,Desconocido,Medellín,Físico
TRX-14686,PROD-1727,2025-07-03,12,920.62,12.47,13,Perdido,Medellín,WhatsApp
TRX-14687,PROD-2943,2026-01-15,10,1747.03,57.43,26,Perdido,Bucaramanga,WhatsApp
TRX-14688,PROD-3403,2025-10-04,4,181.18,13.38,5,Entregado,Bucaramanga,App
TRX-14689,PROD-3258,2025-06-04,10,70.55,14.03,4,En Camino,Barranquilla,Físico
TRX-14690,PROD-2432,2025-12-30,8,1216.89,85.89,8,Entregado,Bucaramanga,WhatsApp
TRX-14691,PROD-2410,2024-10-01,3,668.81,32.5,3,Perdido,Medellín,Online
TRX-14692,PROD-1669,2025-04-13,2,841.7,52.345,2,En Camino,Ventas_Web,App
TRX-14693,PROD-2059,2025-10-17,6,817.36,69.47,20,Devuelto,Medellín,WhatsApp
TRX-14694,PROD-3821,2025-10-06,5,182.37,53.35,19,Devuelto,Bogotá,Online
TRX-14695,PROD-1370,2025-07-24,8,17.1,26.12,7,Desconocido,Bogotá,WhatsApp
TRX-14696,PROD-2167,2024-12-22,1,1797.86,54.19,12,Entregado,Bucaramanga,WhatsApp
TRX-14697,PROD-1112,2025-10-08,11,443.42,11.55,29,Perdido,Barranquilla,Físico
TRX-14698,PROD-2583,2025-08-20,12,857.9,37.99,4,Desconocido,Bogotá,WhatsApp
TRX-14699,PROD-1203,2025-02-19,10,1944.13,54.67,10,Devuelto,Bogotá,Físico
TRX-14701,PROD-3343,2025-03-17,3,224.78,67.72,9,Retrasado,Bogotá,Físico
TRX-14702,PROD-1877,2026-01-20,7,1021.95,9.92,29,Retrasado,Bogotá,Online
TRX-14703,PROD-1906,2025-11-01,13,1462.86,51.06,12,Desconocido,Barranquilla,Físico
TRX-14704,PROD-3651,2024-10-25,10,1399.8,52.345,11,Desconocido,Bogotá,Físico
TRX-14705,PROD-1922,2025-12-31,14,1524.08,72.92,21,En Camino,Bucaramanga,Físico
TRX-14706,PROD-3775,2025-03-25,12,920.33,45.84,19,En Camino,Cali,Físico
TRX-14707,PROD-1846,2025-02-26,4,360.09,88.09,2,Perdido,Bogotá,App
TRX-14708,PROD-2102,2024-11-14,10,935.1,65.06,6,Devuelto,Medellín,WhatsApp
TRX-14709,PROD-3668,2025-07-15,5,1299.3,96.06,6,Entregado,Bogotá,App
TRX-14710,PROD-2677,2025-04-12,8,1221.1,31.99,1,Entregado,Medellín,Online
TRX-14711,PROD-3102,2025-06-23,1,150.34,94.18,7,Retrasado,Barranquilla,Online
TRX-14712,PROD-1082,2025-03-16,1,139.26,62.65,12,En Camino,Bogotá,WhatsApp
TRX-14713,PROD-3794,2025-05-24,12,1930.86,75.79,21,Perdido,Bogotá,Online
TRX-14714,PROD-1036,2025-06-18,7,312.09,90.71,23,Retrasado,Cali,Online
TRX-14715,PROD-2941,2025-11-07,13,595.98,57.36,12,Retrasado,Bucaramanga,Físico
TRX-14716,PROD-1541,2025-12-12,12,1537.59,52.345,20,Perdido,Bogotá,WhatsApp
TRX-14717,PROD-3651,2024-12-05,9,825.26,86.91,21,Perdido,Barranquilla,Físico
TRX-14718,PROD-1709,2024-12-27,4,371.12,56.46,23,Desconocido,Bogotá,WhatsApp
TRX-14719,PROD-3462,2025-09-18,8,939.79,61.92,6,Devuelto,Bucaramanga,Físico
TRX-14720,PROD-1034,2025-03-14,10,1142.21,47.28,14,Perdido,Barranquilla,WhatsApp
TRX-14721,PROD-1916,2025-10-14,7,911.01,18.84,17,Perdido,Medellín,Online
TRX-14722,PROD-2033,2025-11-02,14,1838.7,57.58,17,Retrasado,Cali,App
TRX-14723,PROD-3491,2025-02-24,2,576.55,97.86,18,Retrasado,Medellín,Online
TRX-14724,PROD-2251,2025-03-24,14,1326.05,79.78,13,Entregado,Ventas_Web,WhatsApp
TRX-14725,PROD-3919,2025-08-11,5,233.47,76.01,13,Desconocido,Ventas_Web,App
TRX-14726,PROD-3905,2025-07-08,9,790.65,66.11,27,Entregado,Medellín,App
TRX-14727,PROD-3632,2025-06-07,13,1484.58,38.05,11,Entregado,Ventas_Web,Físico
TRX-14728,PROD-2127,2024-12-06,13,457.39,52.345,3,Perdido,Bogotá,WhatsApp
TRX-14729,PROD-2735,2025-03-15,9,1183.64,21.11,17,Devuelto,Ventas_Web,Físico
TRX-14730,PROD-2542,2025-08-18,3,315.34,26.33,26,Retrasado,Bucaramanga,WhatsApp
TRX-14731,PROD-2428,2025-05-11,11,214.38,5.6,2,En Camino,Bogotá,Online
TRX-14732,PROD-2880,2025-05-27,12,1051.23,68.98,28,Devuelto,Bogotá,WhatsApp
TRX-14733,PROD-2032,2025-03-02,3,1353.27,82.13,2,Desconocido,Bogotá,Online
TRX-14734,PROD-1893,2025-03-27,2,235.6,30.55,7,En Camino,Cali,App
TRX-14735,PROD-2911,2025-10-18,7,1836.37,13.73,27,Desconocido,Barranquilla,App
TRX-14736,PROD-2237,2025-02-12,6,459.29,36.89,29,Perdido,Ventas_Web,Físico
TRX-14737,PROD-3773,2025-07-01,5,248.75,32.74,28,Desconocido,Medellín,App
TRX-14738,PROD-3132,2025-10-22,7,413.37,47.83,22,En Camino,Barranquilla,App
TRX-14739,PROD-3554,2025-01-28,4,347.45,30.09,25,Desconocido,Barranquilla,Online
TRX-14740,PROD-2626,2025-03-07,5,190.44,52.345,10,Desconocido,Bogotá,WhatsApp
TRX-14741,PROD-3394,2024-10-19,9,1597.7,37.27,14,Entregado,Bogotá,Online
TRX-14742,PROD-1419,2025-05-26,11,996.12,91.22,21,Desconocido,Medellín,App
TRX-14743,PROD-1030,2026-01-22,9,783.15,36.81,19,Retrasado,Ventas_Web,WhatsApp
TRX-14744,PROD-3095,2025-02-04,4,1901.75,79.62,17,Devuelto,Ventas_Web,App
TRX-14745,PROD-3713,2025-10-12,6,748.31,64.45,16,Entregado,Bucaramanga,App
TRX-14746,PROD-2532,2025-04-12,2,342.28,37.07,17,Retrasado,Medellín,Online
TRX-14747,PROD-3299,2024-10-13,3,555.35,82.69,18,Desconocido,Cali,WhatsApp
TRX-14748,PROD-3651,2024-12-10,9,485.54,61.53,29,Entregado,Barranquilla,Online
TRX-14749,PROD-3432,2025-02-27,6,1002.5,5.82,27,Devuelto,Medellín,Físico
TRX-14750,PROD-3494,2024-12-25,8,590.1,11.53,11,Perdido,Bucaramanga,Físico
TRX-14751,PROD-2157,2024-09-30,11,1036.96,76.5,19,En Camino,Cali,Físico
TRX-14752,PROD-2222,2026-01-07,5,1341.89,52.345,11,Perdido,Ventas_Web,Físico
TRX-14753,PROD-3803,2025-08-27,2,1556.82,47.42,10,Desconocido,Cali,Online
TRX-14754,PROD-1442,2025-06-08,7,1423.21,43.52,14,Desconocido,Barranquilla,Físico
TRX-14755,PROD-2973,2024-11-16,6,419.13,18.85,14,En Camino,Medellín,Online
TRX-14756,PROD-1261,2025-10-26,11,240.64,19.95,10,En Camino,Barranquilla,WhatsApp
TRX-14757,PROD-2377,2024-10-28,2,1089.48,80.79,21,Desconocido,Bucaramanga,WhatsApp
TRX-14758,PROD-2132,2024-09-28,6,405.83,83.76,23,Devuelto,Bogotá,Online
TRX-14759,PROD-3623,2025-10-04,13,179.02,58.2,4,Devuelto,Bucaramanga,WhatsApp
TRX-14760,PROD-2331,2024-11-03,8,1058.92,33.04,10,Perdido,Bogotá,Físico
TRX-14761,PROD-2134,2024-11-11,13,660.32,93.61,27,Retrasado,Medellín,Online
TRX-14762,PROD-2069,2025-01-12,1,1514.74,64.28,6,Retrasado,Ventas_Web,App
TRX-14763,PROD-3687,2025-02-15,4,635.24,80.68,22,Perdido,Bogotá,WhatsApp
TRX-14764,PROD-3912,2025-05-10,1,1957.65,52.345,29,En Camino,Bogotá,Físico
TRX-14765,PROD-3668,2025-04-21,2,1519.46,5.31,11,Devuelto,Bogotá,Físico
TRX-14766,PROD-2223,2026-02-01,1,124.81,47.78,18,Perdido,Medellín,App
TRX-14767,PROD-1771,2025-07-25,6,1022.66,87.74,6,Retrasado,Medellín,Físico
TRX-14768,PROD-1614,2024-10-22,11,1129.61,37.13,21,En Camino,Bogotá,Online
TRX-14769,PROD-3118,2025-12-27,6,1393.65,74.02,15,Retrasado,Cali,WhatsApp
TRX-14770,PROD-1984,2025-07-14,1,1000.62,67.48,27,En Camino,Barranquilla,Online
TRX-14771,PROD-1232,2025-01-16,4,972.05,19.46,6,Retrasado,Bogotá,Online
TRX-14772,PROD-3457,2025-10-23,14,742.2,78.62,20,Desconocido,Medellín,WhatsApp
TRX-14773,PROD-2655,2025-05-06,14,550.21,15.69,1,Entregado,Bucaramanga,Físico
TRX-14774,PROD-3705,2024-11-20,14,1892.94,74.15,9,En Camino,Ventas_Web,App
TRX-14775,PROD-2309,2024-12-07,4,642.02,99.14,14,En Camino,Barranquilla,App
TRX-14776,PROD-3788,2025-11-24,8,136.21,52.345,3,En Camino,Bucaramanga,Físico
TRX-14777,PROD-1573,2025-04-26,6,342.9,96.01,1,Entregado,Barranquilla,Online
TRX-14778,PROD-3954,2025-02-01,2,1715.98,81.02,14,Entregado,Medellín,WhatsApp
TRX-14779,PROD-1104,2025-11-16,5,1177.4,55.78,14,Retrasado,Bogotá,WhatsApp
TRX-14780,PROD-3684,2026-02-02,4,1559.77,69.11,4,Devuelto,Barranquilla,Online
TRX-14781,PROD-3037,2025-07-23,10,1619.48,74.17,14,Desconocido,Ventas_Web,Físico
TRX-14782,PROD-2210,2025-10-25,4,1648.24,5.8,23,Retrasado,Ventas_Web,Físico
TRX-14783,PROD-2062,2024-12-12,12,1105.72,14.72,4,En Camino,Bogotá,Online
TRX-14784,PROD-2714,2025-07-24,8,362.47,61.72,11,En Camino,Bogotá,Físico
TRX-14785,PROD-2657,2024-11-28,5,304.98,5.62,20,Desconocido,Bogotá,App
TRX-14786,PROD-2590,2025-05-10,3,1152.23,91.35,9,Retrasado,Medellín,App
TRX-14787,PROD-1144,2026-01-06,10,739.36,51.52,11,Perdido,Medellín,WhatsApp
TRX-14788,PROD-3388,2025-08-21,12,1120.52,52.345,15,Devuelto,Medellín,Físico
TRX-14789,PROD-3900,2025-10-20,4,1001.97,29.49,6,Entregado,Ventas_Web,Online
TRX-14790,PROD-3343,2025-06-26,1,1208.37,42.41,25,Devuelto,Barranquilla,App
TRX-14791,PROD-1777,2025-09-18,6,73.9,85.82,12,Perdido,Ventas_Web,WhatsApp
TRX-14792,PROD-2405,2024-12-03,11,75.34,93.08,28,Retrasado,Medellín,Físico
TRX-14793,PROD-3975,2025-04-19,13,1445.97,16.04,13,Retrasado,Cali,Online
TRX-14794,PROD-3921,2025-06-21,10,394.32,78.91,18,En Camino,Medellín,Físico
TRX-14795,PROD-1910,2025-02-13,4,1307.87,59.93,23,Desconocido,Bucaramanga,WhatsApp
TRX-14796,PROD-3811,2025-05-31,6,1097.69,60.62,23,Retrasado,Medellín,Físico
TRX-14797,PROD-3189,2025-07-03,2,1963.77,79.05,14,Perdido,Barranquilla,Físico
TRX-14798,PROD-3614,2025-03-20,5,1672.46,26.17,24,Retrasado,Barranquilla,WhatsApp
TRX-14799,PROD-2948,2025-12-06,11,832.14,55.45,26,Retrasado,Medellín,Físico
TRX-14801,PROD-2468,2024-11-18,9,243.41,35.34,11,Entregado,Bucaramanga,Online
TRX-14802,PROD-3077,2025-09-23,8,778.91,13.98,25,Devuelto,Bogotá,App
TRX-14803,PROD-2229,2025-07-27,3,1470.44,14.98,24,Retrasado,Bogotá,Online
TRX-14804,PROD-1696,2025-03-15,1,1249.12,17.96,2,Devuelto,Bogotá,WhatsApp
TRX-14805,PROD-3693,2025-12-28,10,974.1,63.42,19,Devuelto,Bogotá,App
TRX-14806,PROD-3286,2025-05-18,3,361.29,15.05,28,En Camino,Ventas_Web,Físico
TRX-14807,PROD-1741,2026-01-27,8,1608.26,59.16,2,Entregado,Medellín,Físico
TRX-14808,PROD-2203,2025-03-07,11,553.6,60.89,17,Devuelto,Medellín,WhatsApp
TRX-14809,PROD-1399,2024-12-15,3,1642.75,90.87,29,En Camino,Bogotá,Online
TRX-14810,PROD-2928,2026-01-28,5,1227.1,64.51,23,Perdido,Medellín,Online
TRX-14811,PROD-1524,2024-11-09,2,751.74,98.63,8,Perdido,Ventas_Web,App
TRX-14812,PROD-2059,2025-01-27,1,90.8,52.345,5,Perdido,Bogotá,Físico
TRX-14813,PROD-3970,2025-03-10,11,472.51,7.94,26,Desconocido,Bogotá,Online
TRX-14814,PROD-3289,2025-09-11,10,1779.25,71.89,29,Desconocido,Bogotá,Físico
TRX-14815,PROD-1749,2025-10-01,14,1637.77,7.52,11,Perdido,Medellín,Físico
TRX-14816,PROD-3784,2025-12-09,5,1153.96,74.29,25,Perdido,Medellín,Físico
TRX-14817,PROD-2374,2025-09-06,5,937.98,41.66,20,En Camino,Bucaramanga,App
TRX-14818,PROD-3680,2024-11-28,6,1297.81,63.07,1,Entregado,Bogotá,WhatsApp
TRX-14819,PROD-1365,2025-08-18,2,937.83,34.41,20,Entregado,Cali,Físico
TRX-14820,PROD-1910,2025-08-28,9,1292.17,20.11,16,En Camino,Ventas_Web,WhatsApp
TRX-14821,PROD-2455,2025-04-04,2,621.73,73.73,5,En Camino,Cali,WhatsApp
TRX-14822,PROD-1914,2025-02-24,2,1678.61,90.94,27,Desconocido,Medellín,App
TRX-14823,PROD-2257,2025-03-01,12,1406.82,22.44,28,Retrasado,Bucaramanga,Online
TRX-14824,PROD-2722,2025-03-25,5,666.65,52.345,16,Devuelto,Cali,WhatsApp
TRX-14825,PROD-2357,2025-06-15,9,1663.03,92.47,24,Desconocido,Bucaramanga,WhatsApp
TRX-14826,PROD-2522,2025-03-09,4,979.81,18.32,5,Desconocido,Medellín,WhatsApp
TRX-14827,PROD-2067,2025-02-14,6,357.53,74.89,28,Perdido,Medellín,Online
TRX-14828,PROD-3398,2025-03-27,2,164.65,96.15,10,Desconocido,Bucaramanga,Físico
TRX-14829,PROD-2204,2025-10-01,14,1402.22,19.0,9,Desconocido,Bogotá,Físico
TRX-14830,PROD-2899,2025-09-10,13,1731.59,46.33,22,Devuelto,Bogotá,App
TRX-14831,PROD-1482,2025-06-11,4,1616.81,37.06,24,Retrasado,Medellín,Físico
TRX-14832,PROD-2927,2025-11-19,12,1314.75,41.91,19,Entregado,Bucaramanga,Físico
TRX-14833,PROD-1219,2026-01-30,9,291.34,76.55,29,Perdido,Ventas_Web,Físico
TRX-14834,PROD-3598,2025-06-23,2,197.15,67.81,3,Desconocido,Bogotá,App
TRX-14835,PROD-3390,2025-12-23,1,696.61,97.03,9,Desconocido,Bucaramanga,App
TRX-14836,PROD-3376,2025-08-16,4,1711.27,52.345,22,Entregado,Medellín,Físico
TRX-14837,PROD-3542,2025-09-02,4,1923.86,22.62,20,En Camino,Bucaramanga,Físico
TRX-14838,PROD-1291,2025-05-03,1,490.31,56.61,8,Devuelto,Bogotá,WhatsApp
TRX-14839,PROD-2934,2024-11-03,4,1526.57,47.67,4,Entregado,Medellín,Online
TRX-14840,PROD-1796,2024-09-26,3,1152.0,92.29,11,Retrasado,Bogotá,App
TRX-14841,PROD-3049,2025-06-25,13,73.3,6.01,4,Entregado,Medellín,Online
TRX-14842,PROD-1490,2025-07-03,2,1090.4,98.97,12,Perdido,Bucaramanga,Físico
TRX-14843,PROD-3788,2025-11-20,13,1613.82,50.57,23,Perdido,Barranquilla,Físico
TRX-14844,PROD-2563,2025-04-03,10,559.48,64.43,7,Devuelto,Bogotá,Físico
TRX-14845,PROD-3170,2025-01-04,4,1795.75,39.2,28,En Camino,Medellín,Físico
TRX-14846,PROD-2222,2025-05-27,8,480.16,85.99,8,Desconocido,Bogotá,App
TRX-14847,PROD-2692,2025-07-19,7,162.18,58.39,10,Perdido,Bogotá,Físico
TRX-14848,PROD-1221,2024-10-15,9,328.28,52.345,23,Retrasado,Bogotá,Online
TRX-14849,PROD-1617,2025-12-07,8,1675.64,67.97,29,Devuelto,Medellín,WhatsApp
TRX-14850,PROD-1562,2025-07-22,1,840.44,66.65,24,Perdido,Cali,WhatsApp
TRX-14851,PROD-1820,2024-10-05,12,1595.92,39.58,13,Retrasado,Bucaramanga,Online
TRX-14852,PROD-2403,2025-02-13,2,1067.15,12.22,24,Desconocido,Barranquilla,Online
TRX-14853,PROD-2676,2025-04-28,12,966.31,81.73,14,Entregado,Ventas_Web,WhatsApp
TRX-14854,PROD-3332,2025-03-24,2,1615.76,32.52,16,Desconocido,Cali,App
TRX-14855,PROD-2874,2025-09-08,12,852.74,85.65,7,Retrasado,Medellín,Online
TRX-14856,PROD-1586,2025-05-22,8,1606.05,62.82,16,Desconocido,Cali,App
TRX-14857,PROD-2295,2025-04-03,12,210.32,38.6,17,Devuelto,Bucaramanga,WhatsApp
TRX-14858,PROD-3931,2025-12-31,4,1276.26,61.45,20,Perdido,Bucaramanga,App
TRX-14859,PROD-1738,2025-06-21,9,1408.15,66.32,19,En Camino,Cali,WhatsApp
TRX-14860,PROD-1331,2025-10-02,2,1799.2,52.345,12,En Camino,Bogotá,Físico
TRX-14861,PROD-2997,2025-03-06,14,456.4,72.13,9,Retrasado,Bogotá,App
TRX-14862,PROD-2362,2025-03-21,4,1212.4,83.12,28,Retrasado,Barranquilla,App
TRX-14863,PROD-3584,2025-01-17,13,872.18,20.18,26,Retrasado,Bogotá,App
TRX-14864,PROD-1724,2025-06-15,13,771.72,94.69,8,Perdido,Bucaramanga,Físico
TRX-14865,PROD-2283,2025-10-05,1,222.36,44.03,9,En Camino,Ventas_Web,Físico
TRX-14866,PROD-3598,2024-10-30,3,277.12,86.74,5,En Camino,Ventas_Web,Físico
TRX-14867,PROD-1237,2024-11-05,6,1675.61,25.95,21,Devuelto,Bogotá,Online
TRX-14868,PROD-1019,2025-09-08,9,1502.01,7.76,10,Devuelto,Bucaramanga,WhatsApp
TRX-14869,PROD-2851,2024-12-05,11,770.86,59.47,5,Entregado,Medellín,Online
TRX-14870,PROD-2120,2025-12-04,1,1658.69,35.84,14,Perdido,Bucaramanga,App
TRX-14871,PROD-1857,2025-09-26,5,170.72,98.52,18,Retrasado,Medellín,WhatsApp
TRX-14872,PROD-1690,2025-05-06,12,1253.3,52.345,29,Devuelto,Cali,Online
TRX-14873,PROD-3360,2025-07-26,2,1737.67,14.92,7,Entregado,Barranquilla,Físico
TRX-14874,PROD-1648,2025-07-27,7,1679.34,9.49,8,Entregado,Ventas_Web,Online
TRX-14875,PROD-3005,2025-12-20,4,751.84,9.28,5,En Camino,Ventas_Web,Físico
TRX-14876,PROD-1360,2025-09-05,5,1493.02,25.6,24,Perdido,Ventas_Web,Online
TRX-14877,PROD-1530,2026-01-11,8,860.66,60.02,6,Perdido,Medellín,Físico
TRX-14878,PROD-3516,2025-08-03,2,1681.87,53.03,20,Desconocido,Medellín,Online
TRX-14879,PROD-2776,2024-10-05,3,1066.22,38.26,23,Retrasado,Bogotá,App
TRX-14880,PROD-3594,2025-11-21,11,1532.07,13.44,24,Perdido,Cali,WhatsApp
TRX-14881,PROD-2758,2024-10-04,5,166.36,27.21,9,Desconocido,Medellín,Online
TRX-14882,PROD-2652,2024-11-11,10,1184.15,22.49,21,Retrasado,Medellín,Online
TRX-14883,PROD-2757,2026-01-23,4,1105.07,75.84,9,Perdido,Bogotá,WhatsApp
TRX-14884,PROD-2955,2025-08-01,5,1223.85,52.345,8,En Camino,Cali,App
TRX-14885,PROD-2570,2025-11-30,3,1394.33,79.09,17,Desconocido,Bucaramanga,App
TRX-14886,PROD-1019,2025-05-29,13,1837.04,78.82,24,Entregado,Barranquilla,Físico
TRX-14887,PROD-1154,2025-01-19,12,1573.51,97.06,8,Perdido,Medellín,App
TRX-14888,PROD-3186,2024-11-18,9,447.08,89.0,29,Perdido,Medellín,WhatsApp
TRX-14889,PROD-1816,2025-03-23,8,1653.53,52.29,23,En Camino,Bogotá,Online
TRX-14890,PROD-3992,2025-12-16,14,252.94,44.42,1,Devuelto,Ventas_Web,WhatsApp
TRX-14891,PROD-2528,2025-06-13,6,1248.18,92.0,22,Retrasado,Cali,Físico
TRX-14892,PROD-1057,2025-01-06,14,1766.68,63.07,18,Devuelto,Medellín,Online
TRX-14893,PROD-2319,2025-04-01,1,211.23,32.97,15,Entregado,Bogotá,Físico
TRX-14894,PROD-3175,2025-02-06,4,1700.89,58.62,22,Devuelto,Ventas_Web,Físico
TRX-14895,PROD-1780,2025-03-29,7,1599.26,99.25,27,Entregado,Medellín,App
TRX-14896,PROD-1073,2025-01-20,10,1012.51,52.345,16,Retrasado,Bogotá,Online
TRX-14897,PROD-3771,2025-05-22,5,624.71,85.7,2,En Camino,Barranquilla,Físico
TRX-14898,PROD-1016,2025-08-07,4,816.82,31.72,13,Entregado,Bogotá,Físico
TRX-14899,PROD-3566,2024-12-03,9,1937.63,95.53,2,Retrasado,Bogotá,Físico
TRX-14901,PROD-1926,2025-01-31,8,1163.41,26.96,7,En Camino,Bogotá,Físico
TRX-14902,PROD-3840,2025-12-23,3,175.65,90.08,11,Devuelto,Bogotá,App
TRX-14903,PROD-2410,2025-06-18,14,443.61,88.9,15,Devuelto,Bucaramanga,App
TRX-14904,PROD-2278,2025-10-20,6,1529.0,8.78,26,Entregado,Medellín,Online
TRX-14905,PROD-1528,2026-01-14,12,612.17,68.62,17,Perdido,Bogotá,Físico
TRX-14906,PROD-1420,2026-01-08,14,1971.67,34.0,21,Desconocido,Cali,Online
TRX-14907,PROD-2571,2024-11-13,14,1006.63,69.09,17,Perdido,Bogotá,Online
TRX-14908,PROD-3061,2026-01-27,12,1037.91,52.345,15,Desconocido,Medellín,App
TRX-14909,PROD-3411,2024-11-23,4,82.27,91.79,16,En Camino,Medellín,Físico
TRX-14910,PROD-2253,2025-01-19,7,1913.49,52.38,9,Devuelto,Bucaramanga,App
TRX-14911,PROD-1684,2025-09-22,1,356.72,44.37,21,Retrasado,Ventas_Web,WhatsApp
TRX-14912,PROD-1267,2025-06-13,1,1081.3,92.55,21,Desconocido,Bogotá,Físico
TRX-14913,PROD-1187,2025-05-19,14,797.39,97.54,20,En Camino,Medellín,Físico
TRX-14914,PROD-2221,2025-09-08,12,837.01,10.91,19,Entregado,Medellín,Online
TRX-14915,PROD-2191,2025-10-08,12,1290.17,92.67,24,Desconocido,Medellín,Online
TRX-14916,PROD-2867,2025-06-04,6,1327.56,12.86,23,Entregado,Bogotá,App
TRX-14917,PROD-3981,2025-03-14,10,317.03,37.04,9,En Camino,Bogotá,WhatsApp
TRX-14918,PROD-3131,2025-07-28,11,1004.18,77.44,6,Retrasado,Barranquilla,App
TRX-14919,PROD-3442,2025-05-17,13,1583.05,78.82,1,Devuelto,Bucaramanga,WhatsApp
TRX-14920,PROD-3146,2025-08-07,13,892.14,52.345,5,Devuelto,Medellín,Físico
TRX-14921,PROD-2383,2024-12-26,14,339.95,73.95,5,Retrasado,Barranquilla,Online
TRX-14922,PROD-2776,2025-08-25,7,633.3,8.72,23,Devuelto,Ventas_Web,Online
TRX-14923,PROD-3813,2026-01-30,13,432.64,17.63,26,Desconocido,Bogotá,Físico
TRX-14924,PROD-1548,2024-11-18,9,260.38,93.94,1,Perdido,Bogotá,WhatsApp
TRX-14925,PROD-2403,2025-12-04,7,761.39,12.74,1,Perdido,Medellín,App
TRX-14926,PROD-3007,2025-10-30,9,1086.46,12.46,29,Retrasado,Barranquilla,Físico
TRX-14927,PROD-2471,2024-11-28,10,154.78,84.39,22,Perdido,Bogotá,Online
TRX-14928,PROD-1771,2024-11-07,14,1211.61,65.92,6,Desconocido,Ventas_Web,WhatsApp
TRX-14929,PROD-1675,2024-12-25,9,1986.12,38.41,9,En Camino,Medellín,App
TRX-14930,PROD-2652,2025-02-07,14,1928.61,20.74,19,Devuelto,Barranquilla,Físico
TRX-14931,PROD-1078,2025-09-26,14,1660.06,89.0,28,Desconocido,Bogotá,Online
TRX-14932,PROD-1935,2024-12-24,8,540.02,52.345,5,En Camino,Cali,WhatsApp
TRX-14933,PROD-1918,2025-05-12,7,54.59,98.91,21,Retrasado,Bucaramanga,App
TRX-14934,PROD-3978,2025-10-29,12,1668.75,9.75,17,Desconocido,Medellín,Físico
TRX-14935,PROD-1537,2025-10-23,3,120.88,57.64,22,Desconocido,Cali,App
TRX-14936,PROD-1865,2024-11-10,11,419.2,29.82,20,Perdido,Medellín,Físico
TRX-14937,PROD-1089,2024-10-15,14,1093.46,84.08,12,En Camino,Barranquilla,WhatsApp
TRX-14938,PROD-3415,2024-11-23,3,364.97,37.88,6,En Camino,Medellín,Online
TRX-14939,PROD-3066,2025-06-16,11,1669.24,72.89,29,Entregado,Medellín,Físico
TRX-14940,PROD-1692,2025-08-17,5,1556.55,56.25,13,En Camino,Barranquilla,Físico
TRX-14941,PROD-1504,2025-01-18,7,1513.98,56.44,24,Perdido,Ventas_Web,WhatsApp
TRX-14942,PROD-2501,2025-12-06,13,1634.09,86.51,8,Devuelto,Bucaramanga,WhatsApp
TRX-14943,PROD-3912,2024-12-19,12,447.21,49.69,29,Devuelto,Medellín,Online
TRX-14944,PROD-3664,2024-12-20,10,1460.5,52.345,3,Devuelto,Medellín,WhatsApp
TRX-14945,PROD-1153,2024-11-16,7,717.01,85.33,25,Perdido,Bucaramanga,App
TRX-14946,PROD-2536,2025-02-22,1,1337.02,39.53,11,Devuelto,Bogotá,App
TRX-14947,PROD-3622,2025-05-19,8,252.82,21.6,29,Desconocido,Cali,Online
TRX-14948,PROD-2047,2025-06-14,1,1414.12,48.27,20,Desconocido,Bucaramanga,Online
TRX-14949,PROD-3190,2025-06-17,13,1944.49,52.34,1,Devuelto,Cali,WhatsApp
TRX-14950,PROD-3552,2025-10-22,14,96.76,50.45,25,Retrasado,Bogotá,App
TRX-14951,PROD-1199,2025-01-13,11,196.72,81.79,14,Retrasado,Bogotá,WhatsApp
TRX-14952,PROD-3432,2025-03-07,4,256.04,58.64,29,Entregado,Barranquilla,Online
TRX-14953,PROD-1196,2025-02-25,2,866.82,89.4,21,Desconocido,Cali,App
TRX-14954,PROD-3711,2024-09-30,5,588.65,53.85,29,Entregado,Medellín,Online
TRX-14955,PROD-1442,2025-04-12,6,1615.77,26.35,24,En Camino,Medellín,Online
TRX-14956,PROD-3677,2025-04-27,4,952.84,52.345,13,En Camino,Bogotá,WhatsApp
TRX-14957,PROD-1080,2025-11-27,14,974.23,17.3,15,Desconocido,Bogotá,Online
TRX-14958,PROD-1197,2025-07-11,12,1436.91,87.49,23,Desconocido,Cali,WhatsApp
TRX-14959,PROD-3825,2025-10-08,13,730.32,10.34,21,En Camino,Bogotá,Online
TRX-14960,PROD-1474,2024-11-11,4,712.88,16.17,8,Entregado,Cali,Online
TRX-14961,PROD-2707,2025-01-07,7,1516.28,11.05,15,Devuelto,Bucaramanga,Online
TRX-14962,PROD-2819,2024-10-01,11,1562.28,45.25,13,En Camino,Medellín,App
TRX-14963,PROD-2557,2025-05-13,4,38.65,55.6,1,Devuelto,Ventas_Web,Online
TRX-14964,PROD-1506,2025-03-29,2,296.14,6.89,11,Devuelto,Bucaramanga,Físico
TRX-14965,PROD-3241,2025-12-22,4,434.07,53.98,20,Entregado,Cali,App
TRX-14966,PROD-2035,2025-08-11,7,709.68,42.41,15,Retrasado,Ventas_Web,Físico
TRX-14967,PROD-2943,2025-07-28,1,589.98,78.5,21,Desconocido,Bogotá,Online
TRX-14968,PROD-3874,2025-08-26,4,1340.35,52.345,4,Retrasado,Barranquilla,App
TRX-14969,PROD-1627,2025-01-10,6,1657.99,83.85,6,Perdido,Bucaramanga,Físico
TRX-14970,PROD-1841,2026-01-18,8,392.25,70.07,25,Retrasado,Bucaramanga,Online
TRX-14971,PROD-3847,2025-02-14,8,1130.33,49.98,12,En Camino,Medellín,App
TRX-14972,PROD-3808,2025-05-08,13,741.95,25.53,1,Entregado,Ventas_Web,Online
TRX-14973,PROD-3581,2025-07-28,9,1016.5,85.48,10,Devuelto,Medellín,WhatsApp
TRX-14974,PROD-1038,2025-11-08,5,1245.31,37.46,27,Entregado,Bogotá,WhatsApp
TRX-14975,PROD-2233,2025-01-14,14,1788.26,38.85,18,Desconocido,Bucaramanga,Físico
TRX-14976,PROD-2723,2024-11-24,2,392.66,92.02,1,Perdido,Bucaramanga,App
TRX-14977,PROD-3710,2025-10-26,3,183.14,97.68,7,Perdido,Bogotá,App
TRX-14978,PROD-1413,2025-06-24,2,1258.15,90.32,2,Perdido,Bogotá,App
TRX-14979,PROD-3713,2025-01-24,9,794.32,99.83,25,Devuelto,Cali,App
TRX-14980,PROD-3131,2024-12-17,6,334.18,52.345,8,Perdido,Medellín,App
TRX-14981,PROD-2105,2024-12-01,14,243.0,87.55,26,Desconocido,Bucaramanga,Físico
TRX-14982,PROD-3550,2024-11-08,11,1122.23,71.91,1,Perdido,Medellín,App
TRX-14983,PROD-3480,2025-04-09,12,607.94,32.91,19,Perdido,Ventas_Web,WhatsApp
TRX-14984,PROD-3870,2025-09-21,1,1994.88,95.53,6,Desconocido,Medellín,WhatsApp
TRX-14985,PROD-1561,2025-11-28,3,817.74,88.28,11,Desconocido,Cali,App
TRX-14986,PROD-2715,2025-04-11,7,432.45,27.87,19,Devuelto,Medellín,Online
TRX-14987,PROD-1429,2025-06-25,7,1261.41,51.47,25,Perdido,Medellín,App
TRX-14988,PROD-3095,2024-10-29,5,496.07,11.66,28,En Camino,Bucaramanga,Físico
TRX-14989,PROD-3944,2025-04-13,3,993.23,95.56,10,Entregado,Barranquilla,WhatsApp
TRX-14990,PROD-3530,2025-01-30,13,970.33,59.41,16,Perdido,Medellín,WhatsApp
TRX-14991,PROD-1482,2025-12-14,7,912.58,28.29,16,Perdido,Bogotá,Físico
TRX-14992,PROD-2157,2026-01-05,5,1594.21,52.345,10,Entregado,Medellín,Físico
TRX-14993,PROD-1466,2026-01-31,6,441.06,32.78,18,Perdido,Barranquilla,Online
TRX-14994,PROD-1435,2025-07-11,3,1809.57,98.16,22,Desconocido,Medellín,WhatsApp
TRX-14995,PROD-3038,2025-10-16,6,1584.77,63.48,18,Perdido,Bogotá,App
TRX-14996,PROD-1813,2024-11-25,7,672.91,44.96,3,En Camino,Bogotá,Físico
TRX-14997,PROD-3494,2025-06-12,14,369.4,52.49,12,Desconocido,Ventas_Web,App
TRX-14998,PROD-1818,2025-12-20,8,566.27,14.36,10,Retrasado,Bogotá,Físico
TRX-14999,PROD-2077,2025-01-20,2,671.95,12.13,28,Devuelto,Medellín,Físico
TRX-15001,PROD-1826,2025-04-12,2,102.27,53.64,16,Entregado,Bogotá,Físico
TRX-15002,PROD-2466,2024-11-07,14,1829.57,39.12,25,En Camino,Barranquilla,WhatsApp
TRX-15003,PROD-3881,2025-03-09,6,206.36,58.78,9,Devuelto,Ventas_Web,Online
TRX-15004,PROD-2678,2025-12-11,8,565.75,52.345,18,Entregado,Bucaramanga,WhatsApp
TRX-15005,PROD-2209,2025-01-10,5,227.48,11.9,13,Entregado,Bogotá,App
TRX-15006,PROD-1656,2024-11-07,14,520.78,94.68,24,Entregado,Bogotá,App
TRX-15007,PROD-1161,2025-04-22,1,1676.97,32.9,14,Devuelto,Cali,App
TRX-15008,PROD-3245,2024-10-20,11,1234.2,11.82,19,Retrasado,Ventas_Web,App
TRX-15009,PROD-3033,2024-12-18,1,462.37,21.1,14,Entregado,Barranquilla,WhatsApp
TRX-15010,PROD-1850,2025-07-10,10,1744.8,14.07,2,Perdido,Ventas_Web,WhatsApp
TRX-15011,PROD-3818,2025-10-12,9,1603.42,21.97,11,Retrasado,Medellín,Físico
TRX-15012,PROD-2968,2025-02-26,4,1509.76,44.59,26,Retrasado,Medellín,WhatsApp
TRX-15013,PROD-2354,2025-06-14,12,1696.79,75.11,8,Perdido,Medellín,App
TRX-15014,PROD-1960,2025-06-14,10,1243.1,30.87,3,Devuelto,Barranquilla,WhatsApp
TRX-15015,PROD-1011,2024-10-14,1,1007.86,46.41,15,Devuelto,Cali,Online
TRX-15016,PROD-1052,2025-06-05,11,754.13,52.345,13,En Camino,Bogotá,Online
TRX-15017,PROD-3751,2025-04-01,8,455.29,93.23,8,Devuelto,Medellín,Online
TRX-15018,PROD-1364,2025-12-16,2,1119.25,33.1,13,En Camino,Barranquilla,App
TRX-15019,PROD-1452,2025-12-30,12,1780.09,80.5,16,Entregado,Ventas_Web,Online
TRX-15020,PROD-3351,2025-05-12,2,1192.02,19.99,22,Devuelto,Ventas_Web,Físico
TRX-15021,PROD-3740,2025-03-27,1,1840.02,21.94,1,Devuelto,Cali,Online
TRX-15022,PROD-3023,2025-08-14,1,720.27,48.33,2,Perdido,Bogotá,App
TRX-15023,PROD-1610,2025-03-24,9,1393.32,27.24,13,Entregado,Ventas_Web,Físico
TRX-15024,PROD-1368,2025-10-24,13,1300.84,90.79,29,Desconocido,Bogotá,Online
TRX-15025,PROD-3095,2026-01-16,1,1344.16,9.82,14,Desconocido,Medellín,WhatsApp
TRX-15026,PROD-1307,2025-10-30,6,1293.63,61.74,2,En Camino,Bogotá,WhatsApp
TRX-15027,PROD-3963,2025-12-29,12,451.09,62.4,16,Entregado,Bogotá,App
TRX-15028,PROD-3963,2025-11-13,7,295.75,52.345,14,Desconocido,Bucaramanga,App
TRX-15029,PROD-1414,2025-04-12,4,1957.47,11.27,7,Retrasado,Barranquilla,App
TRX-15030,PROD-2048,2024-11-26,5,100.14,74.59,22,Perdido,Bogotá,Físico
TRX-15031,PROD-3639,2025-12-10,4,940.8,49.55,14,Retrasado,Medellín,App
TRX-15032,PROD-1946,2025-10-23,4,855.91,73.69,18,Desconocido,Ventas_Web,Online
TRX-15033,PROD-2870,2024-11-04,10,726.44,83.56,17,En Camino,Bogotá,Online
TRX-15034,PROD-2212,2025-05-01,1,1566.15,35.68,5,Devuelto,Barranquilla,WhatsApp
TRX-15035,PROD-2081,2024-10-09,6,1493.25,51.03,11,Devuelto,Bogotá,WhatsApp
TRX-15036,PROD-2901,2025-08-12,14,1811.4,29.77,18,Devuelto,Bogotá,Online
TRX-15037,PROD-1205,2025-07-04,10,797.02,24.14,16,En Camino,Cali,WhatsApp
TRX-15038,PROD-1408,2025-03-24,14,1132.72,5.06,26,Retrasado,Bogotá,App
TRX-15039,PROD-1715,2025-10-18,10,1785.69,96.54,10,En Camino,Medellín,App
TRX-15040,PROD-1161,2024-11-05,7,1987.76,52.345,6,En Camino,Medellín,Online
TRX-15041,PROD-2190,2025-12-27,7,1938.9,46.89,14,Retrasado,Cali,Físico
TRX-15042,PROD-2475,2025-10-16,8,1438.51,6.24,2,Desconocido,Ventas_Web,Físico
TRX-15043,PROD-3772,2025-03-29,7,295.02,5.85,29,Devuelto,Bogotá,Físico
TRX-15044,PROD-2280,2025-10-17,6,56.14,32.39,27,Perdido,Barranquilla,WhatsApp
TRX-15045,PROD-2744,2026-01-17,12,1652.18,6.32,9,En Camino,Bucaramanga,Físico
TRX-15046,PROD-1474,2025-06-12,8,1683.47,40.58,28,En Camino,Medellín,App
TRX-15047,PROD-1389,2025-03-15,3,1495.26,10.98,13,Retrasado,Medellín,Físico
TRX-15048,PROD-1187,2025-12-07,9,567.05,8.73,21,Desconocido,Bucaramanga,Online
TRX-15049,PROD-1039,2024-11-15,3,1283.24,68.59,23,Perdido,Bogotá,WhatsApp
TRX-15050,PROD-1566,2025-04-30,4,639.33,91.15,20,En Camino,Bogotá,App
TRX-15051,PROD-3717,2024-11-07,13,906.79,43.89,12,Entregado,Bogotá,App
TRX-15052,PROD-3650,2025-10-21,10,771.05,52.345,2,Perdido,Cali,Online
TRX-15053,PROD-1698,2025-06-09,14,1828.14,84.49,3,En Camino,Ventas_Web,WhatsApp
TRX-15054,PROD-2346,2025-04-05,6,475.97,7.78,13,Perdido,Medellín,Online
TRX-15055,PROD-2464,2025-11-05,12,1159.45,78.88,21,Desconocido,Medellín,Físico
TRX-15056,PROD-2792,2026-01-06,14,728.35,10.97,1,Entregado,Barranquilla,WhatsApp
TRX-15057,PROD-3546,2025-09-04,12,1329.51,84.65,28,Entregado,Ventas_Web,WhatsApp
TRX-15058,PROD-2098,2025-12-28,8,1133.48,88.82,20,Perdido,Medellín,App
TRX-15059,PROD-1380,2024-11-22,3,1848.72,79.67,29,Devuelto,Medellín,Físico
TRX-15060,PROD-2526,2025-03-07,13,212.21,82.97,4,Perdido,Bogotá,Físico
TRX-15061,PROD-2403,2025-03-01,10,449.08,58.34,18,Retrasado,Barranquilla,App
TRX-15062,PROD-1749,2025-02-20,6,1535.03,30.16,25,Devuelto,Ventas_Web,Online
TRX-15063,PROD-1466,2025-01-11,5,743.89,66.11,13,Desconocido,Ventas_Web,App
TRX-15064,PROD-2641,2026-01-23,5,339.91,52.345,6,Entregado,Bogotá,Online
TRX-15065,PROD-2639,2024-10-29,5,1011.61,46.76,25,Devuelto,Medellín,Online
TRX-15066,PROD-2869,2024-09-25,9,1307.76,5.51,6,Entregado,Barranquilla,WhatsApp
TRX-15067,PROD-2113,2026-01-18,13,99.21,50.3,15,Entregado,Bogotá,Físico
TRX-15068,PROD-2579,2024-10-05,7,590.33,66.86,18,Entregado,Bogotá,Físico
TRX-15069,PROD-3825,2025-03-03,12,1620.75,6.32,17,Retrasado,Barranquilla,Físico
TRX-15070,PROD-2958,2025-09-01,9,1045.29,64.03,14,Retrasado,Medellín,App
TRX-15071,PROD-2727,2025-12-15,9,80.4,66.99,4,En Camino,Ventas_Web,App
TRX-15072,PROD-3657,2025-08-20,13,571.08,20.02,29,Desconocido,Bucaramanga,Online
TRX-15073,PROD-1683,2025-06-13,14,1281.89,45.95,1,Retrasado,Medellín,Online
TRX-15074,PROD-1463,2024-12-14,6,406.73,96.61,8,Desconocido,Medellín,App
TRX-15075,PROD-1542,2025-06-14,14,1656.51,89.0,11,Entregado,Bogotá,WhatsApp
TRX-15076,PROD-3851,2025-11-08,6,1356.39,52.345,13,Desconocido,Bogotá,App
TRX-15077,PROD-3975,2025-08-22,4,948.04,44.03,17,Perdido,Bucaramanga,Online
TRX-15078,PROD-1240,2025-10-07,8,1832.09,38.24,21,Desconocido,Bogotá,WhatsApp
TRX-15079,PROD-1652,2025-04-29,14,789.68,16.79,14,Devuelto,Ventas_Web,Online
TRX-15080,PROD-1424,2025-02-15,2,477.8,8.34,25,Perdido,Medellín,App
TRX-15081,PROD-2704,2025-07-17,5,1326.19,33.26,17,Entregado,Medellín,Físico
TRX-15082,PROD-3419,2025-07-16,1,1150.86,94.33,20,Perdido,Barranquilla,WhatsApp
TRX-15083,PROD-2977,2025-12-20,10,677.14,96.07,24,Devuelto,Bogotá,App
TRX-15084,PROD-3330,2025-03-02,14,693.89,82.19,24,En Camino,Bogotá,WhatsApp
TRX-15085,PROD-3778,2025-05-09,2,802.44,38.33,1,En Camino,Bogotá,Físico
TRX-15086,PROD-2794,2025-05-14,1,589.37,18.64,8,Desconocido,Barranquilla,Físico
TRX-15087,PROD-1742,2024-12-20,6,1423.38,61.58,27,Desconocido,Bogotá,App
TRX-15088,PROD-3503,2025-08-21,2,1306.2,52.345,28,Retrasado,Medellín,Online
TRX-15089,PROD-2555,2025-07-29,12,887.15,66.42,19,Perdido,Cali,WhatsApp
TRX-15090,PROD-2468,2025-04-25,4,801.73,45.33,11,Retrasado,Medellín,WhatsApp
TRX-15091,PROD-3504,2025-11-16,13,736.45,70.71,23,Retrasado,Medellín,Físico
TRX-15092,PROD-1118,2024-12-28,5,574.1,75.93,10,Perdido,Cali,App
TRX-15093,PROD-3803,2025-04-23,7,180.54,79.39,27,Perdido,Barranquilla,Físico
TRX-15094,PROD-3978,2025-09-11,10,543.73,52.72,1,Devuelto,Ventas_Web,Físico
TRX-15095,PROD-1535,2025-07-31,1,649.19,80.21,5,Perdido,Ventas_Web,Online
TRX-15096,PROD-2978,2024-12-31,12,1099.89,7.42,16,Perdido,Medellín,Físico
TRX-15097,PROD-2999,2025-02-14,11,1549.84,69.64,20,Desconocido,Ventas_Web,App
TRX-15098,PROD-1462,2024-10-02,5,797.45,27.39,20,Retrasado,Bucaramanga,Físico
TRX-15099,PROD-2684,2026-01-06,4,1890.07,30.7,28,En Camino,Bogotá,App
TRX-15101,PROD-1188,2025-05-31,7,1969.76,13.67,16,En Camino,Barranquilla,Online
TRX-15102,PROD-1259,2025-10-13,14,1753.64,23.28,3,Perdido,Medellín,Online
TRX-15103,PROD-2071,2025-05-07,10,1237.28,99.24,23,Entregado,Medellín,Físico
TRX-15104,PROD-3682,2025-10-25,7,1200.97,44.46,2,Perdido,Ventas_Web,Online
TRX-15105,PROD-2287,2025-05-29,8,267.76,93.14,17,Desconocido,Ventas_Web,WhatsApp
TRX-15106,PROD-1050,2026-01-30,4,1447.57,20.48,22,Devuelto,Barranquilla,WhatsApp
TRX-15107,PROD-3885,2026-01-28,4,1204.41,24.39,28,Perdido,Bogotá,Físico
TRX-15108,PROD-3776,2025-03-10,10,1018.79,57.99,1,Entregado,Medellín,Físico
TRX-15109,PROD-3149,2025-01-30,5,1389.64,38.21,16,Desconocido,Cali,Online
TRX-15110,PROD-3361,2024-10-11,5,893.66,66.17,27,Devuelto,Barranquilla,Online
TRX-15111,PROD-3964,2025-08-24,11,1052.48,45.09,23,Desconocido,Bucaramanga,Físico
TRX-15112,PROD-3314,2025-05-15,3,802.72,52.345,24,Entregado,Medellín,App
TRX-15113,PROD-1917,2026-01-27,5,1437.57,82.1,2,Devuelto,Medellín,App
TRX-15114,PROD-3743,2025-09-02,5,1754.46,46.0,20,Retrasado,Ventas_Web,WhatsApp
TRX-15115,PROD-2385,2024-09-23,8,1683.28,59.37,7,Entregado,Bogotá,Online
TRX-15116,PROD-3126,2025-01-30,7,1574.19,35.5,11,Retrasado,Bucaramanga,Online
TRX-15117,PROD-3142,2026-01-31,8,37.44,71.88,6,Desconocido,Medellín,WhatsApp
TRX-15118,PROD-3819,2024-10-19,13,1824.64,67.2,2,Retrasado,Bucaramanga,App
TRX-15119,PROD-3869,2024-09-24,5,557.0,42.72,14,Perdido,Cali,App
TRX-15120,PROD-3532,2025-05-30,12,1777.07,31.22,4,En Camino,Bucaramanga,WhatsApp
TRX-15121,PROD-1390,2025-05-02,11,401.97,63.34,19,Devuelto,Medellín,Físico
TRX-15122,PROD-2772,2025-12-01,2,884.9,94.6,25,Entregado,Medellín,Online
TRX-15123,PROD-3710,2025-02-07,8,1501.3,17.6,22,Desconocido,Bucaramanga,Físico
TRX-15124,PROD-3976,2025-06-24,9,1284.16,52.345,29,Retrasado,Bucaramanga,Físico
TRX-15125,PROD-2018,2026-01-25,2,837.68,80.92,28,Desconocido,Ventas_Web,App
TRX-15126,PROD-2973,2025-12-30,14,1360.46,56.58,2,Perdido,Medellín,Físico
TRX-15127,PROD-2416,2025-02-10,1,1102.41,54.93,2,Entregado,Bucaramanga,Online
TRX-15128,PROD-3718,2025-11-28,12,558.72,96.36,13,Desconocido,Medellín,Online
TRX-15129,PROD-3770,2025-06-05,6,1296.2,62.56,13,Perdido,Bogotá,Online
TRX-15130,PROD-3627,2025-09-27,3,416.45,83.9,3,Entregado,Cali,WhatsApp
TRX-15131,PROD-2576,2025-07-31,1,1391.04,53.88,21,Perdido,Bucaramanga,Físico
TRX-15132,PROD-1608,2025-12-22,13,16.19,28.74,28,Perdido,Cali,Físico
TRX-15133,PROD-3286,2025-12-06,6,1102.06,70.98,6,En Camino,Medellín,Online
TRX-15134,PROD-3510,2025-11-30,12,808.12,92.7,21,Retrasado,Barranquilla,WhatsApp
TRX-15135,PROD-1223,2024-12-26,8,613.18,84.92,28,Devuelto,Bogotá,WhatsApp
TRX-15136,PROD-1047,2025-03-14,9,1036.26,52.345,17,Devuelto,Ventas_Web,App
TRX-15137,PROD-3635,2026-01-08,13,1294.17,23.84,29,Entregado,Bucaramanga,App
TRX-15138,PROD-1642,2025-12-09,6,1930.97,35.1,1,Entregado,Cali,Online
TRX-15139,PROD-3070,2025-11-19,12,1667.8,54.1,7,Desconocido,Bucaramanga,Físico
TRX-15140,PROD-2922,2025-11-01,6,1437.13,59.3,26,Desconocido,Bogotá,Físico
TRX-15141,PROD-3030,2025-12-05,1,963.14,23.41,7,En Camino,Ventas_Web,Físico
TRX-15142,PROD-1677,2024-11-18,5,790.37,26.85,13,Entregado,Bogotá,WhatsApp
TRX-15143,PROD-1306,2026-02-02,3,74.73,77.09,26,Devuelto,Ventas_Web,Físico
TRX-15144,PROD-3013,2025-01-02,7,724.6,74.38,22,Retrasado,Medellín,WhatsApp
TRX-15145,PROD-2313,2025-03-10,12,1698.27,84.72,9,En Camino,Bogotá,Online
TRX-15146,PROD-1986,2026-01-12,9,774.21,93.63,18,Entregado,Medellín,Físico
TRX-15147,PROD-2355,2024-12-01,13,928.55,34.28,1,En Camino,Cali,WhatsApp
TRX-15148,PROD-2139,2025-08-26,11,550.95,52.345,11,En Camino,Cali,Online
TRX-15149,PROD-1206,2024-11-10,6,555.52,86.66,22,En Camino,Medellín,Online
TRX-15150,PROD-3076,2025-11-24,5,133.12,68.27,22,Entregado,Medellín,WhatsApp
TRX-15151,PROD-1912,2025-11-15,7,1231.47,95.99,25,Perdido,Bogotá,WhatsApp
TRX-15152,PROD-3254,2025-09-04,11,901.66,30.85,11,Entregado,Bucaramanga,Físico
TRX-15153,PROD-3635,2024-09-27,9,1215.86,30.62,10,Entregado,Bogotá,App
TRX-15154,PROD-2550,2025-12-21,5,1098.3,71.91,17,Desconocido,Bucaramanga,Físico
TRX-15155,PROD-2651,2025-04-12,5,1599.7,93.2,27,Entregado,Bucaramanga,App
TRX-15156,PROD-1962,2025-04-12,10,1504.51,83.33,17,Entregado,Medellín,WhatsApp
TRX-15157,PROD-1322,2025-03-20,4,1545.19,74.07,12,Entregado,Medellín,App
TRX-15158,PROD-2880,2024-11-18,5,1003.49,41.79,28,En Camino,Barranquilla,WhatsApp
TRX-15159,PROD-2819,2025-03-27,7,714.22,73.19,10,En Camino,Medellín,Online
TRX-15160,PROD-3347,2024-12-23,3,1867.54,52.345,12,Entregado,Medellín,App
TRX-15161,PROD-2835,2025-07-11,4,118.0,81.1,6,Desconocido,Medellín,App
TRX-15162,PROD-1360,2025-10-21,9,313.72,76.56,21,Retrasado,Bogotá,Online
TRX-15163,PROD-3041,2025-11-30,12,845.0,69.3,27,Desconocido,Bucaramanga,Físico
TRX-15164,PROD-2831,2026-01-18,2,1231.78,9.48,6,Retrasado,Bucaramanga,App
TRX-15165,PROD-2294,2025-05-07,8,26.32,67.67,6,Perdido,Bucaramanga,WhatsApp
TRX-15166,PROD-1486,2025-11-17,9,1441.45,50.44,29,Retrasado,Bucaramanga,Físico
TRX-15167,PROD-3037,2025-01-12,5,1121.87,96.35,20,Devuelto,Bogotá,Online
TRX-15168,PROD-3676,2025-02-17,7,974.56,62.68,26,Devuelto,Bogotá,App
TRX-15169,PROD-1072,2025-06-18,6,852.76,62.78,8,Retrasado,Bogotá,Online
TRX-15170,PROD-1420,2025-04-13,1,1043.78,99.44,5,Entregado,Medellín,Online
TRX-15171,PROD-2652,2025-10-05,8,331.95,13.89,6,Retrasado,Bogotá,WhatsApp
TRX-15172,PROD-2688,2025-09-22,9,226.34,52.345,2,Devuelto,Cali,Online
TRX-15173,PROD-1146,2025-10-30,10,586.38,31.25,17,Retrasado,Bogotá,App
TRX-15174,PROD-3282,2025-09-05,11,1421.91,67.33,8,En Camino,Cali,Online
TRX-15175,PROD-3249,2025-09-15,1,1180.69,34.95,22,Perdido,Bucaramanga,Físico
TRX-15176,PROD-1000,2024-11-17,8,965.44,37.88,29,En Camino,Bogotá,Online
TRX-15177,PROD-1372,2025-07-20,3,1147.33,89.8,9,Desconocido,Bogotá,App
TRX-15178,PROD-3474,2025-08-04,12,1122.92,60.04,21,En Camino,Bogotá,App
TRX-15179,PROD-3535,2025-12-18,6,621.01,14.77,8,Perdido,Cali,App
TRX-15180,PROD-3611,2025-03-26,10,203.94,34.53,23,Entregado,Barranquilla,Físico
TRX-15181,PROD-2247,2024-11-15,8,1794.6,12.23,11,Perdido,Medellín,App
TRX-15182,PROD-3082,2024-10-29,5,1203.82,57.83,10,Entregado,Bogotá,Físico
TRX-15183,PROD-3303,2025-04-21,8,1398.52,21.46,17,Devuelto,Bogotá,Online
TRX-15184,PROD-1847,2025-07-12,7,933.35,52.345,23,Retrasado,Bogotá,Físico
TRX-15185,PROD-3681,2025-06-19,7,1515.4,86.43,20,Devuelto,Cali,Online
TRX-15186,PROD-3750,2025-09-08,7,1173.15,59.84,13,Devuelto,Medellín,Online
TRX-15187,PROD-2868,2025-04-30,9,117.06,10.64,22,Devuelto,Bogotá,Online
TRX-15188,PROD-2396,2025-05-08,6,1781.29,33.58,9,Retrasado,Ventas_Web,App
TRX-15189,PROD-2488,2025-11-24,6,618.02,63.55,15,Entregado,Bogotá,Físico
TRX-15190,PROD-1222,2025-09-15,11,284.4,36.87,13,Perdido,Barranquilla,WhatsApp
TRX-15191,PROD-1913,2025-04-21,9,185.2,53.75,13,Entregado,Ventas_Web,App
TRX-15192,PROD-2861,2025-07-17,6,1443.68,91.39,13,Entregado,Cali,App
TRX-15193,PROD-2359,2024-09-23,7,1410.9,38.25,25,En Camino,Ventas_Web,Físico
TRX-15194,PROD-3294,2024-10-15,7,1403.32,36.91,25,Retrasado,Medellín,WhatsApp
TRX-15195,PROD-3538,2025-12-14,2,1832.35,82.88,21,Entregado,Bogotá,Online
TRX-15196,PROD-3457,2025-07-03,13,704.4,52.345,4,Entregado,Ventas_Web,WhatsApp
TRX-15197,PROD-2937,2026-01-31,12,1126.65,35.28,22,Devuelto,Bucaramanga,Físico
TRX-15198,PROD-3935,2025-10-15,8,1242.8,12.41,10,Desconocido,Medellín,App
TRX-15199,PROD-3691,2025-11-21,12,1959.17,22.19,15,En Camino,Bucaramanga,WhatsApp
TRX-15201,PROD-3932,2024-10-10,11,1913.1,93.66,21,Desconocido,Bogotá,Online
TRX-15202,PROD-2853,2025-12-13,6,305.98,26.36,28,En Camino,Medellín,App
TRX-15203,PROD-1467,2025-12-11,4,1530.36,57.58,10,Devuelto,Barranquilla,Físico
TRX-15204,PROD-1399,2024-11-10,11,1269.44,18.05,21,Devuelto,Medellín,Online
TRX-15205,PROD-3698,2024-11-08,13,1635.62,69.09,8,Devuelto,Cali,App
TRX-15206,PROD-1908,2025-01-15,7,67.08,22.6,10,Retrasado,Ventas_Web,WhatsApp
TRX-15207,PROD-1008,2024-10-31,8,165.48,9.73,21,Desconocido,Cali,App
TRX-15208,PROD-2398,2025-04-27,1,148.69,52.345,17,Devuelto,Bogotá,Online
TRX-15209,PROD-2454,2025-04-20,10,1189.99,83.37,5,Entregado,Ventas_Web,Físico
TRX-15210,PROD-3595,2025-06-11,13,1209.84,35.91,13,Retrasado,Medellín,Online
TRX-15211,PROD-2195,2025-04-21,13,1813.15,15.31,21,Devuelto,Ventas_Web,App
TRX-15212,PROD-3243,2024-11-14,4,940.53,84.22,21,Retrasado,Medellín,Online
TRX-15213,PROD-3138,2025-12-26,4,145.42,77.43,28,Entregado,Bogotá,App
TRX-15214,PROD-2531,2025-06-30,10,426.96,69.96,19,Devuelto,Bucaramanga,Online
TRX-15215,PROD-3875,2025-09-12,9,26.07,91.57,12,Desconocido,Bogotá,Físico
TRX-15216,PROD-1435,2025-08-09,13,1555.66,51.48,12,Devuelto,Bogotá,Online
TRX-15217,PROD-1187,2025-02-02,6,1633.04,17.17,25,Entregado,Barranquilla,App
TRX-15218,PROD-1672,2025-12-15,4,1995.9,10.83,21,Devuelto,Medellín,WhatsApp
TRX-15219,PROD-3016,2025-06-13,13,830.27,35.25,28,Entregado,Bogotá,Físico
TRX-15220,PROD-1575,2025-07-14,1,48.4,52.345,2,Devuelto,Cali,WhatsApp
TRX-15221,PROD-3936,2025-01-11,8,477.11,13.25,21,Devuelto,Cali,App
TRX-15222,PROD-3955,2024-11-04,11,1179.66,55.87,9,En Camino,Barranquilla,Físico
TRX-15223,PROD-2676,2025-08-26,9,1924.27,6.38,24,Retrasado,Barranquilla,App
TRX-15224,PROD-1438,2025-05-18,5,216.12,47.16,22,Perdido,Medellín,WhatsApp
TRX-15225,PROD-2041,2025-10-06,5,251.93,21.95,25,En Camino,Bogotá,WhatsApp
TRX-15226,PROD-3502,2025-12-23,10,1406.5,39.99,23,En Camino,Cali,App
TRX-15227,PROD-1802,2025-10-16,8,1337.74,69.13,2,Retrasado,Medellín,App
TRX-15228,PROD-1768,2025-05-27,8,508.51,38.34,1,En Camino,Medellín,Físico
TRX-15229,PROD-1494,2024-09-26,5,1628.16,37.43,14,Entregado,Cali,App
TRX-15230,PROD-2609,2025-09-21,4,266.27,99.12,13,En Camino,Bogotá,WhatsApp
TRX-15231,PROD-1883,2025-09-06,6,1852.23,73.29,3,Perdido,Bucaramanga,Online
TRX-15232,PROD-2872,2025-10-12,10,410.05,52.345,27,Entregado,Barranquilla,WhatsApp
TRX-15233,PROD-1780,2025-09-07,5,171.89,53.82,20,Desconocido,Bogotá,App
TRX-15234,PROD-3935,2025-07-31,8,685.65,60.04,25,Retrasado,Bogotá,WhatsApp
TRX-15235,PROD-2384,2025-03-14,9,383.8,63.92,5,Retrasado,Bogotá,App
TRX-15236,PROD-1441,2025-04-03,13,1058.61,7.33,2,Retrasado,Medellín,Físico
TRX-15237,PROD-2697,2024-09-25,1,1376.82,12.63,26,Entregado,Bogotá,App
TRX-15238,PROD-1190,2025-06-27,9,986.93,66.67,21,Retrasado,Bucaramanga,App
TRX-15239,PROD-3593,2025-12-22,13,1324.61,39.62,29,Retrasado,Bucaramanga,App
TRX-15240,PROD-3753,2024-11-17,9,736.19,10.27,18,Perdido,Cali,App
TRX-15241,PROD-3411,2025-06-23,6,65.57,33.26,9,Devuelto,Bucaramanga,App
TRX-15242,PROD-1504,2025-11-05,11,1948.39,17.38,22,Desconocido,Bogotá,WhatsApp
TRX-15243,PROD-2845,2025-03-17,10,1640.63,92.05,28,Devuelto,Barranquilla,WhatsApp
TRX-15244,PROD-2873,2025-01-16,5,156.1,52.345,28,Devuelto,Medellín,Online
TRX-15245,PROD-3697,2024-12-15,7,903.86,24.28,12,Retrasado,Bogotá,Online
TRX-15246,PROD-3413,2025-02-28,11,1273.69,18.65,5,Entregado,Medellín,Físico
TRX-15247,PROD-3065,2025-07-05,8,389.28,64.49,18,Retrasado,Bogotá,Físico
TRX-15248,PROD-1551,2024-12-11,9,1160.2,54.58,23,Devuelto,Barranquilla,Online
TRX-15249,PROD-3043,2024-11-27,9,1071.96,59.71,23,Perdido,Bucaramanga,WhatsApp
TRX-15250,PROD-1017,2025-04-19,10,424.45,46.42,2,Retrasado,Medellín,Físico
TRX-15251,PROD-3172,2024-10-02,11,291.01,49.38,10,Retrasado,Ventas_Web,Online
TRX-15252,PROD-1198,2025-04-09,3,1520.33,78.99,22,Retrasado,Ventas_Web,WhatsApp
TRX-15253,PROD-3266,2024-11-20,13,651.95,25.89,10,Entregado,Medellín,Online
TRX-15254,PROD-2772,2025-05-14,8,495.64,42.67,26,Perdido,Bogotá,Físico
TRX-15255,PROD-3396,2025-07-26,1,1478.38,95.99,3,Perdido,Bucaramanga,Físico
TRX-15256,PROD-2978,2025-05-24,7,1474.78,52.345,24,Perdido,Barranquilla,App
TRX-15257,PROD-3082,2025-10-06,12,560.04,23.05,14,Perdido,Medellín,Online
TRX-15258,PROD-1725,2025-10-20,5,1746.41,32.91,5,Devuelto,Bucaramanga,Online
TRX-15259,PROD-3833,2024-11-15,13,1379.62,23.2,24,Retrasado,Ventas_Web,Online
TRX-15260,PROD-3369,2025-12-12,13,698.07,6.95,23,Desconocido,Bogotá,Físico
TRX-15261,PROD-1711,2025-08-25,2,860.7,30.63,13,Perdido,Medellín,WhatsApp
TRX-15262,PROD-3992,2025-10-20,2,1456.15,9.41,27,En Camino,Cali,Online
TRX-15263,PROD-1525,2024-10-01,8,431.05,19.7,24,En Camino,Bogotá,WhatsApp
TRX-15264,PROD-1424,2025-01-01,5,942.83,39.45,28,Desconocido,Medellín,Online
TRX-15265,PROD-2586,2025-11-04,14,1310.58,6.97,17,Devuelto,Bucaramanga,Físico
TRX-15266,PROD-3693,2025-07-14,12,1083.6,76.53,6,En Camino,Medellín,WhatsApp
TRX-15267,PROD-3459,2025-04-13,11,1220.57,80.58,29,En Camino,Bogotá,Online
TRX-15268,PROD-3482,2025-10-19,3,1096.96,52.345,29,En Camino,Ventas_Web,WhatsApp
TRX-15269,PROD-2318,2025-02-22,1,406.46,44.08,27,Devuelto,Bucaramanga,Online
TRX-15270,PROD-3064,2025-01-10,11,826.31,98.54,13,Retrasado,Cali,App
TRX-15271,PROD-2575,2025-08-10,7,1068.65,69.5,29,Devuelto,Cali,App
TRX-15272,PROD-2714,2025-06-15,11,1562.32,75.65,12,Entregado,Medellín,App
TRX-15273,PROD-3494,2025-09-30,12,1311.27,23.27,3,Entregado,Bucaramanga,Online
TRX-15274,PROD-3836,2025-02-21,3,858.92,84.56,16,En Camino,Ventas_Web,WhatsApp
TRX-15275,PROD-2016,2026-01-31,7,1949.06,94.78,5,En Camino,Medellín,App
TRX-15276,PROD-2120,2025-12-30,12,224.51,27.45,2,Retrasado,Barranquilla,Físico
TRX-15277,PROD-2629,2024-12-14,2,421.54,70.21,11,Desconocido,Bucaramanga,WhatsApp
TRX-15278,PROD-2404,2025-12-09,4,689.21,75.96,4,En Camino,Medellín,App
TRX-15279,PROD-2204,2025-11-11,2,464.86,33.99,22,Entregado,Medellín,Físico
TRX-15280,PROD-2854,2025-10-22,4,1254.63,52.345,1,En Camino,Medellín,Físico
TRX-15281,PROD-1546,2025-02-03,5,88.71,50.13,13,Retrasado,Bucaramanga,Físico
TRX-15282,PROD-1565,2025-08-14,14,363.1,14.27,18,Entregado,Bogotá,Online
TRX-15283,PROD-2690,2025-03-01,8,593.76,21.44,16,En Camino,Bucaramanga,Físico
TRX-15284,PROD-3467,2024-10-31,2,1369.86,10.85,2,Retrasado,Bogotá,WhatsApp
TRX-15285,PROD-3867,2025-03-17,10,1752.97,58.22,9,Retrasado,Medellín,WhatsApp
TRX-15286,PROD-3098,2024-10-05,3,1599.0,64.4,27,Entregado,Bucaramanga,Online
TRX-15287,PROD-2224,2025-08-03,10,372.34,92.03,12,Entregado,Cali,Físico
TRX-15288,PROD-3873,2024-11-28,12,1135.16,56.51,5,Desconocido,Cali,WhatsApp
TRX-15289,PROD-3243,2025-12-06,13,69.75,29.76,5,Entregado,Bogotá,Online
TRX-15290,PROD-2285,2025-05-28,5,627.97,10.65,22,Retrasado,Bucaramanga,Físico
TRX-15291,PROD-3915,2024-11-02,11,1613.91,89.07,13,Entregado,Medellín,WhatsApp
TRX-15292,PROD-3267,2025-03-25,12,918.76,52.345,16,Entregado,Bogotá,Físico
TRX-15293,PROD-3591,2024-10-27,12,308.38,50.49,26,Retrasado,Medellín,Online
TRX-15294,PROD-1890,2025-11-18,9,882.72,75.05,19,Desconocido,Medellín,App
TRX-15295,PROD-1822,2025-08-25,10,404.09,6.39,9,Retrasado,Medellín,WhatsApp
TRX-15296,PROD-1858,2025-12-17,11,792.45,51.37,16,Entregado,Medellín,Físico
TRX-15297,PROD-3556,2025-07-09,5,980.79,35.94,19,Entregado,Medellín,Físico
TRX-15298,PROD-3926,2024-12-07,14,705.62,7.88,4,Entregado,Cali,App
TRX-15299,PROD-2190,2026-01-07,9,1874.57,78.69,28,Desconocido,Barranquilla,Físico
TRX-15301,PROD-2414,2025-05-14,4,1687.36,36.65,9,Perdido,Bucaramanga,Online
TRX-15302,PROD-3754,2024-10-03,10,1523.85,81.55,16,Devuelto,Bogotá,Físico
TRX-15303,PROD-1543,2025-09-25,5,1325.72,47.46,26,En Camino,Bogotá,Físico
TRX-15304,PROD-3909,2025-07-02,9,998.81,52.345,24,Devuelto,Medellín,WhatsApp
TRX-15305,PROD-3662,2025-07-23,4,14.33,5.33,6,Desconocido,Bucaramanga,Online
TRX-15306,PROD-1728,2024-10-16,5,1230.8,94.72,8,Retrasado,Bucaramanga,WhatsApp
TRX-15307,PROD-3063,2025-06-23,5,718.36,29.29,1,Perdido,Medellín,App
TRX-15308,PROD-3222,2024-10-19,4,244.35,83.9,14,Desconocido,Bogotá,WhatsApp
TRX-15309,PROD-3843,2024-11-15,4,894.81,82.56,4,Retrasado,Bogotá,Físico
TRX-15310,PROD-3608,2024-11-16,11,1473.75,20.43,10,Entregado,Medellín,WhatsApp
TRX-15311,PROD-2320,2025-10-03,5,1923.74,50.03,27,Desconocido,Bogotá,WhatsApp
TRX-15312,PROD-3909,2025-05-13,12,754.47,8.82,16,En Camino,Medellín,WhatsApp
TRX-15313,PROD-1472,2025-06-26,6,1090.02,38.68,4,Devuelto,Cali,Online
TRX-15314,PROD-2442,2025-12-09,7,1703.98,74.44,2,Retrasado,Bogotá,WhatsApp
TRX-15315,PROD-3303,2025-09-28,6,674.66,27.52,2,Perdido,Bogotá,App
TRX-15316,PROD-2967,2025-11-14,1,293.09,52.345,13,Entregado,Bogotá,WhatsApp
TRX-15317,PROD-3387,2025-01-20,2,570.94,16.13,11,Perdido,Cali,WhatsApp
TRX-15318,PROD-3337,2025-05-05,7,1799.25,53.18,10,En Camino,Cali,WhatsApp
TRX-15319,PROD-3732,2024-11-19,14,327.19,56.01,25,Perdido,Bucaramanga,Físico
TRX-15320,PROD-3908,2025-06-04,3,665.15,69.2,6,Perdido,Medellín,Físico
TRX-15321,PROD-2709,2025-03-17,12,934.63,77.12,7,Entregado,Medellín,App
TRX-15322,PROD-3761,2024-11-15,10,1695.76,71.1,27,Perdido,Bogotá,Físico
TRX-15323,PROD-3186,2025-02-15,11,1876.05,85.31,27,Entregado,Cali,Físico
TRX-15324,PROD-2171,2025-06-08,13,857.36,26.18,15,En Camino,Medellín,Online
TRX-15325,PROD-2730,2025-02-21,2,1864.59,59.13,20,Retrasado,Barranquilla,App
TRX-15326,PROD-1052,2025-10-12,6,331.3,39.21,19,Entregado,Cali,Físico
TRX-15327,PROD-3141,2025-06-11,11,322.14,96.4,3,Desconocido,Barranquilla,Online
TRX-15328,PROD-1436,2024-10-11,4,1899.01,52.345,21,Desconocido,Bogotá,Físico
TRX-15329,PROD-1103,2025-08-30,12,1024.26,46.83,27,Retrasado,Bogotá,Online
TRX-15330,PROD-2560,2025-09-28,11,379.96,96.17,14,Devuelto,Bogotá,Físico
TRX-15331,PROD-1595,2025-03-12,5,981.1,78.06,22,Perdido,Bogotá,Físico
TRX-15332,PROD-1217,2025-10-06,6,1568.59,73.25,2,Retrasado,Bogotá,Físico
TRX-15333,PROD-3745,2025-10-19,3,1655.57,51.7,23,Perdido,Medellín,Físico
TRX-15334,PROD-1231,2025-04-07,1,1729.3,47.12,16,Entregado,Medellín,WhatsApp
TRX-15335,PROD-1818,2025-12-02,3,1143.45,55.02,23,Perdido,Medellín,Físico
TRX-15336,PROD-2093,2024-12-04,3,1735.22,32.9,17,En Camino,Ventas_Web,App
TRX-15337,PROD-1659,2025-07-22,6,1024.96,90.93,15,Desconocido,Medellín,WhatsApp
TRX-15338,PROD-2173,2024-12-16,4,1218.05,80.46,29,Retrasado,Bucaramanga,App
TRX-15339,PROD-3799,2025-07-03,7,1519.85,81.13,13,Perdido,Medellín,WhatsApp
TRX-15340,PROD-2026,2025-07-21,13,856.62,52.345,29,Retrasado,Medellín,WhatsApp
TRX-15341,PROD-1599,2025-02-01,11,156.43,46.15,29,Retrasado,Ventas_Web,App
TRX-15342,PROD-1254,2025-01-20,2,706.83,11.75,12,En Camino,Bogotá,Online
TRX-15343,PROD-3828,2025-04-26,12,1251.65,69.89,7,Entregado,Ventas_Web,App
TRX-15344,PROD-2208,2025-02-05,4,392.74,40.57,29,Perdido,Bucaramanga,Físico
TRX-15345,PROD-1835,2025-01-16,8,305.29,87.69,20,Devuelto,Bogotá,Físico
TRX-15346,PROD-3216,2024-11-22,11,593.23,79.13,20,Retrasado,Cali,App
TRX-15347,PROD-1132,2024-10-09,6,73.9,18.81,3,Entregado,Medellín,Online
TRX-15348,PROD-2469,2024-10-26,10,1489.41,62.16,9,Devuelto,Ventas_Web,WhatsApp
TRX-15349,PROD-2853,2024-10-12,3,524.84,70.76,3,Retrasado,Bogotá,WhatsApp
TRX-15350,PROD-1419,2025-04-18,10,257.23,58.97,16,Devuelto,Ventas_Web,Físico
TRX-15351,PROD-3523,2025-12-24,12,1401.27,53.83,20,Perdido,Bogotá,Online
TRX-15352,PROD-3766,2025-03-03,2,1687.43,52.345,3,Perdido,Medellín,WhatsApp
TRX-15353,PROD-3301,2025-07-18,3,49.55,26.65,8,Desconocido,Cali,WhatsApp
TRX-15354,PROD-1918,2024-10-02,1,474.86,27.41,8,Retrasado,Ventas_Web,Físico
TRX-15355,PROD-3650,2024-12-25,1,1891.01,77.96,26,Retrasado,Medellín,Online
TRX-15356,PROD-3298,2025-11-10,2,776.66,6.78,24,Desconocido,Medellín,WhatsApp
TRX-15357,PROD-2592,2025-09-28,14,1877.8,79.0,15,Perdido,Medellín,Online
TRX-15358,PROD-1973,2025-11-05,3,555.68,55.05,5,Entregado,Medellín,Online
TRX-15359,PROD-3092,2025-10-10,13,443.95,93.94,13,Devuelto,Medellín,Físico
TRX-15360,PROD-3851,2025-12-07,9,436.08,99.75,15,Retrasado,Bucaramanga,WhatsApp
TRX-15361,PROD-2178,2025-09-23,8,179.61,68.03,7,Retrasado,Medellín,Físico
TRX-15362,PROD-3838,2025-12-13,12,1793.9,44.16,12,En Camino,Barranquilla,App
TRX-15363,PROD-3721,2025-01-07,11,1959.87,50.13,3,Devuelto,Medellín,WhatsApp
TRX-15364,PROD-1192,2025-01-05,11,1909.47,52.345,8,Desconocido,Cali,Online
TRX-15365,PROD-2562,2024-12-02,9,1705.54,24.4,10,Perdido,Medellín,Online
TRX-15366,PROD-2587,2025-11-27,7,1695.31,14.43,2,Desconocido,Bogotá,WhatsApp
TRX-15367,PROD-2706,2024-12-15,7,1325.56,59.98,8,Retrasado,Cali,Físico
TRX-15368,PROD-3806,2025-04-19,5,1654.17,81.52,22,Retrasado,Cali,Online
TRX-15369,PROD-2280,2025-06-08,7,424.6,29.87,18,Perdido,Barranquilla,WhatsApp
TRX-15370,PROD-3261,2025-05-19,4,781.95,44.87,12,Devuelto,Medellín,Online
TRX-15371,PROD-1220,2025-07-21,5,1285.26,57.7,22,Entregado,Cali,Físico
TRX-15372,PROD-1053,2025-05-12,12,1750.79,91.25,27,Perdido,Bogotá,WhatsApp
TRX-15373,PROD-2029,2025-11-16,1,1324.33,18.17,26,Entregado,Medellín,Físico
TRX-15374,PROD-1831,2025-07-01,11,1679.65,27.5,18,Retrasado,Medellín,Físico
TRX-15375,PROD-3541,2025-10-21,4,953.16,92.26,19,Entregado,Barranquilla,WhatsApp
TRX-15376,PROD-2814,2025-11-14,3,1437.43,52.345,27,Entregado,Bucaramanga,Físico
TRX-15377,PROD-1923,2025-04-16,2,1960.16,8.76,5,Perdido,Bucaramanga,Físico
TRX-15378,PROD-3595,2025-06-13,2,315.44,67.33,16,Desconocido,Bucaramanga,Físico
TRX-15379,PROD-3886,2025-07-30,8,1854.57,65.75,17,Retrasado,Bucaramanga,Online
TRX-15380,PROD-3906,2025-09-04,1,1049.5,41.41,9,Devuelto,Bogotá,Físico
TRX-15381,PROD-3652,2025-10-21,8,1290.0,49.48,10,En Camino,Cali,App
TRX-15382,PROD-2506,2025-03-26,9,1756.96,86.22,19,Entregado,Bogotá,Online
TRX-15383,PROD-3410,2025-01-14,6,825.21,20.67,29,Retrasado,Ventas_Web,App
TRX-15384,PROD-3238,2024-12-10,1,843.2,27.0,12,En Camino,Bogotá,Físico
TRX-15385,PROD-3471,2025-09-14,10,1059.09,53.67,1,Devuelto,Medellín,Físico
TRX-15386,PROD-1804,2025-08-30,12,48.01,43.93,22,En Camino,Medellín,Online
TRX-15387,PROD-3969,2025-07-20,7,998.37,59.57,17,Devuelto,Bucaramanga,Físico
TRX-15388,PROD-1792,2024-11-11,5,589.26,52.345,3,Desconocido,Medellín,Online
TRX-15389,PROD-2204,2025-08-08,9,1856.63,92.48,7,En Camino,Barranquilla,WhatsApp
TRX-15390,PROD-2838,2024-12-26,7,184.59,92.12,20,Devuelto,Cali,Online
TRX-15391,PROD-1726,2025-06-07,5,924.05,26.85,9,Desconocido,Barranquilla,Físico
TRX-15392,PROD-3796,2025-11-25,13,1895.46,33.7,23,Entregado,Ventas_Web,Online
TRX-15393,PROD-1305,2025-09-08,2,1803.06,20.4,5,En Camino,Cali,Online
TRX-15394,PROD-1765,2024-11-23,14,1405.68,93.14,9,Devuelto,Barranquilla,Online
TRX-15395,PROD-1711,2025-02-11,4,1182.83,42.8,19,Retrasado,Bogotá,Físico
TRX-15396,PROD-3104,2025-08-18,2,568.65,47.72,11,Perdido,Barranquilla,Online
TRX-15397,PROD-1488,2025-05-02,9,740.24,81.25,14,Desconocido,Medellín,App
TRX-15398,PROD-2545,2025-09-13,2,189.37,53.73,14,En Camino,Cali,WhatsApp
TRX-15399,PROD-1166,2025-01-11,2,1574.36,16.38,8,Desconocido,Medellín,WhatsApp
TRX-15401,PROD-2143,2024-10-07,2,1338.89,46.6,24,En Camino,Ventas_Web,Online
TRX-15402,PROD-3279,2025-06-19,1,721.61,64.9,20,En Camino,Bogotá,Online
TRX-15403,PROD-2082,2025-02-28,9,934.02,73.32,1,Perdido,Ventas_Web,WhatsApp
TRX-15404,PROD-1532,2025-02-26,8,1114.45,66.31,4,En Camino,Barranquilla,WhatsApp
TRX-15405,PROD-1659,2024-10-19,2,1605.69,16.32,16,Desconocido,Bogotá,Físico
TRX-15406,PROD-3392,2024-12-16,2,430.2,33.91,25,Entregado,Cali,Online
TRX-15407,PROD-2044,2024-10-01,5,803.54,74.69,26,Entregado,Ventas_Web,Físico
TRX-15408,PROD-1023,2025-06-25,12,268.86,88.62,1,Retrasado,Cali,Online
TRX-15409,PROD-2353,2025-05-07,13,160.76,9.48,19,Perdido,Barranquilla,WhatsApp
TRX-15410,PROD-2910,2025-03-27,14,1213.3,9.01,24,Desconocido,Ventas_Web,App
TRX-15411,PROD-3906,2024-12-10,12,386.29,66.12,3,Retrasado,Ventas_Web,Físico
TRX-15412,PROD-1634,2025-04-26,14,129.0,52.345,2,Entregado,Medellín,App
TRX-15413,PROD-1163,2025-11-29,4,1795.22,57.06,17,En Camino,Bogotá,Online
TRX-15414,PROD-1629,2024-11-18,2,1073.29,19.76,25,En Camino,Bucaramanga,App
TRX-15415,PROD-2321,2025-02-13,8,277.91,57.09,11,Devuelto,Medellín,WhatsApp
TRX-15416,PROD-3444,2025-09-13,8,116.32,97.58,26,Perdido,Bogotá,Online
TRX-15417,PROD-1208,2025-08-19,13,248.52,64.94,3,Devuelto,Ventas_Web,WhatsApp
TRX-15418,PROD-3561,2025-10-19,4,947.96,47.67,7,Perdido,Bucaramanga,Online
TRX-15419,PROD-3521,2024-11-28,14,1340.25,83.62,10,Perdido,Barranquilla,Online
TRX-15420,PROD-3711,2025-06-24,4,1286.15,25.22,3,En Camino,Barranquilla,Online
TRX-15421,PROD-2233,2026-01-29,9,297.4,44.36,29,En Camino,Ventas_Web,WhatsApp
TRX-15422,PROD-3009,2025-01-05,4,1270.64,55.14,8,Retrasado,Ventas_Web,Online
TRX-15423,PROD-3345,2025-12-17,10,815.68,52.93,25,Entregado,Ventas_Web,Online
TRX-15424,PROD-3253,2025-11-16,11,934.84,52.345,28,Entregado,Medellín,Físico
TRX-15425,PROD-2466,2026-01-08,9,1604.85,92.49,24,En Camino,Bogotá,WhatsApp
TRX-15426,PROD-1298,2025-03-29,3,671.67,32.8,5,Entregado,Cali,Online
TRX-15427,PROD-3898,2025-03-05,2,302.53,10.37,27,Perdido,Bogotá,Online
TRX-15428,PROD-2301,2025-06-16,11,1748.17,92.06,10,Entregado,Medellín,Online
TRX-15429,PROD-3152,2024-11-12,8,432.14,25.62,12,Desconocido,Medellín,App
TRX-15430,PROD-1900,2025-01-26,12,595.12,41.01,18,Retrasado,Medellín,App
TRX-15431,PROD-1753,2024-12-11,3,1416.11,55.43,6,Entregado,Medellín,Físico
TRX-15432,PROD-3132,2025-03-24,13,1370.27,97.71,8,Entregado,Medellín,App
TRX-15433,PROD-1279,2025-07-29,2,1602.8,55.85,18,Retrasado,Ventas_Web,Físico
TRX-15434,PROD-3069,2024-10-09,13,375.89,47.54,6,Retrasado,Ventas_Web,Online
TRX-15435,PROD-1652,2025-12-12,11,711.04,60.45,23,En Camino,Barranquilla,WhatsApp
TRX-15436,PROD-2703,2025-03-11,8,260.51,52.345,9,Retrasado,Medellín,Online
TRX-15437,PROD-3224,2025-06-29,8,1086.67,97.23,16,Desconocido,Bogotá,WhatsApp
TRX-15438,PROD-3199,2025-10-28,5,592.22,82.7,11,En Camino,Medellín,Físico
TRX-15439,PROD-2652,2025-07-23,9,1380.98,21.05,25,Perdido,Medellín,WhatsApp
TRX-15440,PROD-1376,2025-08-28,11,10.69,81.31,2,Devuelto,Ventas_Web,Físico
TRX-15441,PROD-2431,2025-04-24,6,128.77,84.9,17,Entregado,Medellín,Físico
TRX-15442,PROD-1906,2025-04-08,5,870.79,70.62,13,Retrasado,Medellín,WhatsApp
TRX-15443,PROD-1873,2024-09-29,12,1916.79,67.44,7,Entregado,Bogotá,Online
TRX-15444,PROD-3717,2025-10-25,3,1782.79,46.88,22,Perdido,Bogotá,App
TRX-15445,PROD-2359,2024-10-03,7,1988.08,65.96,10,Devuelto,Cali,Online
TRX-15446,PROD-2356,2024-10-04,14,839.49,75.07,26,Retrasado,Barranquilla,Físico
TRX-15447,PROD-2477,2025-01-10,9,102.67,16.67,13,En Camino,Ventas_Web,Online
TRX-15448,PROD-2202,2025-02-02,4,618.85,52.345,10,En Camino,Ventas_Web,Online
TRX-15449,PROD-1894,2025-10-16,11,1354.78,29.45,28,Retrasado,Ventas_Web,Online
TRX-15450,PROD-3532,2025-01-28,7,278.98,23.44,4,Retrasado,Medellín,App
TRX-15451,PROD-3172,2025-02-17,12,606.94,84.92,27,Perdido,Bogotá,WhatsApp
TRX-15452,PROD-2945,2024-11-15,3,121.77,69.6,11,Devuelto,Bogotá,App
TRX-15453,PROD-3299,2025-07-30,11,955.18,47.82,9,Retrasado,Ventas_Web,Online
TRX-15454,PROD-3659,2025-12-08,2,425.75,83.48,16,En Camino,Barranquilla,WhatsApp
TRX-15455,PROD-1036,2024-12-10,13,191.58,73.09,17,Devuelto,Medellín,Online
TRX-15456,PROD-1469,2025-09-03,11,828.32,91.79,23,Retrasado,Medellín,Físico
TRX-15457,PROD-3739,2024-12-28,1,708.94,12.3,5,Devuelto,Medellín,Online
TRX-15458,PROD-2417,2025-05-29,6,1079.66,53.37,5,Perdido,Bogotá,WhatsApp
TRX-15459,PROD-2825,2025-01-27,5,1500.59,72.14,6,Desconocido,Bogotá,App
TRX-15460,PROD-1984,2024-10-22,2,234.01,52.345,2,Retrasado,Bogotá,App
TRX-15461,PROD-3630,2024-10-16,13,1584.34,24.71,27,Retrasado,Cali,Online
TRX-15462,PROD-3513,2026-01-06,13,62.32,36.08,14,Devuelto,Medellín,App
TRX-15463,PROD-3544,2025-04-11,3,891.77,44.8,11,Retrasado,Ventas_Web,WhatsApp
TRX-15464,PROD-1998,2025-01-31,9,1178.99,80.46,19,Devuelto,Bogotá,App
TRX-15465,PROD-1163,2025-01-22,3,1914.43,51.89,11,Desconocido,Bucaramanga,App
TRX-15466,PROD-3795,2025-09-13,7,1152.11,51.82,25,Devuelto,Ventas_Web,Online
TRX-15467,PROD-2314,2025-11-28,1,325.91,45.93,20,Retrasado,Bogotá,WhatsApp
TRX-15468,PROD-2562,2025-08-15,7,1039.91,26.72,6,En Camino,Ventas_Web,WhatsApp
TRX-15469,PROD-1464,2025-02-19,9,797.61,92.69,13,Perdido,Medellín,Físico
TRX-15470,PROD-2580,2024-10-06,12,963.92,35.19,29,Devuelto,Medellín,App
TRX-15471,PROD-2050,2025-07-23,11,402.22,58.91,19,En Camino,Bogotá,WhatsApp
TRX-15472,PROD-3212,2024-10-21,8,1006.65,52.345,3,Devuelto,Medellín,Físico
TRX-15473,PROD-3965,2024-11-11,7,308.58,19.13,25,En Camino,Ventas_Web,Online
TRX-15474,PROD-2158,2025-12-30,10,1490.65,46.25,16,Retrasado,Medellín,Físico
TRX-15475,PROD-1101,2025-05-20,14,1191.87,90.86,9,Perdido,Bucaramanga,Físico
TRX-15476,PROD-3117,2026-01-17,8,166.27,99.57,29,En Camino,Barranquilla,WhatsApp
TRX-15477,PROD-2535,2025-10-21,13,1780.33,39.37,3,Entregado,Cali,Físico
TRX-15478,PROD-3106,2025-12-21,4,1236.6,19.63,19,Devuelto,Barranquilla,Online
TRX-15479,PROD-3083,2026-01-08,2,639.05,34.87,15,En Camino,Cali,WhatsApp
TRX-15480,PROD-2825,2025-07-02,14,100.83,36.09,22,Perdido,Barranquilla,WhatsApp
TRX-15481,PROD-2993,2025-08-23,14,1268.13,66.23,13,Perdido,Barranquilla,WhatsApp
TRX-15482,PROD-1179,2025-09-09,11,753.15,52.13,17,Perdido,Bogotá,WhatsApp
TRX-15483,PROD-2214,2025-02-25,9,1816.16,78.0,21,Desconocido,Bogotá,Online
TRX-15484,PROD-3668,2025-02-06,3,79.41,52.345,25,En Camino,Bogotá,Online
TRX-15485,PROD-1788,2025-08-15,14,87.81,71.62,25,En Camino,Bogotá,Online
TRX-15486,PROD-2312,2025-08-24,11,1899.11,28.87,8,Retrasado,Ventas_Web,App
TRX-15487,PROD-3104,2025-02-23,4,1930.1,79.5,22,Entregado,Barranquilla,Online
TRX-15488,PROD-1337,2026-01-18,7,65.21,85.51,14,Desconocido,Bogotá,Físico
TRX-15489,PROD-1393,2024-12-12,2,1434.91,61.85,9,En Camino,Ventas_Web,WhatsApp
TRX-15490,PROD-1685,2024-12-18,14,450.77,93.13,3,Desconocido,Medellín,Físico
TRX-15491,PROD-3203,2025-06-13,8,1405.77,79.38,29,Retrasado,Bogotá,Online
TRX-15492,PROD-3184,2025-06-07,12,1738.78,61.56,9,Devuelto,Cali,App
TRX-15493,PROD-1030,2026-01-14,10,210.65,91.09,24,Entregado,Ventas_Web,App
TRX-15494,PROD-3567,2025-03-26,8,485.15,62.03,12,Desconocido,Bogotá,WhatsApp
TRX-15495,PROD-1268,2025-03-21,12,57.91,54.51,15,Perdido,Ventas_Web,Online
TRX-15496,PROD-1863,2025-03-27,5,97.22,52.345,17,Entregado,Ventas_Web,App
TRX-15497,PROD-3745,2025-01-23,9,68.94,38.84,9,Devuelto,Cali,Físico
TRX-15498,PROD-3578,2025-10-04,8,1603.36,88.87,24,En Camino,Cali,App
TRX-15499,PROD-1873,2024-12-27,1,603.6,16.66,8,En Camino,Medellín,WhatsApp
TRX-15501,PROD-2737,2024-09-25,9,1577.81,56.05,9,Retrasado,Bucaramanga,Online
TRX-15502,PROD-1425,2025-10-19,13,994.94,57.7,15,En Camino,Barranquilla,Físico
TRX-15503,PROD-1842,2025-12-09,14,864.1,66.93,24,En Camino,Bucaramanga,WhatsApp
TRX-15504,PROD-3202,2024-09-24,14,33.03,53.05,18,Entregado,Barranquilla,WhatsApp
TRX-15505,PROD-3878,2026-01-14,5,1140.4,29.4,22,Devuelto,Cali,App
TRX-15506,PROD-2782,2025-12-12,9,258.24,86.41,28,Perdido,Bogotá,WhatsApp
TRX-15507,PROD-3648,2025-09-28,9,1531.65,67.46,11,Perdido,Bucaramanga,App
TRX-15508,PROD-1295,2025-07-24,10,522.9,52.345,24,Retrasado,Medellín,Físico
TRX-15509,PROD-3810,2025-09-14,10,1351.63,86.53,14,Devuelto,Bucaramanga,App
TRX-15510,PROD-1629,2025-02-17,3,1295.98,31.22,13,Entregado,Medellín,WhatsApp
TRX-15511,PROD-1097,2025-07-04,8,1237.18,65.52,13,Perdido,Bucaramanga,Físico
TRX-15512,PROD-2880,2025-02-14,7,541.23,72.85,22,Retrasado,Medellín,App
TRX-15513,PROD-3936,2025-08-18,7,541.51,41.42,13,En Camino,Medellín,WhatsApp
TRX-15514,PROD-2358,2025-09-18,12,1727.47,82.16,27,En Camino,Bogotá,WhatsApp
TRX-15515,PROD-1155,2025-11-02,10,35.49,5.24,25,Desconocido,Medellín,Online
TRX-15516,PROD-1358,2025-06-11,2,371.23,61.52,16,Entregado,Barranquilla,App
TRX-15517,PROD-1300,2024-11-23,2,1224.24,63.29,12,Perdido,Cali,App
TRX-15518,PROD-1222,2026-01-26,2,1635.92,55.72,21,Desconocido,Bucaramanga,App
TRX-15519,PROD-1729,2025-05-06,13,723.11,64.85,24,Desconocido,Bucaramanga,Físico
TRX-15520,PROD-2031,2024-10-23,11,1310.35,52.345,26,Desconocido,Cali,Físico
TRX-15521,PROD-3285,2025-03-31,2,1118.74,20.89,18,En Camino,Ventas_Web,Online
TRX-15522,PROD-1288,2025-10-02,14,138.43,70.05,12,Retrasado,Ventas_Web,Online
TRX-15523,PROD-3355,2025-06-17,4,1247.28,36.9,5,Retrasado,Medellín,Online
TRX-15524,PROD-1932,2024-10-04,7,1629.67,47.95,17,Perdido,Bogotá,WhatsApp
TRX-15525,PROD-2059,2025-04-01,2,1984.97,36.65,21,Desconocido,Medellín,WhatsApp
TRX-15526,PROD-2669,2025-10-27,5,68.98,50.02,23,Entregado,Bucaramanga,Online
TRX-15527,PROD-2589,2024-10-17,14,1323.52,64.05,1,Retrasado,Bucaramanga,WhatsApp
TRX-15528,PROD-2847,2025-11-02,7,834.95,84.64,13,Devuelto,Bogotá,Online
TRX-15529,PROD-3581,2024-12-22,9,29.48,50.93,10,Retrasado,Cali,Físico
TRX-15530,PROD-2656,2024-12-19,8,1232.58,35.71,3,Entregado,Ventas_Web,WhatsApp
TRX-15531,PROD-2773,2025-08-20,9,253.63,51.35,6,Desconocido,Cali,WhatsApp
TRX-15532,PROD-2295,2025-06-23,7,763.35,52.345,16,Retrasado,Bogotá,Online
TRX-15533,PROD-1069,2025-07-20,3,530.12,70.44,28,Desconocido,Bogotá,App
TRX-15534,PROD-2595,2025-01-11,1,728.72,37.94,1,En Camino,Medellín,Online
TRX-15535,PROD-3757,2024-12-11,10,990.46,44.36,19,Entregado,Barranquilla,WhatsApp
TRX-15536,PROD-1484,2025-08-12,7,724.83,58.47,8,En Camino,Bogotá,WhatsApp
TRX-15537,PROD-3190,2025-02-09,13,1109.94,32.93,9,En Camino,Medellín,Online
TRX-15538,PROD-1024,2025-11-29,11,484.91,24.86,23,Perdido,Bogotá,Online
TRX-15539,PROD-3627,2025-11-13,6,1274.37,18.34,20,Desconocido,Medellín,Online
TRX-15540,PROD-3950,2025-04-24,2,1708.99,38.5,23,Desconocido,Ventas_Web,WhatsApp
TRX-15541,PROD-3532,2025-12-13,1,455.89,9.59,7,Desconocido,Bogotá,WhatsApp
TRX-15542,PROD-1259,2024-10-10,12,1020.68,60.43,11,Desconocido,Medellín,WhatsApp
TRX-15543,PROD-3398,2024-11-15,10,1300.89,21.71,23,Entregado,Ventas_Web,Físico
TRX-15544,PROD-1186,2025-09-25,4,1133.61,52.345,8,En Camino,Cali,Online
TRX-15545,PROD-3870,2024-12-28,14,737.64,40.85,11,Perdido,Barranquilla,Físico
TRX-15546,PROD-1297,2025-07-02,4,1287.98,30.58,14,Perdido,Bucaramanga,Online
TRX-15547,PROD-2465,2025-05-14,6,66.21,64.89,14,En Camino,Cali,Físico
TRX-15548,PROD-3059,2026-01-02,11,746.11,85.78,4,En Camino,Cali,Online
TRX-15549,PROD-1434,2025-05-20,5,1069.9,65.16,20,Devuelto,Medellín,App
TRX-15550,PROD-2187,2025-08-22,9,51.02,56.54,9,Entregado,Cali,Físico
TRX-15551,PROD-3809,2025-11-05,8,1020.22,68.56,8,Perdido,Bogotá,WhatsApp
TRX-15552,PROD-2234,2025-11-14,9,1311.97,7.85,15,Entregado,Cali,WhatsApp
TRX-15553,PROD-3484,2025-09-01,10,1520.82,16.67,27,Desconocido,Barranquilla,Físico
TRX-15554,PROD-1354,2026-01-21,7,235.61,14.02,20,Perdido,Bogotá,Online
TRX-15555,PROD-2153,2025-12-10,9,1981.22,14.33,6,Retrasado,Barranquilla,Físico
TRX-15556,PROD-2792,2024-11-15,3,1216.27,52.345,25,Retrasado,Medellín,WhatsApp
TRX-15557,PROD-2562,2024-12-18,9,732.76,29.75,16,Perdido,Bogotá,WhatsApp
TRX-15558,PROD-2618,2025-06-10,2,505.69,55.54,16,Devuelto,Medellín,WhatsApp
TRX-15559,PROD-3706,2025-05-16,9,1150.06,15.89,29,Retrasado,Bogotá,Físico
TRX-15560,PROD-1126,2025-01-23,13,1764.61,93.84,14,Desconocido,Bogotá,Físico
TRX-15561,PROD-2941,2025-11-16,6,1045.93,86.15,28,Desconocido,Barranquilla,App
TRX-15562,PROD-1640,2024-11-15,4,1326.33,97.31,15,Entregado,Medellín,Online
TRX-15563,PROD-3185,2025-04-26,12,721.82,9.04,22,En Camino,Ventas_Web,App
TRX-15564,PROD-1900,2025-11-16,14,782.42,85.88,27,Entregado,Medellín,WhatsApp
TRX-15565,PROD-1558,2025-04-07,12,579.49,81.35,21,Desconocido,Bogotá,App
TRX-15566,PROD-2601,2024-10-31,13,1414.22,90.7,12,Entregado,Medellín,WhatsApp
TRX-15567,PROD-3235,2025-12-20,11,724.78,55.15,23,Desconocido,Bucaramanga,Online
TRX-15568,PROD-2208,2025-09-22,2,389.53,52.345,18,Entregado,Medellín,App
TRX-15569,PROD-3597,2025-05-08,13,745.11,79.85,24,Desconocido,Barranquilla,WhatsApp
TRX-15570,PROD-1590,2025-05-17,10,1709.12,9.87,11,Perdido,Bogotá,App
TRX-15571,PROD-2220,2025-02-01,3,1479.12,12.21,7,Perdido,Medellín,Físico
TRX-15572,PROD-3774,2025-08-18,5,675.94,16.26,6,Entregado,Medellín,Físico
TRX-15573,PROD-3987,2026-02-04,9,1814.55,91.9,3,En Camino,Bogotá,Online
TRX-15574,PROD-3653,2025-08-09,7,158.92,10.81,9,Devuelto,Ventas_Web,Online
TRX-15575,PROD-2528,2026-01-04,11,109.01,14.51,15,Desconocido,Bucaramanga,App
TRX-15576,PROD-1045,2025-03-09,12,263.67,93.39,2,Devuelto,Ventas_Web,Online
TRX-15577,PROD-3267,2026-01-22,13,241.74,15.2,4,Retrasado,Bogotá,Online
TRX-15578,PROD-3273,2024-10-29,11,184.79,87.63,2,Retrasado,Ventas_Web,Físico
TRX-15579,PROD-1579,2024-11-28,3,1326.07,79.98,6,En Camino,Ventas_Web,App
TRX-15580,PROD-1504,2025-01-11,13,1205.68,52.345,12,Entregado,Bogotá,Físico
TRX-15581,PROD-1171,2025-11-11,4,1298.73,8.83,7,Desconocido,Bogotá,Físico
TRX-15582,PROD-1020,2025-04-29,14,1379.85,7.08,9,Perdido,Ventas_Web,Físico
TRX-15583,PROD-3345,2025-04-19,12,1516.19,55.77,6,Retrasado,Bogotá,App
TRX-15584,PROD-3443,2025-10-08,11,422.28,99.73,22,Entregado,Medellín,App
TRX-15585,PROD-2614,2024-12-18,2,1248.38,88.49,5,Devuelto,Cali,App
TRX-15586,PROD-3200,2025-12-27,14,1164.3,34.45,26,En Camino,Cali,Físico
TRX-15587,PROD-3242,2025-07-22,8,1887.88,41.7,27,Perdido,Cali,Online
TRX-15588,PROD-1348,2025-11-07,6,472.41,41.85,28,Perdido,Cali,App
TRX-15589,PROD-2248,2025-03-20,3,126.86,74.75,26,Retrasado,Ventas_Web,Online
TRX-15590,PROD-1860,2025-10-31,13,1310.46,37.41,4,Entregado,Barranquilla,Físico
TRX-15591,PROD-3973,2026-01-29,5,1482.94,19.04,10,Perdido,Bucaramanga,WhatsApp
TRX-15592,PROD-2408,2024-10-05,5,573.56,52.345,27,Devuelto,Bogotá,App
TRX-15593,PROD-1867,2025-12-13,12,1145.99,75.98,20,Devuelto,Bogotá,Online
TRX-15594,PROD-2690,2025-07-19,1,128.48,48.51,4,En Camino,Ventas_Web,App
TRX-15595,PROD-3645,2025-11-04,13,1920.49,12.29,5,En Camino,Bogotá,Físico
TRX-15596,PROD-3099,2025-01-25,5,228.75,80.05,17,Devuelto,Medellín,App
TRX-15597,PROD-1583,2025-10-02,6,144.47,60.6,18,Devuelto,Bucaramanga,Físico
TRX-15598,PROD-1659,2025-05-13,10,97.78,51.49,3,Entregado,Bogotá,WhatsApp
TRX-15599,PROD-1753,2025-05-31,10,860.27,68.97,23,Perdido,Medellín,Físico
TRX-15601,PROD-3526,2025-01-26,11,1491.85,66.6,13,En Camino,Barranquilla,WhatsApp
TRX-15602,PROD-2035,2025-05-15,11,1798.76,87.41,29,En Camino,Bogotá,WhatsApp
TRX-15603,PROD-1795,2025-02-07,11,527.84,63.28,1,En Camino,Bogotá,Online
TRX-15604,PROD-1469,2025-12-15,13,1261.26,52.345,19,Perdido,Medellín,Físico
TRX-15605,PROD-1742,2024-11-10,2,94.25,67.66,23,Retrasado,Barranquilla,WhatsApp
TRX-15606,PROD-3748,2025-10-07,3,779.26,63.32,22,En Camino,Barranquilla,Físico
TRX-15607,PROD-3323,2025-03-27,10,592.95,55.46,2,En Camino,Ventas_Web,App
TRX-15608,PROD-1222,2025-04-15,5,464.95,21.34,4,Entregado,Barranquilla,Físico
TRX-15609,PROD-3248,2024-12-09,14,1293.0,36.89,16,Entregado,Ventas_Web,Físico
TRX-15610,PROD-2889,2026-01-16,13,269.15,70.85,16,Retrasado,Bucaramanga,Físico
TRX-15611,PROD-3640,2025-10-13,3,1722.81,45.42,17,Desconocido,Ventas_Web,Físico
TRX-15612,PROD-3251,2025-04-04,5,1333.02,43.58,28,Retrasado,Ventas_Web,Online
TRX-15613,PROD-1299,2025-01-03,5,1424.36,77.13,21,Retrasado,Cali,WhatsApp
TRX-15614,PROD-2190,2025-01-05,8,1871.34,5.53,12,Retrasado,Medellín,WhatsApp
TRX-15615,PROD-3751,2025-10-03,10,1885.32,69.5,2,Entregado,Bucaramanga,WhatsApp
TRX-15616,PROD-1275,2025-07-06,9,1107.79,52.345,24,En Camino,Ventas_Web,App
TRX-15617,PROD-2026,2025-08-12,8,995.81,51.48,10,Entregado,Medellín,App
TRX-15618,PROD-1402,2026-01-17,12,677.41,40.79,6,Devuelto,Cali,Físico
TRX-15619,PROD-1808,2025-04-21,3,1433.99,37.35,12,Devuelto,Bogotá,Online
TRX-15620,PROD-3972,2025-05-30,1,1081.04,21.42,12,Desconocido,Bogotá,Online
TRX-15621,PROD-3378,2025-07-12,14,1866.42,36.75,17,En Camino,Ventas_Web,Físico
TRX-15622,PROD-2995,2025-04-11,3,484.87,42.18,18,Retrasado,Ventas_Web,Físico
TRX-15623,PROD-2355,2024-10-16,1,627.4,46.56,4,En Camino,Medellín,WhatsApp
TRX-15624,PROD-2462,2025-12-27,13,639.02,68.87,3,Devuelto,Ventas_Web,App
TRX-15625,PROD-1525,2025-07-19,11,1613.94,48.09,25,Desconocido,Bucaramanga,App
TRX-15626,PROD-3749,2026-01-13,9,207.09,80.65,17,En Camino,Medellín,App
TRX-15627,PROD-3684,2024-12-14,12,916.74,65.78,23,Retrasado,Cali,App
TRX-15628,PROD-1960,2025-07-16,13,860.89,52.345,9,Desconocido,Medellín,Físico
TRX-15629,PROD-1409,2025-12-24,3,155.55,23.01,25,Desconocido,Medellín,Físico
TRX-15630,PROD-2167,2025-03-20,14,827.49,31.33,22,Entregado,Bucaramanga,App
TRX-15631,PROD-3537,2025-07-17,8,1031.62,12.53,12,Retrasado,Bogotá,WhatsApp
TRX-15632,PROD-1285,2025-09-21,6,139.56,94.84,29,Entregado,Medellín,WhatsApp
TRX-15633,PROD-1792,2025-04-16,3,1024.63,89.22,7,Devuelto,Bucaramanga,WhatsApp
TRX-15634,PROD-2301,2024-11-01,9,1918.88,13.06,16,Perdido,Medellín,App
TRX-15635,PROD-2990,2025-07-23,8,1958.04,59.54,8,En Camino,Bogotá,WhatsApp
TRX-15636,PROD-2845,2025-01-13,3,1068.04,96.24,3,Perdido,Bogotá,Físico
TRX-15637,PROD-2344,2025-08-28,7,1035.04,75.98,21,Retrasado,Bogotá,App
TRX-15638,PROD-3524,2024-09-26,5,578.16,51.72,13,Entregado,Cali,WhatsApp
TRX-15639,PROD-3700,2026-01-21,2,1994.26,27.9,20,Retrasado,Medellín,Físico
TRX-15640,PROD-2252,2025-01-08,14,555.72,52.345,9,Retrasado,Ventas_Web,App
TRX-15641,PROD-3840,2025-08-04,8,911.27,31.51,9,Devuelto,Medellín,Físico
TRX-15642,PROD-3392,2025-01-14,1,15.84,74.94,4,Retrasado,Cali,WhatsApp
TRX-15643,PROD-1624,2025-03-08,4,704.97,79.15,28,En Camino,Cali,Online
TRX-15644,PROD-3316,2025-06-10,11,152.17,55.23,14,Devuelto,Medellín,WhatsApp
TRX-15645,PROD-3321,2025-01-06,13,1490.21,16.49,18,Perdido,Bogotá,Físico
TRX-15646,PROD-2492,2025-05-04,11,1126.42,93.72,1,Retrasado,Bogotá,Online
TRX-15647,PROD-2295,2025-06-11,12,1148.62,85.25,19,Perdido,Bogotá,Online
TRX-15648,PROD-2754,2025-05-31,13,580.16,18.35,2,En Camino,Bogotá,App
TRX-15649,PROD-1690,2024-10-06,4,1631.64,10.39,5,En Camino,Medellín,Online
TRX-15650,PROD-1019,2025-04-08,13,16.51,55.91,22,En Camino,Medellín,App
TRX-15651,PROD-2282,2025-01-26,10,673.87,31.99,14,Perdido,Medellín,Online
TRX-15652,PROD-2008,2025-04-16,14,1322.4,52.345,9,Perdido,Medellín,Online
TRX-15653,PROD-1907,2025-02-09,5,1816.77,31.91,20,Entregado,Bogotá,App
TRX-15654,PROD-3917,2024-11-23,4,476.89,13.29,20,Devuelto,Cali,Físico
TRX-15655,PROD-3624,2025-07-02,1,1086.79,95.57,15,Desconocido,Medellín,App
TRX-15656,PROD-2786,2024-11-15,14,1080.6,83.87,20,Retrasado,Bucaramanga,Online
TRX-15657,PROD-2133,2025-09-03,7,1749.61,15.81,1,Devuelto,Cali,WhatsApp
TRX-15658,PROD-2472,2024-10-04,10,110.53,88.28,19,En Camino,Medellín,App
TRX-15659,PROD-1550,2025-02-05,11,854.71,69.88,4,Retrasado,Ventas_Web,App
TRX-15660,PROD-3783,2025-08-18,2,373.11,35.92,14,Entregado,Cali,Online
TRX-15661,PROD-2358,2025-02-13,10,52.85,87.77,1,Devuelto,Bogotá,Online
TRX-15662,PROD-2965,2025-12-02,3,302.59,61.81,5,En Camino,Barranquilla,WhatsApp
TRX-15663,PROD-2895,2025-07-01,5,1953.18,85.62,10,Retrasado,Medellín,Online
TRX-15664,PROD-2824,2025-02-05,8,437.55,52.345,9,Retrasado,Bogotá,App
TRX-15665,PROD-2469,2026-01-24,10,1870.71,49.58,17,En Camino,Bucaramanga,App
TRX-15666,PROD-2251,2025-07-20,8,418.46,52.56,14,Perdido,Medellín,App
TRX-15667,PROD-2994,2025-05-01,14,1863.28,32.65,28,Devuelto,Bogotá,Físico
TRX-15668,PROD-3259,2025-08-28,2,1312.7,41.83,7,Retrasado,Cali,App
TRX-15669,PROD-1445,2025-04-19,9,235.3,58.94,18,Perdido,Medellín,Físico
TRX-15670,PROD-1719,2025-10-30,6,1168.01,94.97,10,Entregado,Medellín,Online
TRX-15671,PROD-3644,2025-10-28,9,643.84,62.01,28,Retrasado,Cali,Físico
TRX-15672,PROD-3484,2025-09-16,14,772.47,19.0,27,Retrasado,Bucaramanga,App
TRX-15673,PROD-1335,2025-10-07,4,885.94,5.66,25,Entregado,Cali,Online
TRX-15674,PROD-2149,2025-12-15,3,851.19,85.84,4,Entregado,Bogotá,Físico
TRX-15675,PROD-1573,2025-01-23,14,1331.58,39.61,14,Desconocido,Medellín,Online
TRX-15676,PROD-3206,2025-01-16,14,1539.05,52.345,3,Desconocido,Bogotá,Online
TRX-15677,PROD-1804,2025-02-26,5,665.06,34.92,28,Retrasado,Medellín,Físico
TRX-15678,PROD-2078,2025-06-19,5,1849.48,81.07,29,En Camino,Cali,Online
TRX-15679,PROD-3566,2024-10-09,4,1877.55,94.81,27,Entregado,Bogotá,Online
TRX-15680,PROD-1313,2025-06-18,13,90.97,76.06,23,Perdido,Bucaramanga,App
TRX-15681,PROD-3979,2025-09-06,7,39.67,21.52,22,Entregado,Bucaramanga,WhatsApp
TRX-15682,PROD-1308,2026-01-17,8,855.88,42.18,11,Retrasado,Cali,WhatsApp
TRX-15683,PROD-1076,2025-04-29,5,1185.38,77.14,10,Retrasado,Bogotá,Online
TRX-15684,PROD-3077,2025-08-07,9,563.03,91.16,8,Devuelto,Ventas_Web,Físico
TRX-15685,PROD-3587,2025-05-18,7,526.23,99.87,9,Perdido,Cali,WhatsApp
TRX-15686,PROD-1127,2024-10-25,13,1359.88,53.6,28,Devuelto,Ventas_Web,Físico
TRX-15687,PROD-3383,2025-07-04,13,1207.39,83.14,23,Entregado,Bogotá,WhatsApp
TRX-15688,PROD-3371,2024-10-29,7,342.62,52.345,6,Devuelto,Ventas_Web,App
TRX-15689,PROD-2659,2025-01-03,8,1770.16,9.43,14,Retrasado,Bucaramanga,App
TRX-15690,PROD-3416,2025-04-21,12,1363.15,32.15,28,En Camino,Ventas_Web,Físico
TRX-15691,PROD-1871,2025-11-26,4,731.53,40.29,24,Entregado,Bogotá,Físico
TRX-15692,PROD-1150,2025-06-29,10,1370.41,97.67,9,Retrasado,Barranquilla,App
TRX-15693,PROD-3259,2025-02-11,13,234.18,5.32,14,Entregado,Barranquilla,Físico
TRX-15694,PROD-2067,2025-05-19,13,941.83,34.26,8,Devuelto,Bucaramanga,Online
TRX-15695,PROD-3226,2025-05-09,6,346.28,93.39,6,Devuelto,Medellín,App
TRX-15696,PROD-3210,2025-02-02,5,92.45,34.13,24,Desconocido,Bogotá,App
TRX-15697,PROD-2933,2025-01-25,1,683.27,26.38,25,Entregado,Ventas_Web,App
TRX-15698,PROD-3678,2024-11-14,14,309.96,74.36,6,Desconocido,Cali,App
TRX-15699,PROD-1608,2024-12-19,13,1270.7,75.81,22,Entregado,Medellín,Online
TRX-15701,PROD-2607,2025-09-27,9,305.9,49.86,25,Entregado,Bogotá,App
TRX-15702,PROD-1914,2024-12-26,2,58.98,94.96,24,Desconocido,Bucaramanga,Físico
TRX-15703,PROD-3415,2025-11-10,6,1587.69,24.26,5,Devuelto,Bucaramanga,App
TRX-15704,PROD-2191,2025-03-29,8,14.09,91.77,26,Desconocido,Medellín,WhatsApp
TRX-15705,PROD-1548,2025-10-03,3,694.39,76.77,3,Entregado,Medellín,Físico
TRX-15706,PROD-2903,2025-06-05,5,994.22,39.98,25,En Camino,Medellín,Físico
TRX-15707,PROD-3052,2024-12-04,14,1639.1,81.66,11,Entregado,Bogotá,WhatsApp
TRX-15708,PROD-3090,2026-01-10,7,1678.73,17.65,26,Entregado,Cali,Físico
TRX-15709,PROD-1370,2025-11-08,4,1452.63,17.44,29,Retrasado,Cali,Online
TRX-15710,PROD-2625,2025-09-19,14,501.92,93.34,7,En Camino,Barranquilla,App
TRX-15711,PROD-2490,2025-07-01,12,1443.17,14.0,29,Devuelto,Medellín,App
TRX-15712,PROD-3056,2024-10-10,5,500.61,52.345,9,Devuelto,Medellín,Físico
TRX-15713,PROD-1043,2025-03-05,1,437.07,5.39,13,Perdido,Cali,App
TRX-15714,PROD-3714,2025-10-19,4,1098.78,41.96,16,En Camino,Medellín,Físico
TRX-15715,PROD-1978,2025-02-15,14,1360.92,14.87,23,En Camino,Ventas_Web,App
TRX-15716,PROD-3515,2026-01-03,14,115.57,86.99,12,Entregado,Cali,Físico
TRX-15717,PROD-3802,2025-08-02,7,129.44,92.66,8,Retrasado,Bogotá,Físico
TRX-15718,PROD-1679,2025-06-02,12,1570.5,50.83,14,Devuelto,Barranquilla,Físico
TRX-15719,PROD-3105,2025-03-01,10,1720.4,45.42,26,Devuelto,Medellín,Online
TRX-15720,PROD-1574,2025-09-06,7,1212.84,56.21,14,Retrasado,Medellín,Físico
TRX-15721,PROD-2827,2024-11-10,10,863.37,26.49,5,Desconocido,Bogotá,Online
TRX-15722,PROD-1652,2025-03-17,10,1692.18,33.31,26,Retrasado,Medellín,Online
TRX-15723,PROD-1733,2026-01-01,4,1460.35,14.59,10,Desconocido,Bogotá,WhatsApp
TRX-15724,PROD-3319,2025-08-15,12,1163.39,52.345,22,Desconocido,Bucaramanga,Físico
TRX-15725,PROD-3317,2024-11-26,6,646.32,47.41,28,En Camino,Bogotá,Online
TRX-15726,PROD-3700,2026-01-11,13,404.01,63.11,24,Desconocido,Medellín,WhatsApp
TRX-15727,PROD-1598,2025-07-08,5,843.16,93.37,14,Retrasado,Medellín,App
TRX-15728,PROD-3998,2024-11-11,1,580.78,75.21,23,Retrasado,Barranquilla,Online
TRX-15729,PROD-2980,2024-09-26,8,685.12,73.69,17,Entregado,Ventas_Web,Online
TRX-15730,PROD-2469,2025-01-19,12,1036.11,34.26,26,En Camino,Bogotá,Online
TRX-15731,PROD-1165,2025-08-28,7,346.5,89.39,4,Desconocido,Barranquilla,WhatsApp
TRX-15732,PROD-1896,2025-09-30,5,1614.29,94.96,29,Perdido,Medellín,WhatsApp
TRX-15733,PROD-2997,2026-02-04,13,299.6,93.56,24,Perdido,Medellín,Online
TRX-15734,PROD-1949,2025-03-05,10,967.18,8.69,15,Devuelto,Barranquilla,Físico
TRX-15735,PROD-1257,2025-05-03,10,1494.48,62.41,11,Retrasado,Bogotá,WhatsApp
TRX-15736,PROD-2082,2025-09-15,7,975.19,52.345,9,Entregado,Medellín,WhatsApp
TRX-15737,PROD-2513,2025-02-25,10,728.43,66.11,15,Retrasado,Medellín,App
TRX-15738,PROD-1958,2025-10-14,3,955.03,33.03,22,Devuelto,Bogotá,App
TRX-15739,PROD-1175,2025-06-11,8,1698.85,99.28,27,Retrasado,Medellín,Online
TRX-15740,PROD-3738,2025-03-14,5,1980.96,32.66,20,Perdido,Bucaramanga,App
TRX-15741,PROD-1846,2024-10-15,2,1265.98,25.58,2,En Camino,Bogotá,Físico
TRX-15742,PROD-3121,2025-10-18,2,1588.95,50.99,28,Retrasado,Bogotá,Online
TRX-15743,PROD-2479,2025-10-03,4,38.83,35.7,25,Desconocido,Medellín,Online
TRX-15744,PROD-2589,2024-11-22,7,1761.93,92.78,1,Perdido,Cali,WhatsApp
TRX-15745,PROD-2923,2025-09-13,14,1908.56,46.81,21,Perdido,Medellín,Online
TRX-15746,PROD-2862,2025-08-09,10,1154.59,43.96,24,Devuelto,Cali,App
TRX-15747,PROD-1190,2025-02-03,4,1510.07,64.46,20,En Camino,Cali,Online
TRX-15748,PROD-1163,2024-10-16,9,1030.36,52.345,17,Devuelto,Cali,Online
TRX-15749,PROD-3656,2025-07-12,2,579.55,12.71,4,Entregado,Barranquilla,App
TRX-15750,PROD-2327,2024-11-06,6,1705.97,76.89,5,Desconocido,Bogotá,WhatsApp
TRX-15751,PROD-1422,2025-03-20,4,1197.71,78.0,5,En Camino,Bogotá,Físico
TRX-15752,PROD-3882,2025-09-13,6,1162.97,50.03,28,Entregado,Cali,App
TRX-15753,PROD-3135,2026-01-07,10,1321.67,95.79,14,En Camino,Barranquilla,Físico
TRX-15754,PROD-3595,2025-09-15,9,1713.45,60.04,1,Perdido,Barranquilla,Físico
TRX-15755,PROD-2120,2025-11-25,10,1466.49,71.05,2,Entregado,Bogotá,Físico
TRX-15756,PROD-2078,2024-11-24,12,430.14,92.81,22,En Camino,Medellín,Online
TRX-15757,PROD-3370,2024-10-21,9,938.98,68.3,10,En Camino,Bogotá,Físico
TRX-15758,PROD-3229,2025-09-14,9,1960.79,46.02,5,Entregado,Medellín,WhatsApp
TRX-15759,PROD-3335,2025-09-22,9,1113.58,7.35,9,En Camino,Bucaramanga,WhatsApp
TRX-15760,PROD-1712,2024-12-27,3,1877.11,52.345,13,Devuelto,Bogotá,WhatsApp
TRX-15761,PROD-2542,2025-11-05,12,1628.61,74.19,23,Devuelto,Barranquilla,Online
TRX-15762,PROD-3677,2025-06-15,11,1335.39,96.66,29,Entregado,Ventas_Web,App
TRX-15763,PROD-2550,2025-07-10,14,705.24,49.67,21,Perdido,Bogotá,WhatsApp
TRX-15764,PROD-2496,2024-11-16,9,615.6,37.28,13,Retrasado,Medellín,Físico
TRX-15765,PROD-3407,2025-02-22,3,1290.41,54.33,28,Entregado,Bogotá,Online
TRX-15766,PROD-3676,2025-04-29,10,870.8,74.2,28,Desconocido,Bogotá,Online
TRX-15767,PROD-1318,2025-03-14,3,1599.52,5.07,9,Entregado,Barranquilla,WhatsApp
TRX-15768,PROD-3116,2024-12-27,5,1523.31,89.29,14,Entregado,Ventas_Web,Físico
TRX-15769,PROD-2030,2025-01-23,6,631.14,89.2,17,Desconocido,Bogotá,Físico
TRX-15770,PROD-2541,2024-10-04,9,1408.43,56.42,3,Desconocido,Barranquilla,WhatsApp
TRX-15771,PROD-1912,2024-09-26,1,994.15,16.63,18,Desconocido,Cali,Físico
TRX-15772,PROD-3115,2025-09-19,8,653.35,52.345,12,Entregado,Barranquilla,Online
TRX-15773,PROD-2662,2025-09-03,14,831.8,68.82,23,Devuelto,Medellín,Online
TRX-15774,PROD-2445,2024-11-28,14,1791.75,18.1,9,Entregado,Barranquilla,WhatsApp
TRX-15775,PROD-2413,2025-02-14,4,725.44,53.22,16,Perdido,Bogotá,Físico
TRX-15776,PROD-2994,2025-12-23,10,581.92,13.89,13,Retrasado,Medellín,App
TRX-15777,PROD-2974,2026-01-12,7,710.1,60.96,28,Retrasado,Medellín,WhatsApp
TRX-15778,PROD-3474,2024-11-26,6,437.09,35.22,18,Perdido,Medellín,Online
TRX-15779,PROD-1027,2024-12-13,6,1093.82,83.94,12,Entregado,Bucaramanga,WhatsApp
TRX-15780,PROD-3055,2025-01-05,7,303.4,80.99,22,Retrasado,Barranquilla,WhatsApp
TRX-15781,PROD-1569,2025-03-22,4,1636.71,99.86,2,Devuelto,Medellín,Online
TRX-15782,PROD-2801,2025-08-28,6,458.9,29.46,19,Retrasado,Ventas_Web,App
TRX-15783,PROD-1678,2025-12-07,3,1200.13,10.87,1,Desconocido,Medellín,WhatsApp
TRX-15784,PROD-1942,2025-01-05,5,258.8,52.345,6,Perdido,Bogotá,App
TRX-15785,PROD-1315,2025-05-06,13,1957.12,47.09,18,Retrasado,Medellín,App
TRX-15786,PROD-3107,2025-09-28,13,914.61,12.92,3,Perdido,Medellín,Online
TRX-15787,PROD-3635,2024-10-20,14,1646.12,21.96,22,Entregado,Medellín,WhatsApp
TRX-15788,PROD-2150,2026-01-31,13,1539.61,61.74,6,Retrasado,Medellín,WhatsApp
TRX-15789,PROD-1866,2026-01-18,2,1430.25,61.25,4,Perdido,Medellín,App
TRX-15790,PROD-1615,2024-10-08,3,1656.46,9.12,17,Devuelto,Bogotá,WhatsApp
TRX-15791,PROD-1765,2025-06-26,13,209.92,47.08,23,Devuelto,Cali,App
TRX-15792,PROD-1644,2025-08-21,9,1360.21,55.37,18,En Camino,Bogotá,Online
TRX-15793,PROD-2483,2026-01-18,6,539.0,30.46,22,Retrasado,Ventas_Web,Online
TRX-15794,PROD-3465,2025-07-17,3,1573.88,87.84,7,Entregado,Ventas_Web,Online
TRX-15795,PROD-3938,2024-11-15,2,1914.17,20.3,2,Desconocido,Bucaramanga,App
TRX-15796,PROD-1484,2025-07-07,5,1803.96,52.345,15,En Camino,Bogotá,WhatsApp
TRX-15797,PROD-3707,2025-01-14,10,238.75,29.12,22,Retrasado,Medellín,WhatsApp
TRX-15798,PROD-1943,2024-10-30,14,745.41,19.91,17,Devuelto,Bogotá,Físico
TRX-15799,PROD-2698,2025-12-20,5,735.0,16.07,6,Entregado,Cali,Físico
TRX-15801,PROD-3950,2025-05-10,1,205.27,31.4,8,Retrasado,Cali,WhatsApp
TRX-15802,PROD-1464,2025-03-07,3,775.93,73.64,8,Desconocido,Bogotá,App
TRX-15803,PROD-2972,2025-03-23,7,1984.22,45.66,7,Entregado,Bogotá,App
TRX-15804,PROD-3765,2025-12-10,9,1142.2,65.41,4,Entregado,Bogotá,App
TRX-15805,PROD-2961,2025-04-15,5,1247.35,93.18,20,En Camino,Bucaramanga,WhatsApp
TRX-15806,PROD-2962,2025-09-23,4,947.33,85.24,5,Entregado,Barranquilla,WhatsApp
TRX-15807,PROD-1863,2025-05-25,3,1328.04,11.55,8,Retrasado,Ventas_Web,Online
TRX-15808,PROD-3419,2025-09-16,10,1913.76,52.345,14,Desconocido,Ventas_Web,Físico
TRX-15809,PROD-1660,2025-08-21,13,1181.51,85.29,20,Desconocido,Barranquilla,WhatsApp
TRX-15810,PROD-3651,2025-11-27,9,139.43,47.92,25,Perdido,Medellín,App
TRX-15811,PROD-2683,2025-10-23,14,990.85,38.26,3,Perdido,Bucaramanga,WhatsApp
TRX-15812,PROD-1091,2025-07-28,7,1985.58,68.88,25,Entregado,Bucaramanga,Físico
TRX-15813,PROD-1998,2025-11-13,12,780.93,95.27,18,Perdido,Medellín,Físico
TRX-15814,PROD-1176,2025-11-08,7,1191.82,13.94,22,Desconocido,Bogotá,App
TRX-15815,PROD-1523,2025-01-21,14,222.21,77.97,15,Retrasado,Cali,Online
TRX-15816,PROD-3349,2025-06-08,13,290.95,24.33,21,En Camino,Medellín,Físico
TRX-15817,PROD-3426,2025-04-20,8,1750.62,41.11,5,Devuelto,Bogotá,Físico
TRX-15818,PROD-1659,2025-11-06,10,607.69,88.01,15,Devuelto,Ventas_Web,Físico
TRX-15819,PROD-1551,2025-07-29,1,617.85,56.85,27,Retrasado,Bogotá,Físico
TRX-15820,PROD-3578,2025-07-15,11,780.55,52.345,6,En Camino,Bucaramanga,Físico
TRX-15821,PROD-3099,2025-04-04,4,1933.29,11.41,10,Retrasado,Ventas_Web,WhatsApp
TRX-15822,PROD-1160,2024-11-29,13,177.94,53.26,23,Entregado,Ventas_Web,App
TRX-15823,PROD-3344,2025-01-14,13,1639.34,80.02,20,En Camino,Ventas_Web,WhatsApp
TRX-15824,PROD-1601,2025-04-30,5,689.7,55.24,15,Desconocido,Bogotá,Online
TRX-15825,PROD-1229,2025-04-30,5,1700.44,20.85,20,Perdido,Bucaramanga,Físico
TRX-15826,PROD-1681,2026-01-08,1,1983.59,47.28,28,Entregado,Bogotá,Online
TRX-15827,PROD-2057,2025-04-28,3,703.85,92.81,9,Perdido,Ventas_Web,Online
TRX-15828,PROD-1737,2025-05-17,2,267.42,67.53,4,Entregado,Ventas_Web,App
TRX-15829,PROD-3116,2025-11-27,12,297.31,74.34,8,Entregado,Barranquilla,WhatsApp
TRX-15830,PROD-2660,2025-10-13,7,1519.89,79.66,26,Entregado,Ventas_Web,Online
TRX-15831,PROD-3454,2025-07-17,13,298.39,13.62,13,Entregado,Ventas_Web,Online
TRX-15832,PROD-3308,2025-11-14,14,528.24,52.345,17,En Camino,Cali,Online
TRX-15833,PROD-3611,2024-12-25,5,416.75,60.25,4,En Camino,Ventas_Web,Online
TRX-15834,PROD-1076,2025-06-02,3,717.8,40.71,2,Entregado,Ventas_Web,Físico
TRX-15835,PROD-3947,2025-11-01,11,157.99,18.22,27,Retrasado,Bogotá,App
TRX-15836,PROD-3981,2026-01-27,8,1714.92,24.26,26,Entregado,Bogotá,App
TRX-15837,PROD-3710,2025-09-14,1,1721.69,79.21,5,Entregado,Medellín,App
TRX-15838,PROD-2161,2025-11-24,1,831.74,20.34,2,Retrasado,Bogotá,Online
TRX-15839,PROD-1351,2025-04-25,14,1228.05,34.68,16,Retrasado,Ventas_Web,Online
TRX-15840,PROD-1887,2026-01-16,6,1287.48,32.06,23,Entregado,Medellín,Físico
TRX-15841,PROD-2839,2025-10-07,1,1501.02,9.62,26,Devuelto,Cali,Online
TRX-15842,PROD-3484,2025-06-07,4,1046.17,48.91,23,Devuelto,Ventas_Web,WhatsApp
TRX-15843,PROD-2930,2025-09-04,6,1025.57,77.76,15,Retrasado,Bogotá,WhatsApp
TRX-15844,PROD-2972,2025-05-20,1,1266.29,52.345,25,Entregado,Bucaramanga,Online
TRX-15845,PROD-1698,2025-08-03,13,1409.07,7.1,29,Desconocido,Bogotá,WhatsApp
TRX-15846,PROD-1898,2025-04-24,9,699.91,15.69,4,Perdido,Barranquilla,WhatsApp
TRX-15847,PROD-2682,2024-12-29,4,667.44,73.42,15,Perdido,Ventas_Web,App
TRX-15848,PROD-3461,2024-10-08,9,546.74,61.39,5,Entregado,Ventas_Web,Online
TRX-15849,PROD-1584,2025-10-31,9,1102.2,72.95,3,Entregado,Bogotá,App
TRX-15850,PROD-3386,2025-02-23,13,726.71,26.86,14,Entregado,Barranquilla,WhatsApp
TRX-15851,PROD-1744,2024-10-08,6,1085.22,81.36,7,Perdido,Bogotá,App
TRX-15852,PROD-3552,2025-04-08,13,817.91,50.59,15,Perdido,Medellín,WhatsApp
TRX-15853,PROD-3701,2026-01-28,7,1675.1,62.98,5,Retrasado,Bogotá,App
TRX-15854,PROD-3092,2025-01-08,13,155.53,13.75,9,En Camino,Bucaramanga,Online
TRX-15855,PROD-2083,2024-10-15,1,1148.7,24.48,28,Retrasado,Ventas_Web,WhatsApp
TRX-15856,PROD-1686,2024-11-03,5,1155.49,52.345,13,Retrasado,Bucaramanga,Online
TRX-15857,PROD-3966,2024-10-29,3,773.6,78.47,7,Devuelto,Bogotá,Físico
TRX-15858,PROD-3808,2025-08-16,10,847.83,26.27,4,Desconocido,Bogotá,WhatsApp
TRX-15859,PROD-2403,2025-10-17,10,1602.26,13.79,7,Retrasado,Bogotá,App
TRX-15860,PROD-2857,2025-03-06,13,568.54,61.73,1,Retrasado,Bogotá,Físico
TRX-15861,PROD-3443,2025-01-16,6,1744.09,57.05,15,Retrasado,Bogotá,Online
TRX-15862,PROD-3419,2025-02-19,4,1793.72,62.75,15,Retrasado,Bucaramanga,Online
TRX-15863,PROD-1281,2024-09-28,13,1304.73,63.74,18,En Camino,Medellín,Online
TRX-15864,PROD-1941,2024-10-24,14,1547.99,52.52,15,Devuelto,Barranquilla,Físico
TRX-15865,PROD-2549,2025-02-14,13,1229.77,51.91,3,Perdido,Bucaramanga,WhatsApp
TRX-15866,PROD-2578,2025-07-13,9,1055.27,92.8,5,Desconocido,Bucaramanga,WhatsApp
TRX-15867,PROD-1541,2025-10-28,7,1933.69,55.72,28,Entregado,Bogotá,Online
TRX-15868,PROD-1444,2025-07-12,14,572.48,52.345,5,Perdido,Barranquilla,Online
TRX-15869,PROD-1067,2025-11-03,4,316.76,63.64,16,Devuelto,Bucaramanga,Online
TRX-15870,PROD-1828,2025-03-18,13,582.1,30.36,23,Retrasado,Ventas_Web,Físico
TRX-15871,PROD-3141,2025-12-11,11,1233.1,87.75,25,Perdido,Bogotá,Físico
TRX-15872,PROD-3065,2025-03-18,6,378.52,7.31,10,Retrasado,Bucaramanga,Online
TRX-15873,PROD-3803,2024-11-22,2,1818.54,57.94,25,Desconocido,Bogotá,App
TRX-15874,PROD-2719,2024-12-08,14,827.94,41.47,22,En Camino,Bogotá,WhatsApp
TRX-15875,PROD-1612,2025-11-12,3,1701.43,62.37,23,En Camino,Cali,Físico
TRX-15876,PROD-3480,2025-10-10,11,505.98,39.22,28,Desconocido,Bogotá,WhatsApp
TRX-15877,PROD-1394,2024-12-17,7,633.21,73.18,13,Desconocido,Bogotá,Físico
TRX-15878,PROD-1726,2025-04-01,11,127.85,6.93,15,Devuelto,Cali,App
TRX-15879,PROD-2949,2024-09-29,12,522.96,43.56,8,Desconocido,Bucaramanga,Físico
TRX-15880,PROD-3518,2025-11-02,4,985.72,52.345,20,Perdido,Medellín,WhatsApp
TRX-15881,PROD-3456,2024-12-16,14,1892.81,83.97,7,En Camino,Bogotá,App
TRX-15882,PROD-1159,2025-06-11,12,783.92,28.77,14,Desconocido,Medellín,App
TRX-15883,PROD-3176,2025-12-11,10,1283.09,10.01,6,Devuelto,Cali,App
TRX-15884,PROD-3061,2025-10-25,7,861.14,52.17,8,Devuelto,Medellín,App
TRX-15885,PROD-1481,2025-10-27,9,103.12,97.77,15,Devuelto,Medellín,WhatsApp
TRX-15886,PROD-1381,2025-06-08,14,1012.03,11.1,17,Perdido,Cali,App
TRX-15887,PROD-2975,2025-10-20,13,141.17,11.66,5,Desconocido,Medellín,WhatsApp
TRX-15888,PROD-3700,2024-11-08,5,1768.56,61.54,12,Perdido,Bucaramanga,Físico
TRX-15889,PROD-1533,2025-08-29,14,1508.54,28.76,13,Devuelto,Medellín,WhatsApp
TRX-15890,PROD-3471,2026-02-02,1,763.52,43.97,3,Entregado,Medellín,Online
TRX-15891,PROD-3208,2024-12-25,5,1284.04,83.9,25,Desconocido,Bogotá,App
TRX-15892,PROD-1004,2026-01-13,6,232.94,52.345,25,Desconocido,Medellín,WhatsApp
TRX-15893,PROD-3779,2025-11-22,14,1408.08,23.89,19,Perdido,Bucaramanga,Físico
TRX-15894,PROD-3659,2025-11-22,11,1647.24,73.33,26,Perdido,Ventas_Web,Online
TRX-15895,PROD-2767,2025-05-04,2,1645.27,52.93,28,Entregado,Bogotá,Online
TRX-15896,PROD-3138,2025-06-28,8,575.71,90.97,15,Perdido,Bucaramanga,Físico
TRX-15897,PROD-2723,2024-09-25,13,534.85,97.43,18,Perdido,Medellín,Online
TRX-15898,PROD-2517,2025-01-29,2,1047.58,51.07,21,Desconocido,Cali,Online
TRX-15899,PROD-1177,2025-08-11,14,1935.87,60.54,20,En Camino,Cali,WhatsApp
TRX-15901,PROD-3170,2025-05-09,9,725.68,35.27,28,En Camino,Bogotá,WhatsApp
TRX-15902,PROD-2757,2025-08-15,14,1561.86,26.54,14,Desconocido,Bucaramanga,App
TRX-15903,PROD-1939,2025-01-31,13,1843.42,96.65,24,Entregado,Medellín,WhatsApp
TRX-15904,PROD-2974,2025-05-08,2,529.24,52.345,20,Entregado,Bogotá,Físico
TRX-15905,PROD-2561,2025-03-18,3,1662.29,46.1,19,Entregado,Medellín,App
TRX-15906,PROD-2435,2025-08-11,8,543.11,5.15,25,Perdido,Barranquilla,Online
TRX-15907,PROD-3412,2025-07-30,11,693.13,84.58,24,Devuelto,Ventas_Web,Online
TRX-15908,PROD-3853,2025-10-15,6,405.65,61.97,11,Retrasado,Ventas_Web,WhatsApp
TRX-15909,PROD-3359,2024-10-23,1,1019.09,21.01,27,Devuelto,Bogotá,App
TRX-15910,PROD-1400,2024-11-27,4,1688.19,7.86,7,Perdido,Medellín,Físico
TRX-15911,PROD-2742,2025-04-16,5,1060.82,32.69,11,Perdido,Barranquilla,Físico
TRX-15912,PROD-1548,2025-01-01,14,255.65,93.15,8,Retrasado,Cali,App
TRX-15913,PROD-2042,2025-08-08,11,511.03,93.68,24,Perdido,Medellín,Físico
TRX-15914,PROD-2954,2024-10-23,3,1130.1,34.55,10,Entregado,Cali,WhatsApp
TRX-15915,PROD-1952,2025-09-30,1,1170.54,84.41,24,En Camino,Ventas_Web,Físico
TRX-15916,PROD-1343,2025-04-01,3,1158.04,52.345,11,En Camino,Medellín,Online
TRX-15917,PROD-2160,2024-11-27,13,163.24,46.98,1,Entregado,Ventas_Web,App
TRX-15918,PROD-3450,2025-11-11,9,1509.85,67.16,20,Devuelto,Bucaramanga,App
TRX-15919,PROD-3227,2025-07-22,2,1819.76,36.77,10,En Camino,Medellín,Online
TRX-15920,PROD-2673,2025-05-15,1,1025.93,54.02,7,Entregado,Bucaramanga,Online
TRX-15921,PROD-2055,2025-06-27,7,1440.47,32.91,22,Devuelto,Ventas_Web,App
TRX-15922,PROD-1774,2025-04-12,13,1828.89,10.81,3,Desconocido,Barranquilla,App
TRX-15923,PROD-1022,2026-02-04,7,1288.82,18.24,19,En Camino,Bucaramanga,Online
TRX-15924,PROD-3904,2025-09-07,5,1351.91,32.61,28,Entregado,Bogotá,Físico
TRX-15925,PROD-1029,2025-05-05,2,1445.59,97.74,4,En Camino,Bogotá,WhatsApp
TRX-15926,PROD-3367,2024-12-14,14,528.4,96.74,26,En Camino,Medellín,Online
TRX-15927,PROD-3140,2024-11-07,1,1169.53,83.63,6,En Camino,Bogotá,WhatsApp
TRX-15928,PROD-1482,2024-12-20,13,1685.93,52.345,1,Retrasado,Cali,Físico
TRX-15929,PROD-3128,2025-03-27,5,599.36,27.09,26,Devuelto,Bogotá,App
TRX-15930,PROD-1029,2025-10-02,10,1795.37,46.95,4,En Camino,Medellín,App
TRX-15931,PROD-2536,2025-03-30,4,1244.56,46.78,25,Entregado,Ventas_Web,App
TRX-15932,PROD-3681,2025-05-26,9,852.12,41.76,7,Retrasado,Bogotá,App
TRX-15933,PROD-1841,2024-11-07,5,1250.13,9.26,11,Perdido,Bucaramanga,App
TRX-15934,PROD-3817,2025-06-06,11,809.7,55.78,6,Perdido,Bucaramanga,Online
TRX-15935,PROD-2293,2025-09-09,10,1677.69,11.92,27,Devuelto,Ventas_Web,App
TRX-15936,PROD-2674,2025-11-05,12,969.81,81.18,5,Entregado,Bucaramanga,WhatsApp
TRX-15937,PROD-2483,2024-11-22,12,1803.41,70.67,12,Retrasado,Bogotá,App
TRX-15938,PROD-1436,2025-01-05,2,1024.52,38.51,29,Entregado,Medellín,WhatsApp
TRX-15939,PROD-1633,2025-08-25,4,1324.13,66.48,2,Retrasado,Barranquilla,WhatsApp
TRX-15940,PROD-2745,2024-10-06,13,1995.51,52.345,18,Desconocido,Ventas_Web,App
TRX-15941,PROD-3668,2025-07-20,12,302.46,27.14,22,Desconocido,Barranquilla,App
TRX-15942,PROD-3397,2024-12-08,9,1476.09,30.2,9,Desconocido,Cali,Físico
TRX-15943,PROD-2038,2025-05-10,8,286.36,34.84,14,Retrasado,Bucaramanga,App
TRX-15944,PROD-2070,2025-03-08,3,1679.34,80.72,12,Perdido,Bucaramanga,WhatsApp
TRX-15945,PROD-3195,2024-11-27,8,1196.94,25.02,9,Desconocido,Cali,Físico
TRX-15946,PROD-2734,2024-10-24,13,1876.94,58.46,1,Devuelto,Bucaramanga,WhatsApp
TRX-15947,PROD-3312,2024-12-27,2,1733.25,24.04,7,Devuelto,Ventas_Web,Físico
TRX-15948,PROD-2497,2024-11-19,3,159.0,32.08,7,Entregado,Medellín,WhatsApp
TRX-15949,PROD-3506,2025-01-04,14,283.23,27.37,10,Retrasado,Medellín,App
TRX-15950,PROD-2128,2025-07-31,5,1206.33,66.28,2,Desconocido,Cali,Físico
TRX-15951,PROD-3787,2025-02-03,11,1041.45,55.04,28,Retrasado,Bogotá,WhatsApp
TRX-15952,PROD-2627,2025-04-27,12,345.44,52.345,26,En Camino,Bucaramanga,App
TRX-15953,PROD-1834,2024-11-28,14,267.42,73.52,4,Devuelto,Cali,Físico
TRX-15954,PROD-2692,2026-01-01,10,1132.34,25.89,29,Retrasado,Medellín,Online
TRX-15955,PROD-3261,2025-03-19,10,107.35,5.87,8,Entregado,Medellín,App
TRX-15956,PROD-3283,2025-10-01,8,1748.73,69.65,22,Desconocido,Medellín,WhatsApp
TRX-15957,PROD-2976,2025-05-27,1,1616.1,15.91,27,Perdido,Bogotá,App
TRX-15958,PROD-1732,2025-07-13,4,1572.89,28.4,14,Desconocido,Bucaramanga,WhatsApp
TRX-15959,PROD-2516,2025-05-15,1,41.83,34.04,13,Perdido,Bogotá,WhatsApp
TRX-15960,PROD-3290,2025-01-31,1,104.81,75.95,16,Devuelto,Bogotá,WhatsApp
TRX-15961,PROD-3272,2025-01-12,12,1104.18,64.46,7,Desconocido,Medellín,WhatsApp
TRX-15962,PROD-2981,2025-10-16,5,1988.91,22.51,10,Devuelto,Medellín,Físico
TRX-15963,PROD-2039,2025-11-04,6,691.21,61.8,11,En Camino,Medellín,Online
TRX-15964,PROD-2256,2024-11-15,1,695.31,52.345,11,Devuelto,Medellín,App
TRX-15965,PROD-3366,2025-07-09,11,277.21,72.27,6,Retrasado,Medellín,WhatsApp
TRX-15966,PROD-2410,2025-05-19,6,1351.93,41.95,25,Retrasado,Bogotá,Físico
TRX-15967,PROD-3889,2025-05-20,5,1296.89,28.37,27,Retrasado,Bucaramanga,Físico
TRX-15968,PROD-2630,2025-07-14,4,211.63,69.5,12,Retrasado,Cali,WhatsApp
TRX-15969,PROD-1565,2025-01-12,10,940.15,63.03,10,En Camino,Bogotá,App
TRX-15970,PROD-3700,2024-12-19,5,1337.48,12.4,26,Devuelto,Bucaramanga,WhatsApp
TRX-15971,PROD-1487,2025-05-08,8,992.1,68.33,9,Devuelto,Medellín,Físico
TRX-15972,PROD-1941,2026-01-11,9,1351.98,51.41,22,Devuelto,Bogotá,App
TRX-15973,PROD-2829,2025-07-23,11,1634.38,76.57,6,En Camino,Barranquilla,Online
TRX-15974,PROD-3864,2025-07-24,14,1374.77,23.12,9,En Camino,Barranquilla,Online
TRX-15975,PROD-1662,2025-07-09,12,1236.07,29.53,26,Retrasado,Medellín,Online
TRX-15976,PROD-1410,2025-04-18,2,1708.64,52.345,25,Desconocido,Bucaramanga,Online
TRX-15977,PROD-1878,2025-09-13,6,1802.17,56.61,3,En Camino,Bucaramanga,WhatsApp
TRX-15978,PROD-3082,2025-10-18,3,783.88,50.76,7,En Camino,Ventas_Web,Físico
TRX-15979,PROD-2640,2025-06-23,2,354.77,41.7,3,Entregado,Bogotá,Físico
TRX-15980,PROD-2386,2024-12-01,12,1637.54,75.87,20,Retrasado,Barranquilla,Físico
TRX-15981,PROD-3255,2025-09-27,14,435.37,58.65,25,Retrasado,Bogotá,App
TRX-15982,PROD-3515,2025-04-30,13,1858.61,72.48,26,Entregado,Ventas_Web,Online
TRX-15983,PROD-3855,2025-05-11,1,55.53,19.56,8,Devuelto,Ventas_Web,App
TRX-15984,PROD-3803,2025-07-09,4,1843.33,74.25,22,Desconocido,Bucaramanga,Online
TRX-15985,PROD-3895,2025-07-26,8,1182.47,48.85,22,Entregado,Bogotá,App
TRX-15986,PROD-1213,2025-09-18,3,1551.74,8.21,8,Entregado,Bogotá,Físico
TRX-15987,PROD-1658,2025-09-06,5,803.0,27.28,13,Desconocido,Barranquilla,Físico
TRX-15988,PROD-2593,2025-06-04,14,1983.52,52.345,2,Desconocido,Medellín,Físico
TRX-15989,PROD-3604,2025-12-18,10,462.83,7.45,14,Entregado,Bogotá,App
TRX-15990,PROD-1021,2025-02-11,5,536.04,48.4,5,En Camino,Medellín,WhatsApp
TRX-15991,PROD-1373,2024-11-30,5,112.35,35.96,13,Entregado,Barranquilla,Físico
TRX-15992,PROD-1595,2024-12-20,11,1881.54,98.81,23,Perdido,Bogotá,Físico
TRX-15993,PROD-2931,2025-09-16,9,917.5,87.51,28,Entregado,Cali,Online
TRX-15994,PROD-3458,2025-02-05,8,1352.96,83.44,13,Devuelto,Barranquilla,App
TRX-15995,PROD-2783,2025-02-12,8,1378.01,52.61,19,Devuelto,Barranquilla,App
TRX-15996,PROD-1361,2025-08-27,13,1750.26,81.67,24,Desconocido,Cali,Físico
TRX-15997,PROD-1262,2025-03-28,13,1333.2,30.35,3,Devuelto,Barranquilla,WhatsApp
TRX-15998,PROD-2077,2024-10-03,1,1128.42,58.26,14,Entregado,Cali,App
TRX-15999,PROD-1908,2025-02-17,1,1423.53,42.33,4,Retrasado,Cali,WhatsApp
TRX-16001,PROD-1327,2025-07-11,2,380.0,21.28,26,Entregado,Cali,Físico
TRX-16002,PROD-3494,2025-08-26,14,228.24,11.9,10,Devuelto,Cali,WhatsApp
TRX-16003,PROD-1154,2025-10-25,8,158.95,58.03,6,En Camino,Ventas_Web,App
TRX-16004,PROD-3967,2025-12-08,10,754.37,14.28,6,En Camino,Barranquilla,WhatsApp
TRX-16005,PROD-2574,2024-10-30,1,1001.02,73.21,2,Entregado,Cali,Online
TRX-16006,PROD-2641,2025-09-02,4,1235.14,92.54,2,Devuelto,Medellín,App
TRX-16007,PROD-3514,2025-04-18,9,1916.49,20.4,19,Devuelto,Barranquilla,Físico
TRX-16008,PROD-3687,2025-04-20,2,668.27,49.74,3,Perdido,Barranquilla,App
TRX-16009,PROD-3134,2024-09-23,3,1524.14,75.18,20,Desconocido,Medellín,App
TRX-16010,PROD-2173,2025-09-17,11,1067.4,32.25,4,Desconocido,Ventas_Web,WhatsApp
TRX-16011,PROD-3914,2024-11-26,6,447.98,92.47,4,Devuelto,Bucaramanga,Online
TRX-16012,PROD-3447,2024-09-23,13,1234.46,52.345,26,Retrasado,Medellín,WhatsApp
TRX-16013,PROD-1235,2025-05-23,11,1934.68,89.4,26,En Camino,Ventas_Web,WhatsApp
TRX-16014,PROD-1717,2026-01-04,10,257.37,14.86,11,Devuelto,Ventas_Web,WhatsApp
TRX-16015,PROD-3622,2025-10-08,3,1019.49,7.6,3,Retrasado,Bogotá,WhatsApp
TRX-16016,PROD-3024,2025-08-04,4,112.7,97.76,17,Desconocido,Ventas_Web,WhatsApp
TRX-16017,PROD-2798,2024-10-17,9,649.22,95.87,9,Entregado,Cali,App
TRX-16018,PROD-1043,2025-09-04,9,1245.0,45.12,14,En Camino,Bogotá,Online
TRX-16019,PROD-1826,2025-10-21,10,1683.7,9.8,2,Entregado,Medellín,Online
TRX-16020,PROD-3690,2024-11-11,5,1463.35,63.79,14,Desconocido,Cali,Online
TRX-16021,PROD-3122,2025-10-23,7,931.08,32.87,3,Desconocido,Medellín,Físico
TRX-16022,PROD-2171,2025-09-05,9,1819.35,93.99,2,Devuelto,Bogotá,Online
TRX-16023,PROD-1797,2025-05-21,8,612.4,80.49,22,Entregado,Ventas_Web,App
TRX-16024,PROD-1137,2024-10-24,11,1510.43,52.345,22,Desconocido,Bogotá,WhatsApp
TRX-16025,PROD-3455,2024-10-25,7,953.28,66.71,29,En Camino,Ventas_Web,WhatsApp
TRX-16026,PROD-3091,2025-04-10,12,1798.29,32.03,1,Entregado,Bogotá,App
TRX-16027,PROD-3112,2025-05-14,8,1596.89,71.62,4,Entregado,Bogotá,WhatsApp
TRX-16028,PROD-3860,2024-10-18,5,1803.92,32.47,10,Entregado,Cali,WhatsApp
TRX-16029,PROD-1948,2024-11-03,5,436.35,8.57,15,Retrasado,Ventas_Web,Online
TRX-16030,PROD-3519,2025-11-30,5,1339.62,53.3,21,Retrasado,Medellín,Online
TRX-16031,PROD-1694,2024-11-22,1,1479.54,51.43,12,Devuelto,Cali,Online
TRX-16032,PROD-3760,2024-11-02,6,1487.4,77.49,6,Entregado,Medellín,Físico
TRX-16033,PROD-1147,2025-12-07,5,1012.96,87.24,21,Retrasado,Medellín,Online
TRX-16034,PROD-2473,2025-01-30,8,32.39,38.67,3,En Camino,Medellín,Online
TRX-16035,PROD-1979,2025-09-12,8,530.25,47.7,3,En Camino,Medellín,Online
TRX-16036,PROD-3682,2025-09-11,2,653.37,52.345,19,Desconocido,Medellín,Online
TRX-16037,PROD-1001,2025-04-08,11,1705.55,49.69,22,Entregado,Bogotá,Online
TRX-16038,PROD-1644,2025-07-06,6,1683.36,35.8,20,Devuelto,Bogotá,App
TRX-16039,PROD-1355,2025-02-20,12,218.31,75.62,4,Desconocido,Barranquilla,App
TRX-16040,PROD-2130,2025-04-14,11,1900.17,54.6,19,Retrasado,Cali,App
TRX-16041,PROD-2636,2025-03-23,10,373.09,91.83,14,Desconocido,Bogotá,WhatsApp
TRX-16042,PROD-2446,2025-09-28,10,834.58,66.78,4,Retrasado,Ventas_Web,WhatsApp
TRX-16043,PROD-3742,2025-11-08,6,438.16,25.13,8,Retrasado,Ventas_Web,Físico
TRX-16044,PROD-2618,2025-04-17,3,1722.06,20.66,19,Desconocido,Cali,WhatsApp
TRX-16045,PROD-2660,2025-02-16,1,1501.31,40.38,26,Devuelto,Barranquilla,Físico
TRX-16046,PROD-3400,2025-04-14,7,713.52,37.96,19,Perdido,Barranquilla,App
TRX-16047,PROD-1820,2026-02-02,10,1366.94,43.68,22,Retrasado,Cali,Online
TRX-16048,PROD-3120,2024-11-09,5,376.89,52.345,1,Entregado,Medellín,Online
TRX-16049,PROD-1062,2025-06-07,12,770.77,22.44,26,Retrasado,Cali,Físico
TRX-16050,PROD-3882,2025-02-08,12,760.44,97.93,22,Retrasado,Medellín,Físico
TRX-16051,PROD-1281,2025-03-13,10,483.49,18.84,15,Perdido,Barranquilla,Online
TRX-16052,PROD-1369,2025-01-01,5,1753.86,67.0,11,Desconocido,Cali,Físico
TRX-16053,PROD-3251,2025-03-28,11,1360.9,6.24,9,Entregado,Bogotá,Online
TRX-16054,PROD-2165,2025-10-11,8,567.08,43.66,3,Entregado,Bogotá,App
TRX-16055,PROD-3974,2025-08-03,12,491.82,34.37,18,Entregado,Ventas_Web,Físico
TRX-16056,PROD-3290,2025-10-03,5,45.73,41.29,19,Retrasado,Medellín,App
TRX-16057,PROD-3387,2025-07-13,5,699.7,52.32,16,Retrasado,Bogotá,Físico
TRX-16058,PROD-2425,2025-11-05,1,1058.27,62.04,16,En Camino,Medellín,App
TRX-16059,PROD-2423,2025-09-20,2,562.64,60.43,28,Perdido,Cali,App
TRX-16060,PROD-2132,2024-10-13,5,1403.91,52.345,3,Desconocido,Bogotá,WhatsApp
TRX-16061,PROD-1926,2025-07-17,7,829.38,64.92,18,Entregado,Medellín,WhatsApp
TRX-16062,PROD-3483,2025-11-16,3,639.47,85.23,13,Entregado,Barranquilla,Físico
TRX-16063,PROD-1796,2025-10-20,12,1878.72,89.24,27,En Camino,Bucaramanga,Físico
TRX-16064,PROD-2862,2025-10-23,1,532.97,75.04,20,Retrasado,Bogotá,App
TRX-16065,PROD-2654,2024-10-02,11,802.53,12.5,8,En Camino,Barranquilla,App
TRX-16066,PROD-3354,2025-03-28,12,770.76,96.32,7,En Camino,Bogotá,Online
TRX-16067,PROD-1019,2026-01-29,2,489.98,95.0,26,Retrasado,Cali,WhatsApp
TRX-16068,PROD-2069,2025-02-02,3,442.78,72.61,25,Devuelto,Bucaramanga,App
TRX-16069,PROD-1716,2024-10-25,12,611.74,54.16,24,Desconocido,Bucaramanga,Físico
TRX-16070,PROD-2667,2024-11-30,9,1729.83,28.81,29,Perdido,Cali,Online
TRX-16071,PROD-3073,2024-12-11,8,1536.49,76.85,23,Devuelto,Cali,WhatsApp
TRX-16072,PROD-1436,2025-04-01,4,1365.19,52.345,22,Devuelto,Medellín,Online
TRX-16073,PROD-3288,2025-01-01,8,919.63,88.4,19,Perdido,Ventas_Web,App
TRX-16074,PROD-1296,2026-01-20,13,1020.43,68.19,26,Devuelto,Barranquilla,Online
TRX-16075,PROD-3060,2025-07-04,9,541.61,64.76,20,Retrasado,Medellín,Físico
TRX-16076,PROD-2205,2025-10-29,3,157.89,23.34,24,Devuelto,Barranquilla,Físico
TRX-16077,PROD-2392,2025-05-01,6,668.77,38.99,12,Devuelto,Medellín,App
TRX-16078,PROD-1479,2025-10-17,8,996.21,73.7,18,Desconocido,Barranquilla,Online
TRX-16079,PROD-3102,2024-11-14,10,124.05,6.61,15,Devuelto,Bogotá,App
TRX-16080,PROD-2055,2026-01-01,7,185.58,65.92,12,Retrasado,Bucaramanga,WhatsApp
TRX-16081,PROD-3203,2025-03-01,9,533.42,77.83,6,En Camino,Bogotá,App
TRX-16082,PROD-3354,2025-10-07,7,740.49,36.8,29,Entregado,Bucaramanga,App
TRX-16083,PROD-2024,2024-11-03,1,792.7,12.24,17,Perdido,Medellín,WhatsApp
TRX-16084,PROD-3843,2024-11-08,9,244.59,52.345,23,Perdido,Barranquilla,Online
TRX-16085,PROD-2813,2025-02-28,12,459.38,82.82,4,Retrasado,Ventas_Web,Físico
TRX-16086,PROD-2544,2025-12-12,5,530.68,18.47,12,Entregado,Barranquilla,Físico
TRX-16087,PROD-3306,2025-03-25,6,144.59,40.23,17,Devuelto,Bogotá,Online
TRX-16088,PROD-2980,2025-05-26,2,658.94,72.19,21,Desconocido,Medellín,App
TRX-16089,PROD-1996,2024-10-03,2,153.72,82.61,5,Perdido,Bogotá,Físico
TRX-16090,PROD-2391,2025-02-23,13,1409.88,86.93,29,Devuelto,Bogotá,App
TRX-16091,PROD-2879,2025-04-30,4,778.24,55.39,6,Desconocido,Bogotá,WhatsApp
TRX-16092,PROD-3791,2025-02-24,4,660.24,50.21,15,Retrasado,Bucaramanga,Físico
TRX-16093,PROD-2887,2025-08-27,5,261.78,85.59,28,Desconocido,Ventas_Web,App
TRX-16094,PROD-3403,2025-12-07,7,460.74,58.49,8,Retrasado,Medellín,App
TRX-16095,PROD-1112,2025-09-22,13,473.08,59.97,20,Desconocido,Medellín,App
TRX-16096,PROD-2974,2025-07-02,11,1970.56,52.345,16,Retrasado,Medellín,Físico
TRX-16097,PROD-1476,2025-03-28,12,1672.35,46.23,13,En Camino,Ventas_Web,App
TRX-16098,PROD-2056,2024-11-23,1,40.37,40.42,28,Retrasado,Bucaramanga,Físico
TRX-16099,PROD-1276,2025-02-17,10,1237.5,50.65,23,Devuelto,Cali,Físico
TRX-16101,PROD-3595,2025-02-13,4,217.71,37.64,15,Devuelto,Bogotá,Físico
TRX-16102,PROD-1902,2025-01-03,13,1414.14,99.4,20,Desconocido,Ventas_Web,Online
TRX-16103,PROD-3772,2025-07-19,9,271.9,36.94,13,Retrasado,Bucaramanga,WhatsApp
TRX-16104,PROD-3872,2024-12-24,8,893.04,29.36,15,En Camino,Medellín,WhatsApp
TRX-16105,PROD-1941,2025-12-29,3,1268.01,38.62,2,Desconocido,Bucaramanga,Físico
TRX-16106,PROD-2293,2025-07-05,6,1113.44,61.12,24,Entregado,Bogotá,App
TRX-16107,PROD-2689,2025-11-20,11,1955.48,91.54,21,Retrasado,Bucaramanga,Físico
TRX-16108,PROD-2446,2025-01-19,9,1573.63,52.345,26,En Camino,Medellín,App
TRX-16109,PROD-3115,2026-02-01,8,1550.64,79.85,20,Desconocido,Cali,Online
TRX-16110,PROD-3194,2025-12-15,7,717.63,85.01,28,En Camino,Medellín,WhatsApp
TRX-16111,PROD-1039,2024-10-21,7,26.71,86.61,18,En Camino,Ventas_Web,Físico
TRX-16112,PROD-3870,2024-10-22,1,1471.48,92.45,7,Perdido,Bogotá,Online
TRX-16113,PROD-2078,2025-09-17,5,1999.47,27.33,21,En Camino,Medellín,Físico
TRX-16114,PROD-2016,2025-09-23,7,817.7,48.54,9,Entregado,Bogotá,Físico
TRX-16115,PROD-2176,2025-07-07,14,1971.18,41.59,7,Retrasado,Ventas_Web,Online
TRX-16116,PROD-1380,2025-02-07,13,292.0,41.28,9,Retrasado,Medellín,App
TRX-16117,PROD-2634,2026-01-10,2,600.06,66.97,29,Retrasado,Medellín,App
TRX-16118,PROD-3759,2024-11-12,6,349.75,43.17,12,En Camino,Bucaramanga,App
TRX-16119,PROD-2400,2025-10-19,14,955.6,63.55,10,Retrasado,Ventas_Web,Físico
TRX-16120,PROD-1311,2025-12-01,2,1595.99,52.345,10,Entregado,Bogotá,App
TRX-16121,PROD-3271,2025-07-11,3,687.92,41.32,13,Perdido,Bogotá,App
TRX-16122,PROD-1731,2025-05-14,1,1813.4,34.56,5,Entregado,Barranquilla,Físico
TRX-16123,PROD-2951,2024-11-16,3,1094.21,38.54,27,Perdido,Barranquilla,Online
TRX-16124,PROD-2285,2025-11-15,7,936.19,81.36,22,Retrasado,Barranquilla,WhatsApp
TRX-16125,PROD-2448,2025-07-11,5,1576.2,62.1,8,Desconocido,Ventas_Web,App
TRX-16126,PROD-1895,2025-05-20,4,211.87,97.53,10,Devuelto,Bucaramanga,Online
TRX-16127,PROD-3349,2025-07-31,13,1549.77,84.1,6,Perdido,Bogotá,Físico
TRX-16128,PROD-2102,2024-10-28,12,493.47,51.15,11,Entregado,Bucaramanga,Físico
TRX-16129,PROD-1748,2024-12-20,8,568.82,28.03,4,Entregado,Ventas_Web,App
TRX-16130,PROD-3798,2025-04-22,8,1202.91,69.02,2,Desconocido,Cali,App
TRX-16131,PROD-1778,2025-12-11,1,1804.85,74.03,6,Devuelto,Medellín,Online
TRX-16132,PROD-3043,2025-08-06,9,1161.03,52.345,13,Perdido,Bogotá,App
TRX-16133,PROD-1817,2026-02-04,14,1301.41,49.1,29,Perdido,Medellín,Online
TRX-16134,PROD-1961,2025-09-22,9,1555.42,26.84,12,Entregado,Barranquilla,Físico
TRX-16135,PROD-1991,2025-05-25,2,526.06,57.94,14,Perdido,Bogotá,Online
TRX-16136,PROD-2087,2025-12-31,2,1656.2,29.11,25,Devuelto,Cali,Físico
TRX-16137,PROD-1846,2024-12-18,8,841.74,94.3,8,Perdido,Barranquilla,App
TRX-16138,PROD-1938,2025-11-05,12,359.55,64.74,3,Perdido,Bogotá,WhatsApp
TRX-16139,PROD-1830,2025-05-20,11,706.73,32.73,5,Devuelto,Bogotá,Online
TRX-16140,PROD-2022,2025-08-08,6,499.8,25.49,22,Retrasado,Medellín,WhatsApp
TRX-16141,PROD-3533,2025-03-29,3,465.14,73.09,7,Perdido,Medellín,Online
TRX-16142,PROD-2458,2024-11-18,12,572.3,72.24,18,Desconocido,Cali,Online
TRX-16143,PROD-1638,2025-01-13,2,370.05,61.73,6,Entregado,Bogotá,WhatsApp
TRX-16144,PROD-1436,2025-05-03,5,1338.73,52.345,18,En Camino,Cali,WhatsApp
TRX-16145,PROD-1491,2024-12-01,8,1164.18,63.36,8,Entregado,Cali,App
TRX-16146,PROD-1321,2025-05-07,6,1300.4,62.37,7,Desconocido,Cali,WhatsApp
TRX-16147,PROD-3768,2025-06-05,12,694.01,39.21,2,Entregado,Bucaramanga,WhatsApp
TRX-16148,PROD-3717,2025-03-21,3,1541.77,94.05,4,Retrasado,Medellín,App
TRX-16149,PROD-3017,2025-03-25,12,267.92,50.53,23,Retrasado,Bucaramanga,WhatsApp
TRX-16150,PROD-3514,2025-04-01,12,1146.56,6.93,9,Entregado,Medellín,WhatsApp
TRX-16151,PROD-1027,2025-12-18,9,558.15,38.09,16,Perdido,Ventas_Web,App
TRX-16152,PROD-3217,2025-05-12,8,1059.94,17.38,19,Entregado,Bucaramanga,WhatsApp
TRX-16153,PROD-1173,2025-06-25,10,654.04,39.52,10,Desconocido,Medellín,Online
TRX-16154,PROD-2975,2025-05-13,6,1583.12,62.78,26,Perdido,Cali,Online
TRX-16155,PROD-2520,2024-11-15,1,1783.63,7.15,8,Devuelto,Bogotá,WhatsApp
TRX-16156,PROD-3542,2025-06-06,2,1487.74,52.345,29,Devuelto,Cali,WhatsApp
TRX-16157,PROD-2291,2026-01-28,4,359.41,87.67,16,Retrasado,Bogotá,WhatsApp
TRX-16158,PROD-3016,2024-12-21,2,556.99,62.98,25,En Camino,Cali,Físico
TRX-16159,PROD-3353,2025-05-06,3,1839.52,33.06,29,En Camino,Bogotá,WhatsApp
TRX-16160,PROD-2125,2025-05-27,14,880.07,34.56,8,Desconocido,Bucaramanga,Online
TRX-16161,PROD-3010,2025-10-21,8,1882.95,49.24,20,Retrasado,Bogotá,WhatsApp
TRX-16162,PROD-1749,2025-02-20,9,790.98,28.57,4,Devuelto,Medellín,Físico
TRX-16163,PROD-3093,2025-12-01,6,1904.03,5.41,27,Retrasado,Barranquilla,App
TRX-16164,PROD-2147,2025-01-13,4,1852.22,7.52,23,Devuelto,Bogotá,Físico
TRX-16165,PROD-2629,2025-11-04,11,1324.45,38.99,20,Perdido,Medellín,Físico
TRX-16166,PROD-1909,2025-06-18,2,27.57,16.8,27,Desconocido,Bogotá,Online
TRX-16167,PROD-3362,2025-02-26,7,806.67,7.12,13,Devuelto,Ventas_Web,WhatsApp
TRX-16168,PROD-1525,2025-12-08,10,1823.36,52.345,26,Devuelto,Medellín,Online
TRX-16169,PROD-1221,2025-09-23,11,1771.37,86.63,10,Devuelto,Bucaramanga,Físico
TRX-16170,PROD-3153,2025-09-04,7,382.9,31.04,23,En Camino,Ventas_Web,Físico
TRX-16171,PROD-2733,2025-09-08,10,804.37,52.8,25,Devuelto,Bogotá,WhatsApp
TRX-16172,PROD-2959,2025-07-18,9,1672.66,22.04,28,Entregado,Ventas_Web,App
TRX-16173,PROD-3214,2025-10-21,5,1159.98,9.44,9,Perdido,Barranquilla,Online
TRX-16174,PROD-1133,2025-02-28,10,1696.13,75.76,25,En Camino,Bogotá,App
TRX-16175,PROD-3058,2026-01-22,4,1654.87,16.87,26,Entregado,Bogotá,Físico
TRX-16176,PROD-2422,2025-08-18,10,1815.89,7.44,12,En Camino,Barranquilla,App
TRX-16177,PROD-2612,2026-01-07,6,243.27,60.79,26,En Camino,Bogotá,Online
TRX-16178,PROD-3811,2025-05-05,12,298.98,6.28,15,Entregado,Bogotá,Físico
TRX-16179,PROD-1715,2024-10-06,2,174.79,46.45,22,Retrasado,Medellín,Físico
TRX-16180,PROD-2872,2025-09-12,2,1871.18,52.345,1,Desconocido,Barranquilla,App
TRX-16181,PROD-1493,2025-01-09,12,955.57,32.44,12,Desconocido,Bogotá,WhatsApp
TRX-16182,PROD-3860,2025-11-14,9,138.01,35.34,24,Desconocido,Medellín,WhatsApp
TRX-16183,PROD-3122,2025-10-28,7,649.84,5.37,14,Retrasado,Bogotá,Online
TRX-16184,PROD-2884,2025-11-01,7,709.31,96.61,22,Devuelto,Bogotá,WhatsApp
TRX-16185,PROD-2292,2024-12-27,13,1621.02,54.11,23,Entregado,Ventas_Web,Físico
TRX-16186,PROD-3823,2025-04-05,5,1473.6,59.39,2,Devuelto,Bogotá,Físico
TRX-16187,PROD-1034,2024-11-19,7,1381.88,68.28,3,Desconocido,Bogotá,App
TRX-16188,PROD-1048,2025-12-29,9,53.51,80.76,6,Retrasado,Cali,Físico
TRX-16189,PROD-3761,2025-10-19,10,1822.28,62.75,19,Entregado,Medellín,Físico
TRX-16190,PROD-1863,2025-09-09,5,438.95,77.41,21,Entregado,Bogotá,Online
TRX-16191,PROD-2554,2025-07-13,9,1261.83,47.63,13,Entregado,Bogotá,WhatsApp
TRX-16192,PROD-3379,2025-02-23,1,133.02,52.345,20,Devuelto,Bogotá,WhatsApp
TRX-16193,PROD-1412,2024-11-25,13,172.24,40.27,21,En Camino,Cali,WhatsApp
TRX-16194,PROD-2332,2025-02-27,12,29.06,83.2,8,En Camino,Bogotá,Online
TRX-16195,PROD-2481,2025-06-14,3,1136.2,87.2,4,Desconocido,Bucaramanga,WhatsApp
TRX-16196,PROD-3509,2025-01-21,7,1262.47,18.09,25,En Camino,Ventas_Web,App
TRX-16197,PROD-2063,2025-07-07,4,110.42,56.55,19,Entregado,Cali,WhatsApp
TRX-16198,PROD-1766,2024-10-03,2,588.06,69.95,28,Retrasado,Bogotá,Físico
TRX-16199,PROD-3246,2025-04-24,12,1704.39,12.94,7,Devuelto,Medellín,Online
TRX-16201,PROD-1971,2025-01-05,14,440.93,54.41,7,Retrasado,Bogotá,Online
TRX-16202,PROD-2103,2025-10-29,3,854.54,66.32,1,En Camino,Bogotá,App
TRX-16203,PROD-2930,2025-02-16,7,1686.13,21.93,19,Desconocido,Medellín,App
TRX-16204,PROD-3511,2025-03-23,8,517.15,52.345,26,Perdido,Bogotá,Físico
TRX-16205,PROD-2405,2025-08-26,11,1994.3,30.12,17,Retrasado,Medellín,WhatsApp
TRX-16206,PROD-2498,2024-10-29,9,716.97,16.5,8,En Camino,Cali,WhatsApp
TRX-16207,PROD-1753,2024-12-13,6,779.03,30.08,26,Entregado,Barranquilla,App
TRX-16208,PROD-3042,2024-10-04,10,252.99,51.78,21,Retrasado,Medellín,App
TRX-16209,PROD-2736,2024-09-26,9,1363.59,84.19,15,En Camino,Medellín,WhatsApp
TRX-16210,PROD-1862,2026-01-30,4,494.5,55.7,20,Devuelto,Bogotá,Online
TRX-16211,PROD-2716,2024-11-04,12,1261.45,28.22,19,Perdido,Medellín,App
TRX-16212,PROD-3870,2025-11-07,5,454.08,9.24,7,Perdido,Medellín,App
TRX-16213,PROD-2524,2024-11-12,1,781.87,64.09,24,Perdido,Bogotá,Online
TRX-16214,PROD-2495,2025-06-10,14,1714.78,44.92,24,En Camino,Barranquilla,Online
TRX-16215,PROD-2640,2025-02-03,9,1480.42,98.51,13,En Camino,Medellín,WhatsApp
TRX-16216,PROD-2145,2025-12-27,9,317.64,52.345,1,Entregado,Bogotá,WhatsApp
TRX-16217,PROD-2846,2024-12-18,9,1219.34,79.08,7,Perdido,Bogotá,Online
TRX-16218,PROD-1736,2025-09-19,3,1260.99,81.79,5,Devuelto,Medellín,Online
TRX-16219,PROD-3340,2024-11-17,13,190.23,6.16,18,Desconocido,Ventas_Web,Físico
TRX-16220,PROD-1537,2025-04-27,10,936.95,78.89,8,Perdido,Bucaramanga,Físico
TRX-16221,PROD-3358,2025-09-23,10,528.73,23.49,15,Retrasado,Barranquilla,WhatsApp
TRX-16222,PROD-3809,2024-11-29,10,939.59,60.65,18,Retrasado,Medellín,App
TRX-16223,PROD-1936,2026-02-04,8,1556.37,47.51,6,Devuelto,Bucaramanga,Online
TRX-16224,PROD-1409,2025-09-09,3,324.94,59.3,28,En Camino,Medellín,WhatsApp
TRX-16225,PROD-3952,2024-11-05,13,255.38,17.68,5,Desconocido,Barranquilla,Físico
TRX-16226,PROD-2105,2025-02-12,6,545.94,48.4,22,Perdido,Ventas_Web,App
TRX-16227,PROD-1965,2025-09-03,5,1905.03,8.51,11,Desconocido,Bogotá,Físico
TRX-16228,PROD-3274,2024-11-03,8,1498.17,52.345,26,Retrasado,Ventas_Web,Físico
TRX-16229,PROD-2770,2025-02-08,3,48.72,8.89,8,Devuelto,Bogotá,Físico
TRX-16230,PROD-2560,2024-12-04,14,808.0,67.49,9,Entregado,Bucaramanga,App
TRX-16231,PROD-1803,2025-06-16,1,522.22,95.41,13,Retrasado,Barranquilla,Físico
TRX-16232,PROD-1597,2025-04-04,12,1279.91,78.85,3,Retrasado,Bogotá,WhatsApp
TRX-16233,PROD-1612,2026-01-28,9,923.99,49.57,3,Perdido,Bogotá,App
TRX-16234,PROD-2937,2025-02-24,10,1929.35,10.31,7,En Camino,Barranquilla,Online
TRX-16235,PROD-1039,2025-05-26,9,445.77,9.28,3,Retrasado,Bogotá,Online
TRX-16236,PROD-1723,2025-08-02,3,1179.83,20.0,11,Retrasado,Medellín,Online
TRX-16237,PROD-2726,2025-04-28,2,1403.42,97.7,14,Perdido,Medellín,Online
TRX-16238,PROD-3046,2025-12-22,4,1652.87,42.87,26,En Camino,Bogotá,Físico
TRX-16239,PROD-1550,2025-10-11,14,819.87,85.12,28,Desconocido,Ventas_Web,Físico
TRX-16240,PROD-3583,2025-06-02,8,1376.97,52.345,21,Entregado,Ventas_Web,Online
TRX-16241,PROD-3117,2025-06-26,6,613.37,71.99,10,Desconocido,Bucaramanga,App
TRX-16242,PROD-3187,2025-06-26,10,876.6,62.52,20,Entregado,Medellín,Físico
TRX-16243,PROD-3951,2024-12-03,1,1792.3,95.04,27,Entregado,Ventas_Web,Físico
TRX-16244,PROD-2293,2025-01-29,8,1900.32,26.89,9,Entregado,Bogotá,App
TRX-16245,PROD-2993,2025-09-15,5,1440.45,48.21,27,En Camino,Cali,App
TRX-16246,PROD-2228,2025-03-27,13,754.96,87.15,12,Entregado,Medellín,WhatsApp
TRX-16247,PROD-2027,2024-10-05,6,1641.92,57.42,8,Perdido,Bogotá,App
TRX-16248,PROD-3302,2025-08-17,5,61.48,28.41,12,Perdido,Medellín,Online
TRX-16249,PROD-3325,2025-04-30,10,214.46,24.85,9,Perdido,Barranquilla,Online
TRX-16250,PROD-1195,2024-09-28,5,1326.13,76.52,22,Entregado,Ventas_Web,App
TRX-16251,PROD-2631,2025-05-19,3,589.58,6.21,18,Perdido,Bucaramanga,WhatsApp
TRX-16252,PROD-1405,2026-01-06,14,1903.26,52.345,24,Perdido,Cali,WhatsApp
TRX-16253,PROD-3828,2025-01-12,4,877.76,91.85,17,Devuelto,Medellín,Online
TRX-16254,PROD-1669,2025-05-08,5,864.44,6.75,11,Entregado,Ventas_Web,Online
TRX-16255,PROD-1245,2025-12-08,11,1359.38,64.94,21,Perdido,Barranquilla,App
TRX-16256,PROD-1882,2024-10-09,11,1537.46,62.45,2,Desconocido,Bucaramanga,Físico
TRX-16257,PROD-2041,2024-12-04,2,956.36,59.95,29,En Camino,Bucaramanga,WhatsApp
TRX-16258,PROD-2951,2024-10-04,6,435.86,50.06,23,Perdido,Cali,Online
TRX-16259,PROD-3579,2024-12-17,2,1548.88,85.98,21,Devuelto,Barranquilla,App
TRX-16260,PROD-1394,2026-02-03,4,647.5,67.64,26,En Camino,Cali,App
TRX-16261,PROD-2842,2025-03-21,12,358.47,79.28,19,En Camino,Bogotá,App
TRX-16262,PROD-2370,2025-01-22,1,1266.96,15.97,14,Desconocido,Bogotá,WhatsApp
TRX-16263,PROD-2064,2025-04-14,4,190.0,9.74,23,Desconocido,Medellín,Físico
TRX-16264,PROD-2478,2024-12-01,14,1942.99,52.345,28,Desconocido,Bogotá,App
TRX-16265,PROD-2475,2025-01-08,7,1268.47,7.71,3,Retrasado,Medellín,App
TRX-16266,PROD-3295,2025-04-11,14,1971.93,18.98,6,Devuelto,Ventas_Web,Físico
TRX-16267,PROD-3283,2024-11-13,8,684.4,68.37,4,Devuelto,Bogotá,App
TRX-16268,PROD-2055,2024-10-29,2,1942.7,51.93,12,Perdido,Barranquilla,Online
TRX-16269,PROD-2409,2025-01-17,3,299.67,76.46,26,Devuelto,Cali,WhatsApp
TRX-16270,PROD-1081,2025-06-08,1,90.98,23.21,2,En Camino,Ventas_Web,Físico
TRX-16271,PROD-2686,2026-01-17,7,75.64,39.86,25,En Camino,Medellín,Físico
TRX-16272,PROD-1496,2025-06-13,4,935.09,89.41,6,Perdido,Ventas_Web,WhatsApp
TRX-16273,PROD-2438,2025-10-21,11,175.18,93.89,5,En Camino,Bogotá,App
TRX-16274,PROD-3783,2025-07-22,10,1029.21,92.56,29,Perdido,Bucaramanga,WhatsApp
TRX-16275,PROD-3480,2025-11-21,8,661.73,82.74,5,Desconocido,Medellín,Online
TRX-16276,PROD-1814,2024-11-25,5,677.9,52.345,8,Retrasado,Bogotá,Físico
TRX-16277,PROD-3362,2024-11-03,9,1274.86,70.38,5,Devuelto,Medellín,App
TRX-16278,PROD-3358,2024-11-04,6,334.57,91.8,24,Devuelto,Medellín,App
TRX-16279,PROD-3661,2025-01-25,11,1535.44,72.85,8,Devuelto,Medellín,WhatsApp
TRX-16280,PROD-3658,2025-10-20,10,1168.24,95.62,1,Retrasado,Bogotá,Físico
TRX-16281,PROD-3205,2025-06-19,2,1830.74,7.35,20,Devuelto,Ventas_Web,WhatsApp
TRX-16282,PROD-1714,2026-01-20,1,736.03,92.56,9,Desconocido,Cali,Físico
TRX-16283,PROD-2165,2025-09-04,1,1965.6,57.8,14,Retrasado,Medellín,WhatsApp
TRX-16284,PROD-2454,2025-05-13,12,1155.9,15.62,2,Retrasado,Cali,App
TRX-16285,PROD-2331,2026-01-15,12,1947.07,25.42,11,Perdido,Ventas_Web,WhatsApp
TRX-16286,PROD-3757,2025-02-01,14,63.85,85.96,4,Desconocido,Medellín,Físico
TRX-16287,PROD-3090,2024-09-24,14,1458.67,53.08,4,Entregado,Bogotá,Online
TRX-16288,PROD-2996,2025-01-15,9,1635.08,52.345,17,Entregado,Bucaramanga,WhatsApp
TRX-16289,PROD-2830,2026-01-16,1,115.81,98.37,26,Perdido,Medellín,Online
TRX-16290,PROD-1321,2026-01-04,3,1162.15,16.17,26,Perdido,Bogotá,App
TRX-16291,PROD-2560,2024-09-23,12,1605.87,44.19,16,Perdido,Ventas_Web,WhatsApp
TRX-16292,PROD-3513,2026-01-27,2,1126.47,36.53,7,Devuelto,Medellín,Online
TRX-16293,PROD-2173,2025-08-19,12,136.99,54.03,12,En Camino,Cali,WhatsApp
TRX-16294,PROD-2899,2024-11-26,4,1389.96,65.18,17,Perdido,Cali,WhatsApp
TRX-16295,PROD-3587,2025-11-26,1,130.59,67.85,5,Retrasado,Bogotá,App
TRX-16296,PROD-1593,2025-12-09,1,1636.76,5.12,8,Entregado,Ventas_Web,Físico
TRX-16297,PROD-1686,2025-12-25,4,95.64,13.45,20,Devuelto,Medellín,Físico
TRX-16298,PROD-3623,2025-01-25,13,283.42,8.33,5,Desconocido,Medellín,WhatsApp
TRX-16299,PROD-2381,2025-06-05,13,557.46,87.14,11,En Camino,Barranquilla,App
TRX-16301,PROD-3585,2025-08-10,14,1952.95,34.76,28,Entregado,Bogotá,App
TRX-16302,PROD-3508,2025-02-12,4,244.47,39.87,19,Entregado,Cali,Físico
TRX-16303,PROD-3341,2025-08-16,7,293.99,47.79,21,Retrasado,Bogotá,App
TRX-16304,PROD-2657,2025-05-26,8,744.05,85.68,28,Retrasado,Ventas_Web,WhatsApp
TRX-16305,PROD-1292,2025-01-16,13,1674.08,6.35,19,Retrasado,Medellín,Online
TRX-16306,PROD-1324,2025-10-04,8,939.79,16.27,4,En Camino,Medellín,Online
TRX-16307,PROD-1663,2025-07-22,8,650.01,70.09,11,Entregado,Medellín,WhatsApp
TRX-16308,PROD-2407,2024-12-21,14,1126.8,96.57,19,Perdido,Cali,Online
TRX-16309,PROD-1934,2025-07-15,14,528.44,66.06,5,En Camino,Bogotá,WhatsApp
TRX-16310,PROD-2284,2024-11-03,12,808.31,29.81,2,Retrasado,Cali,WhatsApp
TRX-16311,PROD-2297,2025-12-01,14,671.88,54.39,25,Retrasado,Barranquilla,Físico
TRX-16312,PROD-3674,2024-10-27,9,1610.24,52.345,19,Retrasado,Bucaramanga,Físico
TRX-16313,PROD-2193,2026-02-04,1,1849.27,97.62,26,Desconocido,Barranquilla,Físico
TRX-16314,PROD-3909,2026-01-29,9,1521.55,55.17,17,Devuelto,Bogotá,WhatsApp
TRX-16315,PROD-2095,2026-01-24,10,883.78,40.48,21,Desconocido,Medellín,App
TRX-16316,PROD-3479,2024-11-02,8,1013.63,41.43,20,Entregado,Bucaramanga,WhatsApp
TRX-16317,PROD-3640,2025-08-29,1,258.9,96.87,18,Perdido,Medellín,Físico
TRX-16318,PROD-2619,2025-01-24,7,1496.26,73.3,15,Entregado,Bucaramanga,Físico
TRX-16319,PROD-2111,2024-11-18,9,1196.99,70.28,16,En Camino,Ventas_Web,Online
TRX-16320,PROD-2822,2025-07-13,4,1805.86,27.05,28,Devuelto,Bucaramanga,Físico
TRX-16321,PROD-2487,2025-12-22,13,409.22,58.15,12,En Camino,Bogotá,App
TRX-16322,PROD-3404,2025-05-15,13,1521.85,38.89,8,Retrasado,Bogotá,WhatsApp
TRX-16323,PROD-3133,2024-12-27,9,1372.5,27.82,25,Retrasado,Ventas_Web,App
TRX-16324,PROD-2844,2025-10-19,1,539.03,52.345,6,Perdido,Medellín,WhatsApp
TRX-16325,PROD-2695,2026-01-27,9,1338.08,90.08,24,Entregado,Medellín,Online
TRX-16326,PROD-1685,2025-12-24,6,1849.5,41.4,18,En Camino,Barranquilla,Online
TRX-16327,PROD-1753,2025-08-07,4,1837.69,31.86,11,Desconocido,Bogotá,App
TRX-16328,PROD-1094,2025-08-31,12,1442.06,93.51,6,Retrasado,Bogotá,Online
TRX-16329,PROD-1512,2025-02-01,12,105.67,23.75,17,Perdido,Bucaramanga,WhatsApp
TRX-16330,PROD-3980,2025-03-17,5,1745.81,75.82,10,Perdido,Barranquilla,Online
TRX-16331,PROD-1961,2024-11-13,7,1318.98,67.01,19,En Camino,Ventas_Web,WhatsApp
TRX-16332,PROD-3711,2024-10-30,10,627.76,92.45,15,Entregado,Bogotá,WhatsApp
TRX-16333,PROD-2030,2026-01-13,13,382.63,84.04,16,Devuelto,Bogotá,App
TRX-16334,PROD-3870,2026-01-24,4,241.25,72.0,23,Perdido,Ventas_Web,WhatsApp
TRX-16335,PROD-1327,2025-08-31,8,109.97,34.88,28,En Camino,Bogotá,Online
TRX-16336,PROD-1862,2024-09-27,3,1510.67,52.345,29,Retrasado,Barranquilla,App
TRX-16337,PROD-1683,2025-04-23,2,479.33,52.08,29,Devuelto,Bucaramanga,WhatsApp
TRX-16338,PROD-2626,2025-01-20,1,58.26,94.73,17,Devuelto,Medellín,WhatsApp
TRX-16339,PROD-1421,2025-08-14,14,800.57,7.2,22,Entregado,Medellín,WhatsApp
TRX-16340,PROD-1391,2025-09-26,13,970.39,80.46,7,En Camino,Barranquilla,App
TRX-16341,PROD-1261,2025-04-19,6,346.77,28.92,19,Entregado,Medellín,WhatsApp
TRX-16342,PROD-2938,2025-04-27,2,97.66,22.58,27,Perdido,Barranquilla,App
TRX-16343,PROD-3246,2024-10-16,8,386.36,27.06,8,Perdido,Barranquilla,Online
TRX-16344,PROD-1220,2025-08-30,11,1361.41,10.68,8,Desconocido,Bucaramanga,App
TRX-16345,PROD-1107,2025-04-15,10,173.66,99.24,5,En Camino,Bucaramanga,Físico
TRX-16346,PROD-2626,2025-10-28,13,1114.52,87.64,11,Retrasado,Bogotá,Físico
TRX-16347,PROD-3146,2025-12-28,4,301.36,54.5,2,Desconocido,Medellín,WhatsApp
TRX-16348,PROD-1340,2025-05-06,9,399.42,52.345,18,Desconocido,Barranquilla,WhatsApp
TRX-16349,PROD-1425,2025-04-28,4,792.22,72.93,21,Perdido,Bogotá,Físico
TRX-16350,PROD-2075,2025-04-21,4,210.64,57.88,4,Perdido,Medellín,Online
TRX-16351,PROD-3531,2024-10-18,13,354.67,82.1,12,Retrasado,Medellín,App
TRX-16352,PROD-1636,2025-06-01,12,704.42,85.25,4,Desconocido,Cali,Físico
TRX-16353,PROD-1345,2024-09-25,8,666.04,27.12,5,Devuelto,Barranquilla,App
TRX-16354,PROD-3682,2024-09-24,12,1501.05,48.68,17,En Camino,Barranquilla,Online
TRX-16355,PROD-2596,2024-12-23,13,158.82,65.31,23,Devuelto,Ventas_Web,Online
TRX-16356,PROD-2267,2024-09-24,8,1722.3,97.95,19,Entregado,Bucaramanga,Físico
TRX-16357,PROD-1939,2025-02-19,5,1634.3,69.86,10,Retrasado,Ventas_Web,WhatsApp
TRX-16358,PROD-2013,2024-12-02,3,1534.32,90.28,14,En Camino,Bucaramanga,Online
TRX-16359,PROD-2163,2024-09-26,12,625.65,85.38,15,Retrasado,Cali,Online
TRX-16360,PROD-2815,2026-02-01,2,1647.53,52.345,26,Retrasado,Ventas_Web,App
TRX-16361,PROD-3566,2024-10-30,9,373.78,60.3,14,Devuelto,Medellín,App
TRX-16362,PROD-1517,2025-09-16,14,257.57,89.9,16,Devuelto,Bucaramanga,Físico
TRX-16363,PROD-1537,2026-01-03,9,99.46,40.86,8,Entregado,Bucaramanga,Físico
TRX-16364,PROD-3157,2024-12-01,5,1879.23,41.03,9,En Camino,Medellín,App
TRX-16365,PROD-1698,2025-04-11,14,622.94,79.19,8,Retrasado,Bogotá,Online
TRX-16366,PROD-1117,2025-07-27,13,1836.06,17.78,11,Desconocido,Bogotá,WhatsApp
TRX-16367,PROD-1143,2025-06-01,8,552.5,34.05,12,Entregado,Medellín,WhatsApp
TRX-16368,PROD-3717,2025-07-06,7,1816.06,62.81,14,Retrasado,Bogotá,Físico
TRX-16369,PROD-2461,2025-11-06,3,1808.82,44.91,18,Entregado,Bogotá,App
TRX-16370,PROD-2332,2025-07-11,12,1848.12,94.37,23,Retrasado,Barranquilla,Online
TRX-16371,PROD-2950,2025-02-23,5,997.35,96.06,12,Devuelto,Bogotá,WhatsApp
TRX-16372,PROD-2913,2025-11-08,13,1733.23,52.345,4,Perdido,Medellín,WhatsApp
TRX-16373,PROD-3214,2025-02-02,9,1902.02,52.75,13,Entregado,Cali,WhatsApp
TRX-16374,PROD-2115,2025-09-28,4,655.99,56.21,21,Entregado,Bogotá,Online
TRX-16375,PROD-3246,2024-12-05,3,843.56,73.84,27,Perdido,Bogotá,Online
TRX-16376,PROD-2822,2025-06-23,7,1441.29,48.44,16,Devuelto,Bogotá,Físico
TRX-16377,PROD-1553,2025-06-20,8,607.72,23.06,10,Entregado,Bucaramanga,Físico
TRX-16378,PROD-3857,2025-03-26,5,1510.08,75.96,21,Devuelto,Cali,App
TRX-16379,PROD-3208,2025-09-10,13,157.05,75.09,11,Desconocido,Cali,App
TRX-16380,PROD-1725,2024-09-27,8,1051.76,28.27,25,Retrasado,Ventas_Web,App
TRX-16381,PROD-3420,2025-07-12,5,253.4,84.13,12,Desconocido,Barranquilla,App
TRX-16382,PROD-3447,2025-09-17,9,593.71,63.3,18,Retrasado,Barranquilla,App
TRX-16383,PROD-2870,2024-12-17,7,524.66,27.45,2,Perdido,Bucaramanga,Físico
TRX-16384,PROD-3584,2025-04-24,5,1679.47,52.345,19,En Camino,Bogotá,Online
TRX-16385,PROD-3604,2025-11-02,13,395.1,66.94,5,Devuelto,Bogotá,WhatsApp
TRX-16386,PROD-3310,2025-12-02,9,1618.81,27.19,28,En Camino,Ventas_Web,Online
TRX-16387,PROD-2781,2024-10-07,5,1589.98,30.2,20,En Camino,Medellín,Físico
TRX-16388,PROD-3144,2025-06-22,8,1002.78,85.56,10,Devuelto,Bogotá,WhatsApp
TRX-16389,PROD-3620,2024-11-12,12,475.35,93.3,26,En Camino,Cali,WhatsApp
TRX-16390,PROD-3619,2025-06-02,4,461.52,29.4,16,Entregado,Bogotá,Online
TRX-16391,PROD-3186,2024-11-06,9,935.2,93.16,12,Retrasado,Bogotá,WhatsApp
TRX-16392,PROD-2268,2025-04-01,12,27.53,27.69,9,Desconocido,Bucaramanga,Físico
TRX-16393,PROD-2422,2025-01-22,6,1067.39,16.14,3,Perdido,Barranquilla,WhatsApp
TRX-16394,PROD-2972,2025-11-08,6,1906.03,10.53,1,Devuelto,Barranquilla,Online
TRX-16395,PROD-3210,2025-03-28,14,317.87,28.0,5,Perdido,Medellín,Online
TRX-16396,PROD-1930,2025-04-24,3,1150.96,52.345,8,Desconocido,Cali,App
TRX-16397,PROD-1366,2025-02-18,13,1923.94,41.6,17,Retrasado,Cali,Físico
TRX-16398,PROD-2809,2025-03-11,3,1722.44,93.12,1,Perdido,Bucaramanga,WhatsApp
TRX-16399,PROD-2261,2025-04-19,4,1702.26,28.01,13,Devuelto,Medellín,WhatsApp
TRX-16401,PROD-2688,2024-12-13,1,624.96,74.74,6,En Camino,Bucaramanga,Online
TRX-16402,PROD-2064,2025-10-28,6,1782.33,33.7,15,En Camino,Cali,Físico
TRX-16403,PROD-1637,2025-04-06,1,1883.27,70.01,7,Retrasado,Bucaramanga,WhatsApp
TRX-16404,PROD-2243,2025-05-26,11,996.63,46.05,24,En Camino,Ventas_Web,Físico
TRX-16405,PROD-1043,2025-10-18,4,715.6,23.66,8,Perdido,Bogotá,WhatsApp
TRX-16406,PROD-1000,2025-09-02,13,834.32,74.74,3,Entregado,Bucaramanga,App
TRX-16407,PROD-3143,2025-09-14,7,675.07,7.57,15,Perdido,Bucaramanga,App
TRX-16408,PROD-1558,2024-11-01,12,432.71,52.345,4,Entregado,Bucaramanga,App
TRX-16409,PROD-2408,2025-03-09,6,1240.71,32.77,9,Perdido,Cali,Online
TRX-16410,PROD-2174,2024-11-04,8,1129.57,38.84,11,Entregado,Medellín,WhatsApp
TRX-16411,PROD-2921,2025-08-17,4,930.54,48.53,21,Entregado,Medellín,Online
TRX-16412,PROD-3191,2025-04-21,9,200.73,69.59,14,Devuelto,Barranquilla,Online
TRX-16413,PROD-1034,2025-03-20,10,1595.82,48.64,27,Devuelto,Medellín,Online
TRX-16414,PROD-3817,2025-12-23,8,358.12,61.46,9,Desconocido,Barranquilla,App
TRX-16415,PROD-3014,2024-10-15,14,237.98,61.6,12,Perdido,Bogotá,Físico
TRX-16416,PROD-2954,2024-12-26,5,1249.91,40.46,5,En Camino,Ventas_Web,Físico
TRX-16417,PROD-2227,2025-03-01,14,803.3,93.73,21,Devuelto,Medellín,Físico
TRX-16418,PROD-1037,2025-05-24,6,129.02,95.81,25,Entregado,Bucaramanga,WhatsApp
TRX-16419,PROD-2763,2025-11-11,5,717.58,60.28,6,Perdido,Bogotá,Online
TRX-16420,PROD-2199,2024-10-09,6,1545.84,52.345,19,En Camino,Bogotá,Online
TRX-16421,PROD-3445,2025-01-12,1,1234.35,11.81,28,Perdido,Ventas_Web,WhatsApp
TRX-16422,PROD-1947,2025-01-03,4,731.94,51.66,5,Entregado,Ventas_Web,Online
TRX-16423,PROD-1029,2025-08-02,9,391.69,22.52,1,Devuelto,Medellín,Físico
TRX-16424,PROD-3245,2024-12-17,4,1267.27,50.91,25,Devuelto,Bogotá,Online
TRX-16425,PROD-2530,2024-10-27,2,1776.24,22.91,10,Retrasado,Barranquilla,WhatsApp
TRX-16426,PROD-1772,2024-10-22,6,1296.08,71.87,14,Retrasado,Bucaramanga,WhatsApp
TRX-16427,PROD-2686,2025-04-02,2,1627.68,12.64,26,Desconocido,Ventas_Web,Físico
TRX-16428,PROD-3296,2025-12-03,3,1047.84,95.56,27,Desconocido,Bogotá,Online
TRX-16429,PROD-2790,2025-03-20,7,1438.76,23.56,23,Desconocido,Bogotá,WhatsApp
TRX-16430,PROD-2616,2025-01-04,4,1793.49,67.76,17,Perdido,Bogotá,WhatsApp
TRX-16431,PROD-2023,2025-03-06,1,1548.63,92.11,27,Perdido,Medellín,WhatsApp
TRX-16432,PROD-1668,2026-01-09,9,1820.61,52.345,11,En Camino,Cali,Físico
TRX-16433,PROD-3928,2025-01-22,6,867.97,28.55,4,Desconocido,Bogotá,Online
TRX-16434,PROD-3645,2025-02-03,9,1809.4,93.76,18,Devuelto,Bogotá,App
TRX-16435,PROD-2596,2025-07-09,3,1246.92,41.92,19,Desconocido,Cali,Online
TRX-16436,PROD-2549,2025-07-31,5,1741.4,96.25,4,Devuelto,Ventas_Web,Físico
TRX-16437,PROD-1903,2025-05-04,9,88.36,97.28,12,Desconocido,Medellín,Físico
TRX-16438,PROD-2077,2024-10-17,6,1319.13,22.87,14,Retrasado,Cali,WhatsApp
TRX-16439,PROD-1324,2025-09-28,2,1697.47,83.95,18,Entregado,Ventas_Web,WhatsApp
TRX-16440,PROD-2729,2024-10-05,1,356.66,23.37,26,Entregado,Medellín,Físico
TRX-16441,PROD-3561,2025-08-07,9,1326.96,26.51,1,Desconocido,Bucaramanga,App
TRX-16442,PROD-1981,2025-05-10,1,1651.66,12.99,27,Retrasado,Bogotá,App
TRX-16443,PROD-3116,2025-01-02,14,583.02,19.87,20,Perdido,Bogotá,Físico
TRX-16444,PROD-3511,2025-12-16,5,816.44,52.345,25,Desconocido,Bucaramanga,WhatsApp
TRX-16445,PROD-3842,2025-10-05,1,1143.34,65.06,11,Desconocido,Medellín,Físico
TRX-16446,PROD-3804,2025-10-03,5,1043.14,47.68,27,Devuelto,Medellín,WhatsApp
TRX-16447,PROD-2113,2025-10-16,5,87.99,80.14,25,Devuelto,Bucaramanga,WhatsApp
TRX-16448,PROD-2166,2025-04-13,7,206.36,36.54,28,Desconocido,Medellín,Físico
TRX-16449,PROD-3656,2025-06-16,7,209.93,97.02,25,Devuelto,Bucaramanga,Online
TRX-16450,PROD-3178,2026-01-07,11,531.91,9.74,19,Entregado,Bucaramanga,Físico
TRX-16451,PROD-2101,2025-12-28,10,499.27,10.98,1,Perdido,Bogotá,Online
TRX-16452,PROD-2691,2025-09-22,1,1487.02,71.63,1,Desconocido,Bogotá,App
TRX-16453,PROD-1770,2025-05-02,9,1149.76,89.32,3,Entregado,Medellín,WhatsApp
TRX-16454,PROD-1280,2025-01-04,1,1530.31,80.57,26,Perdido,Medellín,App
TRX-16455,PROD-1747,2025-01-11,5,149.09,51.53,14,Retrasado,Barranquilla,WhatsApp
TRX-16456,PROD-1559,2025-11-24,7,975.58,52.345,8,Perdido,Ventas_Web,WhatsApp
TRX-16457,PROD-2186,2026-01-18,12,654.31,30.62,15,Entregado,Bucaramanga,Físico
TRX-16458,PROD-1452,2026-01-04,8,1701.38,6.28,4,Devuelto,Cali,WhatsApp
TRX-16459,PROD-3608,2024-11-30,2,1418.5,53.4,11,Entregado,Cali,App
TRX-16460,PROD-2865,2025-09-15,14,1739.82,50.19,8,Retrasado,Bogotá,WhatsApp
TRX-16461,PROD-3530,2025-06-07,1,102.39,37.7,7,Devuelto,Medellín,Online
TRX-16462,PROD-2854,2025-03-09,4,1444.44,59.92,24,Entregado,Bogotá,Online
TRX-16463,PROD-2114,2025-07-12,12,1084.62,74.24,2,Devuelto,Cali,Físico
TRX-16464,PROD-3869,2025-10-01,4,1651.75,71.58,8,Retrasado,Medellín,Físico
TRX-16465,PROD-3550,2024-11-10,10,1019.25,30.01,25,Perdido,Ventas_Web,WhatsApp
TRX-16466,PROD-3015,2025-05-30,12,1085.02,60.6,26,Perdido,Bucaramanga,App
TRX-16467,PROD-1769,2026-01-17,6,113.02,19.13,27,En Camino,Barranquilla,Físico
TRX-16468,PROD-2313,2025-08-19,1,1340.36,52.345,22,Devuelto,Medellín,Físico
TRX-16469,PROD-1079,2025-11-16,14,553.55,16.55,19,Desconocido,Bogotá,Físico
TRX-16470,PROD-1623,2024-12-06,1,49.19,79.66,23,Retrasado,Bogotá,Online
TRX-16471,PROD-1203,2025-04-11,3,142.21,70.91,9,Entregado,Barranquilla,App
TRX-16472,PROD-3191,2025-12-20,5,1915.0,77.95,16,Desconocido,Medellín,Físico
TRX-16473,PROD-1090,2024-10-26,12,698.69,19.48,8,Entregado,Medellín,WhatsApp
TRX-16474,PROD-1761,2025-08-02,6,1737.47,91.89,8,En Camino,Ventas_Web,Físico
TRX-16475,PROD-1418,2025-01-11,5,1919.76,17.65,11,Entregado,Bogotá,Físico
TRX-16476,PROD-2155,2025-11-17,13,1887.1,87.65,7,Retrasado,Bogotá,Online
TRX-16477,PROD-2102,2025-09-09,13,1764.63,38.48,21,Retrasado,Barranquilla,Online
TRX-16478,PROD-1512,2025-08-04,13,1790.74,15.02,2,Perdido,Cali,Físico
TRX-16479,PROD-3929,2025-10-23,5,585.13,32.24,21,Devuelto,Bogotá,App
TRX-16480,PROD-2795,2025-05-17,9,311.43,52.345,5,Devuelto,Cali,Online
TRX-16481,PROD-3978,2024-10-24,2,1282.13,22.24,18,Entregado,Bucaramanga,Físico
TRX-16482,PROD-1033,2025-04-19,12,981.33,51.61,11,Devuelto,Bogotá,App
TRX-16483,PROD-1953,2025-02-01,12,206.51,95.23,26,En Camino,Medellín,Físico
TRX-16484,PROD-1369,2025-01-06,1,1358.31,36.15,17,Devuelto,Bogotá,App
TRX-16485,PROD-1617,2024-10-25,6,1130.09,63.15,21,Desconocido,Medellín,WhatsApp
TRX-16486,PROD-1060,2024-11-04,9,1727.5,89.71,6,Entregado,Medellín,Online
TRX-16487,PROD-3021,2025-09-25,7,1222.28,64.86,13,Devuelto,Bogotá,WhatsApp
TRX-16488,PROD-1889,2025-01-07,8,1152.15,39.41,7,Desconocido,Medellín,App
TRX-16489,PROD-2400,2025-06-14,5,887.1,99.13,11,Retrasado,Medellín,Online
TRX-16490,PROD-2721,2025-05-06,10,930.95,22.8,18,Retrasado,Bogotá,Online
TRX-16491,PROD-2276,2026-01-22,4,1909.22,54.71,6,Perdido,Barranquilla,WhatsApp
TRX-16492,PROD-3041,2025-03-20,6,285.51,52.345,12,Perdido,Bogotá,App
TRX-16493,PROD-2521,2025-05-02,3,897.98,80.69,24,Perdido,Bucaramanga,Online
TRX-16494,PROD-2899,2025-09-27,1,1315.1,5.06,22,Perdido,Medellín,App
TRX-16495,PROD-3854,2025-01-25,11,871.69,71.69,3,Devuelto,Bogotá,App
TRX-16496,PROD-1129,2025-06-25,4,573.6,30.32,19,Desconocido,Ventas_Web,Online
TRX-16497,PROD-2352,2025-03-08,9,581.84,21.12,11,Entregado,Bogotá,Online
TRX-16498,PROD-1328,2025-02-20,4,474.98,31.05,23,Devuelto,Barranquilla,Online
TRX-16499,PROD-1598,2024-11-02,1,694.37,96.85,2,Entregado,Barranquilla,WhatsApp
TRX-16501,PROD-2091,2025-10-08,14,1015.4,25.31,23,Entregado,Bogotá,Online
TRX-16502,PROD-2607,2024-10-27,4,488.08,16.12,25,Entregado,Barranquilla,Físico
TRX-16503,PROD-1292,2025-11-03,7,775.21,39.59,17,Retrasado,Bogotá,Físico
TRX-16504,PROD-3224,2025-08-02,3,220.6,52.345,5,Desconocido,Cali,WhatsApp
TRX-16505,PROD-2925,2025-07-23,10,1809.03,61.27,29,Entregado,Bogotá,WhatsApp
TRX-16506,PROD-1743,2025-05-11,6,822.31,87.38,2,Devuelto,Cali,Físico
TRX-16507,PROD-1787,2025-04-25,14,1960.98,96.78,12,Entregado,Cali,WhatsApp
TRX-16508,PROD-2024,2025-08-02,1,701.6,76.36,5,Retrasado,Bogotá,Físico
TRX-16509,PROD-2562,2025-01-01,11,1674.35,61.91,29,Devuelto,Medellín,Físico
TRX-16510,PROD-1051,2024-11-18,4,520.21,18.52,13,Desconocido,Bogotá,App
TRX-16511,PROD-1499,2025-04-25,3,161.54,12.03,22,En Camino,Bucaramanga,WhatsApp
TRX-16512,PROD-3927,2025-11-19,14,73.15,61.62,24,Devuelto,Ventas_Web,Online
TRX-16513,PROD-2019,2025-02-25,1,1216.28,56.21,7,Retrasado,Barranquilla,Físico
TRX-16514,PROD-2576,2024-11-25,3,630.03,85.38,21,Desconocido,Cali,App
TRX-16515,PROD-2814,2024-11-23,4,892.6,35.65,11,Retrasado,Bogotá,App
TRX-16516,PROD-2012,2025-08-27,5,1639.11,52.345,5,Perdido,Bogotá,Físico
TRX-16517,PROD-1137,2025-09-26,6,503.74,8.77,18,En Camino,Bogotá,WhatsApp
TRX-16518,PROD-1815,2025-09-25,2,624.22,45.25,6,Entregado,Barranquilla,Físico
TRX-16519,PROD-2887,2024-11-23,2,1692.22,97.07,3,Retrasado,Bogotá,WhatsApp
TRX-16520,PROD-1384,2024-12-25,6,990.6,80.58,6,Perdido,Cali,Físico
TRX-16521,PROD-3134,2026-01-04,5,1657.05,8.21,16,Perdido,Bogotá,Físico
TRX-16522,PROD-3727,2026-01-07,1,755.21,88.09,3,Desconocido,Barranquilla,App
TRX-16523,PROD-1853,2025-08-29,3,802.76,49.81,18,Entregado,Medellín,Online
TRX-16524,PROD-2936,2024-10-18,11,342.61,39.65,24,Desconocido,Ventas_Web,Online
TRX-16525,PROD-2593,2025-12-01,5,1833.53,37.94,4,Devuelto,Cali,App
TRX-16526,PROD-3791,2025-01-21,13,1794.6,61.54,5,En Camino,Ventas_Web,WhatsApp
TRX-16527,PROD-2278,2024-11-11,12,1968.59,55.41,9,Entregado,Bucaramanga,Físico
TRX-16528,PROD-2323,2025-09-28,12,810.87,52.345,4,Desconocido,Bogotá,WhatsApp
TRX-16529,PROD-1649,2025-06-01,2,1639.04,67.38,29,Entregado,Bucaramanga,Online
TRX-16530,PROD-3577,2024-10-28,1,835.76,59.5,1,Devuelto,Medellín,WhatsApp
TRX-16531,PROD-3982,2025-11-06,9,914.05,18.67,27,Devuelto,Medellín,Físico
TRX-16532,PROD-1172,2025-07-08,5,1661.7,29.44,22,Retrasado,Barranquilla,Online
TRX-16533,PROD-3251,2025-10-06,2,362.96,84.9,27,Devuelto,Cali,WhatsApp
TRX-16534,PROD-3133,2024-12-31,10,448.42,68.01,11,Devuelto,Medellín,WhatsApp
TRX-16535,PROD-1500,2025-08-12,4,636.31,47.6,5,En Camino,Cali,WhatsApp
TRX-16536,PROD-2037,2025-08-17,3,1578.48,22.35,10,Desconocido,Cali,Online
TRX-16537,PROD-2971,2025-02-05,7,751.58,5.73,3,Desconocido,Bogotá,Online
TRX-16538,PROD-3615,2025-04-04,1,722.75,34.63,15,En Camino,Bucaramanga,WhatsApp
TRX-16539,PROD-2223,2025-05-01,10,1997.64,10.21,27,En Camino,Barranquilla,App
TRX-16540,PROD-1813,2025-06-28,12,773.77,52.345,27,Entregado,Bucaramanga,Físico
TRX-16541,PROD-2476,2025-08-14,12,503.06,50.82,14,En Camino,Bogotá,Online
TRX-16542,PROD-1213,2024-11-16,4,1250.2,83.07,5,En Camino,Medellín,Online
TRX-16543,PROD-3730,2025-11-23,7,1605.74,32.11,8,Perdido,Bogotá,Online
TRX-16544,PROD-1892,2026-01-19,11,148.52,85.54,17,En Camino,Medellín,Físico
TRX-16545,PROD-1462,2025-01-10,10,1241.6,71.93,20,Entregado,Ventas_Web,Online
TRX-16546,PROD-1966,2025-02-18,13,81.11,16.9,19,Desconocido,Medellín,App
TRX-16547,PROD-3592,2025-11-02,5,1057.4,66.23,4,Perdido,Bucaramanga,Online
TRX-16548,PROD-2778,2025-06-14,4,521.41,19.41,2,Entregado,Barranquilla,Online
TRX-16549,PROD-2329,2025-03-03,4,620.22,67.21,2,Entregado,Bucaramanga,App
TRX-16550,PROD-1061,2025-03-28,11,939.52,18.56,2,Perdido,Ventas_Web,Físico
TRX-16551,PROD-1685,2025-11-06,12,1854.94,42.29,3,Perdido,Ventas_Web,Físico
TRX-16552,PROD-2130,2025-01-29,14,1424.23,52.345,28,Perdido,Bogotá,Online
TRX-16553,PROD-3394,2026-01-19,2,1874.32,58.83,9,Perdido,Ventas_Web,Físico
TRX-16554,PROD-1490,2025-01-08,8,1323.34,9.79,5,Entregado,Bogotá,App
TRX-16555,PROD-2621,2025-10-16,12,24.14,19.56,20,Perdido,Bogotá,Físico
TRX-16556,PROD-1995,2025-11-21,4,538.51,35.44,29,Devuelto,Bogotá,Online
TRX-16557,PROD-1036,2025-12-13,2,1812.49,48.92,15,Desconocido,Medellín,App
TRX-16558,PROD-1172,2025-11-02,9,1290.46,86.56,4,En Camino,Ventas_Web,Online
TRX-16559,PROD-3380,2024-11-29,14,1963.48,22.79,3,En Camino,Cali,App
TRX-16560,PROD-3829,2025-11-28,14,320.37,38.01,9,Desconocido,Medellín,App
TRX-16561,PROD-2946,2024-11-27,13,600.53,50.2,27,Devuelto,Bogotá,Online
TRX-16562,PROD-3819,2025-02-13,12,731.11,33.1,10,Desconocido,Medellín,Online
TRX-16563,PROD-3442,2025-12-30,10,659.85,64.45,17,Entregado,Bucaramanga,Físico
TRX-16564,PROD-1634,2024-11-14,13,511.46,52.345,22,Entregado,Bogotá,WhatsApp
TRX-16565,PROD-2521,2025-01-28,7,892.5,29.38,20,En Camino,Bogotá,Físico
TRX-16566,PROD-1366,2026-01-05,3,1288.17,78.37,8,Retrasado,Bucaramanga,Online
TRX-16567,PROD-2018,2026-01-26,7,629.4,52.99,23,Desconocido,Bucaramanga,Online
TRX-16568,PROD-1645,2025-08-09,1,168.6,13.2,19,Devuelto,Barranquilla,Físico
TRX-16569,PROD-3047,2025-04-17,12,1419.98,64.56,5,Devuelto,Medellín,WhatsApp
TRX-16570,PROD-1374,2025-08-08,1,923.44,59.08,27,En Camino,Medellín,WhatsApp
TRX-16571,PROD-3809,2025-04-26,4,1117.4,37.17,11,Perdido,Ventas_Web,Online
TRX-16572,PROD-3533,2024-11-29,4,916.25,6.06,4,Desconocido,Bogotá,WhatsApp
TRX-16573,PROD-2386,2025-12-13,4,1781.81,24.07,4,Retrasado,Ventas_Web,App
TRX-16574,PROD-3560,2024-11-23,9,1121.9,43.54,26,Entregado,Ventas_Web,Físico
TRX-16575,PROD-1245,2025-04-20,6,1847.32,23.99,15,Entregado,Bogotá,WhatsApp
TRX-16576,PROD-1244,2025-08-25,3,1026.04,52.345,8,Entregado,Bogotá,WhatsApp
TRX-16577,PROD-2456,2025-08-15,6,592.25,59.86,25,Entregado,Ventas_Web,Físico
TRX-16578,PROD-3640,2025-09-27,2,717.33,72.67,27,Devuelto,Bogotá,App
TRX-16579,PROD-1630,2025-11-25,2,1049.04,86.32,13,Devuelto,Medellín,WhatsApp
TRX-16580,PROD-3872,2024-11-13,7,1064.68,66.46,20,Perdido,Bucaramanga,App
TRX-16581,PROD-3196,2025-01-16,14,1377.8,70.46,12,Devuelto,Bucaramanga,Online
TRX-16582,PROD-1439,2025-10-08,3,456.74,62.8,2,Perdido,Bogotá,Online
TRX-16583,PROD-1515,2025-12-24,7,1321.1,98.62,1,Perdido,Bucaramanga,App
TRX-16584,PROD-2998,2025-10-10,3,1559.39,29.8,14,Entregado,Bogotá,App
TRX-16585,PROD-1953,2024-11-26,12,1356.42,30.29,26,Entregado,Medellín,Físico
TRX-16586,PROD-2297,2025-01-30,12,968.84,17.0,20,Devuelto,Cali,Físico
TRX-16587,PROD-3287,2025-03-18,2,1983.44,51.14,8,Devuelto,Bucaramanga,Físico
TRX-16588,PROD-3640,2025-06-27,4,815.58,52.345,16,Perdido,Medellín,WhatsApp
TRX-16589,PROD-2422,2026-01-15,4,222.12,14.14,5,En Camino,Medellín,Online
TRX-16590,PROD-2796,2025-11-09,3,1644.79,30.66,2,Entregado,Medellín,Físico
TRX-16591,PROD-1790,2025-03-04,9,432.28,50.85,15,Retrasado,Barranquilla,WhatsApp
TRX-16592,PROD-1087,2025-12-31,6,1429.44,95.97,27,En Camino,Medellín,WhatsApp
TRX-16593,PROD-3823,2025-08-20,5,366.16,96.56,4,Entregado,Medellín,App
TRX-16594,PROD-2547,2025-02-21,13,43.59,75.66,4,Entregado,Medellín,Físico
TRX-16595,PROD-2467,2025-09-07,12,328.0,41.98,10,Devuelto,Ventas_Web,App
TRX-16596,PROD-3967,2025-05-16,12,760.21,87.19,21,Retrasado,Bogotá,App
TRX-16597,PROD-1551,2025-02-27,6,222.17,88.17,18,Desconocido,Medellín,WhatsApp
TRX-16598,PROD-2026,2026-01-03,13,403.38,91.47,7,Retrasado,Ventas_Web,Online
TRX-16599,PROD-1161,2025-11-22,11,1531.61,65.8,5,Entregado,Medellín,WhatsApp
TRX-16601,PROD-3894,2025-01-06,8,1636.8,24.17,4,Desconocido,Bogotá,WhatsApp
TRX-16602,PROD-2792,2025-07-25,5,1683.9,13.65,24,Perdido,Ventas_Web,Online
TRX-16603,PROD-3289,2025-06-04,13,846.67,91.9,15,Retrasado,Bucaramanga,Físico
TRX-16604,PROD-2207,2025-09-15,13,1736.42,10.28,18,En Camino,Medellín,WhatsApp
TRX-16605,PROD-3223,2025-12-21,4,1056.61,33.11,17,Perdido,Bucaramanga,WhatsApp
TRX-16606,PROD-3855,2025-12-10,7,946.49,51.26,6,Devuelto,Bogotá,Físico
TRX-16607,PROD-3007,2025-01-13,12,1439.89,7.09,26,Entregado,Barranquilla,Físico
TRX-16608,PROD-1777,2024-10-22,14,435.5,91.16,26,Entregado,Medellín,WhatsApp
TRX-16609,PROD-3321,2024-10-04,5,1581.1,32.28,24,En Camino,Barranquilla,Online
TRX-16610,PROD-1764,2025-03-18,4,864.64,7.71,23,En Camino,Bogotá,App
TRX-16611,PROD-3226,2026-01-14,14,263.32,99.39,25,Desconocido,Bucaramanga,App
TRX-16612,PROD-2424,2025-08-26,5,247.43,52.345,1,Devuelto,Bucaramanga,WhatsApp
TRX-16613,PROD-2325,2024-11-07,11,338.16,34.58,3,Devuelto,Bogotá,Online
TRX-16614,PROD-3999,2025-03-12,4,1782.24,88.29,9,Desconocido,Barranquilla,Físico
TRX-16615,PROD-2918,2025-01-30,8,1981.97,48.08,5,Desconocido,Bogotá,Online
TRX-16616,PROD-2127,2025-05-25,8,720.38,68.0,6,Retrasado,Bucaramanga,App
TRX-16617,PROD-3452,2025-09-10,1,591.37,27.9,27,Perdido,Bogotá,Online
TRX-16618,PROD-3271,2025-04-13,14,445.35,52.77,13,Entregado,Cali,WhatsApp
TRX-16619,PROD-1656,2025-05-06,12,1649.39,29.48,23,Retrasado,Medellín,Online
TRX-16620,PROD-1282,2024-12-11,3,426.32,95.35,3,Devuelto,Bogotá,App
TRX-16621,PROD-3175,2025-07-29,11,1848.94,10.79,23,En Camino,Bogotá,WhatsApp
TRX-16622,PROD-1634,2024-10-27,4,1338.03,31.09,3,Retrasado,Cali,WhatsApp
TRX-16623,PROD-2840,2024-11-13,2,1795.28,89.85,22,En Camino,Bucaramanga,Online
TRX-16624,PROD-2211,2025-03-02,14,1112.48,52.345,24,Desconocido,Medellín,WhatsApp
TRX-16625,PROD-2078,2026-01-04,13,1384.45,50.6,23,Perdido,Barranquilla,Online
TRX-16626,PROD-3218,2024-12-15,5,1242.72,62.01,5,En Camino,Bogotá,Online
TRX-16627,PROD-2503,2025-08-16,11,1664.08,66.91,12,Entregado,Cali,Físico
TRX-16628,PROD-2859,2025-12-01,8,1673.36,11.74,22,Perdido,Cali,App
TRX-16629,PROD-1002,2024-10-18,12,1183.69,6.69,20,En Camino,Medellín,Físico
TRX-16630,PROD-3613,2025-05-05,2,1268.69,94.09,18,Retrasado,Bucaramanga,App
TRX-16631,PROD-3072,2025-12-12,14,1844.53,30.79,7,Entregado,Medellín,App
TRX-16632,PROD-2552,2025-08-05,9,1860.43,41.13,20,Entregado,Bogotá,WhatsApp
TRX-16633,PROD-1759,2025-02-23,13,1331.86,69.8,22,Devuelto,Bucaramanga,App
TRX-16634,PROD-1076,2025-07-12,7,25.43,27.45,26,Devuelto,Cali,Online
TRX-16635,PROD-3538,2025-11-10,6,217.78,74.64,12,Retrasado,Cali,Físico
TRX-16636,PROD-2491,2024-12-26,8,1717.31,52.345,2,Desconocido,Bogotá,WhatsApp
TRX-16637,PROD-3540,2025-05-05,14,178.58,48.53,16,Devuelto,Barranquilla,WhatsApp
TRX-16638,PROD-1978,2025-06-16,2,434.9,86.38,2,En Camino,Bogotá,App
TRX-16639,PROD-2313,2025-12-03,14,468.79,31.46,22,Desconocido,Bogotá,Físico
TRX-16640,PROD-3953,2024-11-02,5,1204.47,24.36,8,Devuelto,Bogotá,Físico
TRX-16641,PROD-1259,2025-02-02,4,1157.5,84.01,1,Entregado,Cali,Físico
TRX-16642,PROD-3696,2024-11-27,8,585.94,36.0,14,Retrasado,Medellín,WhatsApp
TRX-16643,PROD-3207,2025-10-24,13,423.15,44.13,10,En Camino,Cali,Físico
TRX-16644,PROD-2587,2025-12-13,1,1531.42,80.4,23,Entregado,Medellín,Online
TRX-16645,PROD-1777,2025-04-20,12,1871.56,65.38,22,Entregado,Medellín,Online
TRX-16646,PROD-3146,2026-01-09,3,115.08,46.96,21,Perdido,Medellín,App
TRX-16647,PROD-3798,2025-02-22,10,275.03,28.74,13,Devuelto,Medellín,App
TRX-16648,PROD-3037,2025-03-13,8,1287.91,52.345,10,Desconocido,Bogotá,Online
TRX-16649,PROD-3258,2025-10-25,5,1610.84,77.6,13,En Camino,Medellín,App
TRX-16650,PROD-1631,2025-08-13,4,1584.47,22.14,28,Retrasado,Bucaramanga,WhatsApp
TRX-16651,PROD-3511,2024-11-20,6,1442.17,93.19,13,Retrasado,Bucaramanga,Online
TRX-16652,PROD-2159,2025-03-25,12,1775.98,19.28,24,Retrasado,Bogotá,WhatsApp
TRX-16653,PROD-2321,2026-01-25,5,442.52,81.47,1,Perdido,Cali,Físico
TRX-16654,PROD-2678,2025-03-21,3,223.51,45.3,5,En Camino,Cali,WhatsApp
TRX-16655,PROD-3625,2025-08-10,13,1234.57,22.67,28,Entregado,Medellín,Físico
TRX-16656,PROD-2319,2025-08-12,11,1646.33,43.23,16,Desconocido,Bucaramanga,Online
TRX-16657,PROD-1452,2024-10-04,14,1168.27,26.05,6,Perdido,Bogotá,App
TRX-16658,PROD-1394,2025-12-25,5,1926.37,17.92,4,Desconocido,Cali,App
TRX-16659,PROD-3143,2024-11-29,4,1593.17,27.72,10,Desconocido,Bucaramanga,Online
TRX-16660,PROD-3698,2025-11-23,1,1404.58,52.345,11,Devuelto,Bogotá,WhatsApp
TRX-16661,PROD-1273,2025-08-17,1,129.91,87.4,28,Entregado,Medellín,Online
TRX-16662,PROD-1179,2025-04-12,14,224.41,15.06,26,Retrasado,Medellín,Físico
TRX-16663,PROD-1531,2026-01-10,7,1571.83,97.39,2,Devuelto,Bogotá,App
TRX-16664,PROD-1731,2024-09-28,4,404.49,5.47,29,En Camino,Bucaramanga,Físico
TRX-16665,PROD-1128,2024-10-07,1,67.38,67.53,24,En Camino,Cali,Online
TRX-16666,PROD-1827,2024-11-03,6,1822.41,86.37,21,Desconocido,Bogotá,App
TRX-16667,PROD-1438,2024-10-23,11,1782.7,93.73,26,Perdido,Bogotá,Físico
TRX-16668,PROD-2988,2026-01-05,12,444.78,18.68,22,En Camino,Ventas_Web,App
TRX-16669,PROD-1784,2025-03-22,11,1562.61,71.33,9,Retrasado,Ventas_Web,App
TRX-16670,PROD-1404,2025-06-11,12,105.48,15.2,14,Perdido,Medellín,Online
TRX-16671,PROD-1130,2025-07-08,11,577.27,38.5,2,Perdido,Barranquilla,Físico
TRX-16672,PROD-3338,2025-11-09,11,1251.1,52.345,5,Retrasado,Medellín,Online
TRX-16673,PROD-3628,2024-10-13,1,1528.73,74.53,12,En Camino,Bogotá,WhatsApp
TRX-16674,PROD-2591,2025-10-07,8,30.69,37.87,1,Devuelto,Medellín,Físico
TRX-16675,PROD-3694,2025-03-23,12,659.16,34.77,19,Perdido,Ventas_Web,Online
TRX-16676,PROD-3006,2025-03-25,13,436.55,16.03,22,Devuelto,Ventas_Web,Online
TRX-16677,PROD-3153,2025-05-24,9,1997.57,11.31,24,Devuelto,Medellín,WhatsApp
TRX-16678,PROD-3555,2025-09-07,11,1345.25,15.95,12,Devuelto,Medellín,Online
TRX-16679,PROD-3872,2025-02-18,3,817.29,88.17,21,Desconocido,Bucaramanga,WhatsApp
TRX-16680,PROD-3417,2025-06-05,7,160.55,6.06,12,Devuelto,Bucaramanga,Físico
TRX-16681,PROD-2048,2024-12-31,13,1201.35,70.82,20,Retrasado,Cali,WhatsApp
TRX-16682,PROD-1201,2024-11-16,5,1286.99,78.02,5,Entregado,Cali,WhatsApp
TRX-16683,PROD-2500,2025-03-27,3,1634.65,58.95,20,En Camino,Medellín,Online
TRX-16684,PROD-1904,2025-08-08,5,584.27,52.345,2,Entregado,Medellín,App
TRX-16685,PROD-3481,2024-12-17,10,1963.04,74.42,14,Desconocido,Medellín,Online
TRX-16686,PROD-3940,2025-03-15,7,884.54,66.97,17,Entregado,Bogotá,App
TRX-16687,PROD-1290,2026-01-03,7,598.93,48.28,24,Perdido,Medellín,Físico
TRX-16688,PROD-1053,2024-10-14,9,703.41,41.36,15,Entregado,Bogotá,App
TRX-16689,PROD-1854,2025-05-24,8,1043.98,94.43,29,Entregado,Medellín,WhatsApp
TRX-16690,PROD-3685,2024-11-21,4,1874.04,97.33,17,Retrasado,Bucaramanga,App
TRX-16691,PROD-3012,2025-01-04,5,1472.97,66.87,2,Devuelto,Ventas_Web,App
TRX-16692,PROD-1327,2025-02-08,5,1158.45,23.74,21,Entregado,Bucaramanga,WhatsApp
TRX-16693,PROD-2917,2025-07-22,10,333.99,47.55,8,Entregado,Barranquilla,App
TRX-16694,PROD-3617,2025-02-28,12,307.21,52.17,10,Desconocido,Ventas_Web,App
TRX-16695,PROD-1248,2026-02-03,2,1009.37,77.01,3,Perdido,Barranquilla,Físico
TRX-16696,PROD-2478,2025-05-12,12,1460.13,52.345,11,En Camino,Barranquilla,Físico
TRX-16697,PROD-3285,2024-12-08,7,1504.51,68.44,27,Perdido,Cali,Físico
TRX-16698,PROD-2703,2024-10-10,7,459.57,53.91,9,En Camino,Bucaramanga,WhatsApp
TRX-16699,PROD-2511,2024-10-14,9,209.2,69.63,15,En Camino,Medellín,Físico
TRX-16701,PROD-1238,2025-02-14,13,1837.16,78.78,11,Retrasado,Barranquilla,WhatsApp
TRX-16702,PROD-3526,2024-10-30,9,1095.28,25.11,3,Retrasado,Cali,WhatsApp
TRX-16703,PROD-2088,2025-06-30,4,647.0,67.36,26,Devuelto,Cali,WhatsApp
TRX-16704,PROD-3166,2025-07-07,5,654.04,15.83,7,En Camino,Barranquilla,WhatsApp
TRX-16705,PROD-1166,2025-02-12,7,272.85,15.87,28,Retrasado,Ventas_Web,Físico
TRX-16706,PROD-1288,2024-10-05,10,951.72,8.39,23,Retrasado,Medellín,Online
TRX-16707,PROD-2244,2025-03-27,7,1584.81,91.47,7,Desconocido,Cali,App
TRX-16708,PROD-1319,2026-01-09,11,1937.43,52.345,4,Desconocido,Medellín,Físico
TRX-16709,PROD-1884,2025-11-30,10,1008.17,62.43,6,Desconocido,Medellín,Online
TRX-16710,PROD-3127,2025-06-16,11,342.76,39.39,19,Entregado,Bogotá,Físico
TRX-16711,PROD-1397,2025-06-18,8,1369.07,79.84,14,En Camino,Medellín,Físico
TRX-16712,PROD-1414,2024-12-28,8,1516.01,64.48,4,Perdido,Barranquilla,WhatsApp
TRX-16713,PROD-3970,2025-11-30,2,152.68,63.91,19,Desconocido,Medellín,Online
TRX-16714,PROD-1946,2025-09-14,12,1701.78,51.27,19,Entregado,Bogotá,Físico
TRX-16715,PROD-3177,2025-07-13,9,1660.35,5.75,17,Retrasado,Bucaramanga,App
TRX-16716,PROD-2578,2024-09-23,11,950.36,29.55,21,Retrasado,Medellín,WhatsApp
TRX-16717,PROD-1776,2025-07-14,4,1125.24,15.36,28,Retrasado,Bogotá,App
TRX-16718,PROD-1791,2024-10-19,1,1429.68,67.93,19,Retrasado,Bogotá,Online
TRX-16719,PROD-3155,2024-10-28,1,1356.73,28.62,12,Perdido,Bucaramanga,Físico
TRX-16720,PROD-3690,2025-03-01,5,42.91,52.345,17,Devuelto,Cali,App
TRX-16721,PROD-2018,2025-11-21,7,253.65,47.77,15,Devuelto,Ventas_Web,Online
TRX-16722,PROD-3334,2025-10-26,5,333.56,38.58,9,En Camino,Medellín,WhatsApp
TRX-16723,PROD-3561,2024-10-23,13,1513.8,18.6,27,Desconocido,Medellín,App
TRX-16724,PROD-1732,2025-01-27,3,885.77,96.05,28,Retrasado,Cali,Online
TRX-16725,PROD-3287,2025-06-11,11,1095.55,93.67,20,En Camino,Medellín,Online
TRX-16726,PROD-3286,2025-09-02,7,1547.65,13.04,28,Perdido,Ventas_Web,App
TRX-16727,PROD-2700,2026-02-01,1,688.55,83.6,25,En Camino,Barranquilla,Físico
TRX-16728,PROD-1432,2025-12-02,11,1500.29,51.4,16,Devuelto,Bogotá,Online
TRX-16729,PROD-3615,2025-04-20,1,890.18,78.5,18,Devuelto,Bogotá,App
TRX-16730,PROD-3361,2025-02-19,12,760.59,19.36,18,Desconocido,Bucaramanga,WhatsApp
TRX-16731,PROD-2466,2024-10-23,2,672.74,17.57,4,Devuelto,Bucaramanga,App
TRX-16732,PROD-3762,2024-12-31,1,1930.24,52.345,4,En Camino,Bogotá,App
TRX-16733,PROD-2878,2025-08-17,9,1546.23,89.62,21,Retrasado,Barranquilla,Online
TRX-16734,PROD-3877,2025-07-21,4,50.19,90.29,27,Entregado,Medellín,WhatsApp
TRX-16735,PROD-3724,2025-12-17,7,1915.26,49.26,1,Devuelto,Cali,Físico
TRX-16736,PROD-2749,2025-09-10,5,1553.12,87.66,5,En Camino,Cali,App
TRX-16737,PROD-1426,2025-04-29,14,306.86,68.41,12,Entregado,Bogotá,WhatsApp
TRX-16738,PROD-1683,2025-06-02,7,161.91,22.58,14,Devuelto,Medellín,WhatsApp
TRX-16739,PROD-1738,2025-03-12,13,623.31,36.25,10,Devuelto,Medellín,App
TRX-16740,PROD-3252,2025-06-06,13,1252.12,17.93,18,Perdido,Bucaramanga,Online
TRX-16741,PROD-2644,2025-11-24,7,1236.93,78.53,21,Devuelto,Bogotá,Físico
TRX-16742,PROD-3067,2024-11-18,1,558.94,98.6,10,Entregado,Bogotá,Online
TRX-16743,PROD-2382,2024-10-01,1,896.89,56.91,26,Entregado,Bucaramanga,Físico
TRX-16744,PROD-3693,2024-09-27,11,431.66,52.345,16,Retrasado,Ventas_Web,WhatsApp
TRX-16745,PROD-1647,2025-08-23,3,110.65,67.31,6,Entregado,Bogotá,WhatsApp
TRX-16746,PROD-3186,2025-01-14,10,1038.77,75.88,3,En Camino,Bucaramanga,Online
TRX-16747,PROD-3457,2025-06-14,2,700.51,26.3,20,En Camino,Ventas_Web,Físico
TRX-16748,PROD-2814,2025-03-14,14,1090.34,36.92,15,Desconocido,Barranquilla,App
TRX-16749,PROD-2443,2025-04-30,7,1893.55,44.17,5,Desconocido,Medellín,Online
TRX-16750,PROD-2290,2025-04-15,3,295.31,61.49,6,Desconocido,Bucaramanga,Físico
TRX-16751,PROD-3253,2024-10-16,7,13.9,85.8,25,Devuelto,Barranquilla,App
TRX-16752,PROD-2329,2026-01-28,9,162.99,29.15,25,Retrasado,Bucaramanga,App
TRX-16753,PROD-2522,2025-12-24,12,930.79,49.73,22,Devuelto,Barranquilla,Físico
TRX-16754,PROD-2688,2025-03-11,11,1416.79,76.4,12,Retrasado,Barranquilla,WhatsApp
TRX-16755,PROD-3593,2025-11-02,1,1165.72,13.3,1,Perdido,Barranquilla,Online
TRX-16756,PROD-2763,2025-01-03,3,994.84,52.345,22,Retrasado,Bogotá,App
TRX-16757,PROD-3973,2024-11-21,13,714.39,53.72,10,Perdido,Medellín,WhatsApp
TRX-16758,PROD-2324,2024-12-17,11,626.85,18.72,3,Desconocido,Bogotá,Físico
TRX-16759,PROD-3492,2025-06-04,6,758.81,56.22,21,Perdido,Bucaramanga,Online
TRX-16760,PROD-1985,2025-03-06,13,1227.15,77.94,5,Devuelto,Medellín,App
TRX-16761,PROD-3306,2025-09-29,9,343.83,27.51,26,En Camino,Bogotá,WhatsApp
TRX-16762,PROD-3234,2025-03-08,5,1545.01,85.7,15,Retrasado,Bucaramanga,Físico
TRX-16763,PROD-1876,2024-12-15,3,1154.75,36.81,4,Devuelto,Bucaramanga,WhatsApp
TRX-16764,PROD-2536,2025-12-24,8,545.62,23.12,19,Perdido,Barranquilla,App
TRX-16765,PROD-3253,2025-04-12,13,1007.29,49.21,17,Perdido,Bogotá,Online
TRX-16766,PROD-2040,2024-12-21,14,1925.93,88.23,23,Entregado,Bogotá,Online
TRX-16767,PROD-2474,2024-12-20,12,50.78,11.55,29,Entregado,Bucaramanga,App
TRX-16768,PROD-2853,2025-12-03,5,407.05,52.345,8,Retrasado,Bogotá,Online
TRX-16769,PROD-2832,2025-01-20,6,902.28,36.12,5,En Camino,Medellín,Online
TRX-16770,PROD-2626,2025-02-25,13,1280.5,67.05,24,Entregado,Bogotá,WhatsApp
TRX-16771,PROD-1000,2025-12-27,2,432.33,38.97,4,Desconocido,Bogotá,Físico
TRX-16772,PROD-3974,2025-10-26,4,1863.49,11.73,24,Desconocido,Bogotá,App
TRX-16773,PROD-1141,2025-03-29,1,1288.72,36.54,19,Perdido,Barranquilla,App
TRX-16774,PROD-2165,2025-03-29,14,1756.09,82.99,24,Devuelto,Ventas_Web,WhatsApp
TRX-16775,PROD-3440,2025-06-11,13,665.34,96.96,22,En Camino,Bogotá,WhatsApp
TRX-16776,PROD-1066,2024-11-13,4,1659.62,8.78,9,Retrasado,Bucaramanga,Físico
TRX-16777,PROD-3120,2025-02-09,1,762.66,59.08,13,Devuelto,Ventas_Web,Online
TRX-16778,PROD-1553,2024-10-11,4,512.98,15.0,21,Retrasado,Bogotá,App
TRX-16779,PROD-2236,2026-01-15,14,1824.19,69.64,17,Devuelto,Medellín,App
TRX-16780,PROD-1026,2024-12-06,2,193.51,52.345,8,Devuelto,Bogotá,Físico
TRX-16781,PROD-2230,2025-05-10,6,1886.35,5.75,27,En Camino,Ventas_Web,WhatsApp
TRX-16782,PROD-1908,2026-01-16,6,922.45,6.4,19,Retrasado,Medellín,WhatsApp
TRX-16783,PROD-1879,2025-01-30,8,1985.32,78.8,11,Entregado,Bogotá,Online
TRX-16784,PROD-2289,2024-11-16,9,1083.79,12.07,21,Devuelto,Ventas_Web,Físico
TRX-16785,PROD-1088,2025-06-20,8,1517.4,33.99,14,Desconocido,Bogotá,App
TRX-16786,PROD-3825,2025-12-14,1,24.07,96.01,18,Devuelto,Bucaramanga,Online
TRX-16787,PROD-2130,2024-12-31,13,998.37,98.6,23,Desconocido,Medellín,Online
TRX-16788,PROD-3267,2024-11-30,3,1477.53,20.33,5,Entregado,Cali,Físico
TRX-16789,PROD-3094,2025-10-26,6,1567.83,58.29,28,En Camino,Cali,Online
TRX-16790,PROD-3278,2025-07-18,1,324.52,58.12,23,En Camino,Bogotá,App
TRX-16791,PROD-3337,2025-12-24,8,843.75,47.98,12,En Camino,Ventas_Web,App
TRX-16792,PROD-3341,2024-10-09,14,843.95,52.345,16,Perdido,Bogotá,App
TRX-16793,PROD-1633,2025-09-11,6,216.25,92.85,16,Perdido,Ventas_Web,WhatsApp
TRX-16794,PROD-1386,2025-01-16,1,891.66,76.63,14,En Camino,Bucaramanga,Online
TRX-16795,PROD-1154,2025-02-21,10,1616.11,77.63,7,En Camino,Bogotá,Online
TRX-16796,PROD-2885,2025-08-18,2,607.36,30.61,21,Entregado,Ventas_Web,App
TRX-16797,PROD-2456,2025-01-16,6,870.82,46.26,21,Perdido,Ventas_Web,WhatsApp
TRX-16798,PROD-1639,2024-10-22,10,1922.31,51.31,9,Desconocido,Barranquilla,Físico
TRX-16799,PROD-1566,2025-08-11,14,73.1,33.4,3,Retrasado,Bucaramanga,App
TRX-16801,PROD-2503,2024-11-21,8,1489.44,17.0,14,En Camino,Barranquilla,App
TRX-16802,PROD-3384,2025-05-09,5,1524.16,22.16,24,En Camino,Barranquilla,Físico
TRX-16803,PROD-2023,2025-06-08,1,1434.72,24.35,1,Devuelto,Bucaramanga,WhatsApp
TRX-16804,PROD-1954,2025-09-17,14,1455.64,52.345,14,Perdido,Bogotá,Físico
TRX-16805,PROD-2049,2024-09-27,10,127.44,28.01,20,Retrasado,Cali,Online
TRX-16806,PROD-2230,2024-10-20,2,1072.93,29.27,28,Devuelto,Bogotá,Físico
TRX-16807,PROD-1376,2025-06-03,4,1568.11,48.29,18,Devuelto,Cali,WhatsApp
TRX-16808,PROD-3336,2025-09-21,4,197.19,53.41,3,Retrasado,Medellín,Online
TRX-16809,PROD-2637,2025-12-28,7,33.98,34.34,27,Retrasado,Cali,App
TRX-16810,PROD-3330,2025-05-11,2,1630.98,91.19,6,Retrasado,Bucaramanga,Físico
TRX-16811,PROD-1890,2025-10-22,7,1427.47,57.55,4,Retrasado,Cali,WhatsApp
TRX-16812,PROD-1316,2025-12-22,7,830.29,79.81,1,Desconocido,Medellín,WhatsApp
TRX-16813,PROD-3963,2025-09-14,7,1881.39,92.8,21,Retrasado,Medellín,Físico
TRX-16814,PROD-2329,2025-04-10,13,1535.53,20.5,3,Desconocido,Medellín,WhatsApp
TRX-16815,PROD-2976,2025-08-20,3,1936.04,45.65,29,En Camino,Cali,App
TRX-16816,PROD-1708,2025-06-20,6,1859.34,52.345,28,Desconocido,Bogotá,WhatsApp
TRX-16817,PROD-2999,2025-08-27,12,967.77,46.15,18,Desconocido,Cali,App
TRX-16818,PROD-3824,2025-07-23,6,1511.87,38.67,20,Retrasado,Bucaramanga,Físico
TRX-16819,PROD-3878,2025-10-10,4,1341.69,5.85,29,Retrasado,Ventas_Web,WhatsApp
TRX-16820,PROD-3360,2024-11-07,1,1624.78,82.52,20,Perdido,Bucaramanga,Físico
TRX-16821,PROD-1390,2024-10-20,9,1577.5,15.6,3,En Camino,Barranquilla,Online
TRX-16822,PROD-3438,2024-09-29,2,314.93,99.57,21,Devuelto,Bogotá,Online
TRX-16823,PROD-3630,2025-05-12,9,475.13,78.43,21,En Camino,Bogotá,Físico
TRX-16824,PROD-2230,2025-04-09,8,538.81,60.1,16,Entregado,Cali,Físico
TRX-16825,PROD-1153,2024-12-25,1,1638.81,19.69,24,Retrasado,Cali,App
TRX-16826,PROD-3993,2024-12-13,11,1623.38,53.96,26,Devuelto,Ventas_Web,App
TRX-16827,PROD-3360,2024-12-19,7,995.72,29.81,7,Entregado,Bucaramanga,Online
TRX-16828,PROD-2562,2025-10-17,13,1165.86,52.345,27,Desconocido,Ventas_Web,WhatsApp
TRX-16829,PROD-1321,2025-03-27,10,1655.58,28.97,9,Devuelto,Barranquilla,Online
TRX-16830,PROD-1229,2025-05-23,3,632.06,83.81,23,En Camino,Medellín,WhatsApp
TRX-16831,PROD-2369,2024-11-29,10,109.86,41.16,2,Desconocido,Cali,App
TRX-16832,PROD-2425,2025-07-30,13,970.37,47.82,3,Entregado,Bogotá,App
TRX-16833,PROD-2778,2025-12-17,10,1828.3,85.08,22,Desconocido,Medellín,App
TRX-16834,PROD-2706,2025-11-29,14,1583.03,13.34,1,Desconocido,Cali,WhatsApp
TRX-16835,PROD-1493,2025-10-01,14,739.57,61.49,24,Desconocido,Ventas_Web,App
TRX-16836,PROD-1928,2025-12-01,14,138.9,59.93,23,Retrasado,Bogotá,WhatsApp
TRX-16837,PROD-3673,2025-03-28,9,1277.47,45.4,6,Retrasado,Barranquilla,WhatsApp
TRX-16838,PROD-3467,2025-05-19,5,1670.64,83.83,21,Entregado,Bogotá,WhatsApp
TRX-16839,PROD-1046,2025-10-17,11,1333.25,94.57,15,En Camino,Ventas_Web,WhatsApp
TRX-16840,PROD-3596,2025-04-28,3,855.9,52.345,26,Entregado,Medellín,App
TRX-16841,PROD-3589,2025-01-08,8,255.47,49.21,5,En Camino,Medellín,App
TRX-16842,PROD-2566,2025-07-26,12,1822.44,48.33,13,Devuelto,Barranquilla,Online
TRX-16843,PROD-1221,2024-10-30,3,559.16,52.7,8,En Camino,Bogotá,App
TRX-16844,PROD-2248,2025-10-22,7,456.33,73.7,24,Entregado,Cali,WhatsApp
TRX-16845,PROD-3147,2025-12-02,14,1633.79,68.47,13,Entregado,Barranquilla,Físico
TRX-16846,PROD-1168,2025-09-06,7,1962.63,26.17,19,Devuelto,Bucaramanga,WhatsApp
TRX-16847,PROD-2307,2025-06-25,7,1323.72,11.07,9,Desconocido,Bogotá,Físico
TRX-16848,PROD-3211,2024-10-02,14,1253.37,95.18,3,Entregado,Barranquilla,WhatsApp
TRX-16849,PROD-3313,2024-10-18,12,645.67,29.8,29,Perdido,Barranquilla,Físico
TRX-16850,PROD-1612,2024-11-09,1,50.62,65.67,26,Desconocido,Ventas_Web,Físico
TRX-16851,PROD-2338,2025-09-04,11,391.68,83.7,14,Entregado,Medellín,Online
TRX-16852,PROD-3057,2025-09-27,5,1173.02,52.345,24,Perdido,Medellín,Físico
TRX-16853,PROD-3858,2024-10-06,12,311.12,33.53,7,Entregado,Medellín,Online
TRX-16854,PROD-1904,2024-12-31,11,1768.83,65.37,13,Entregado,Cali,WhatsApp
TRX-16855,PROD-1627,2025-03-28,1,384.41,15.25,9,Devuelto,Bucaramanga,WhatsApp
TRX-16856,PROD-1206,2024-10-04,7,1048.99,97.14,11,Desconocido,Bucaramanga,Físico
TRX-16857,PROD-3759,2025-09-29,13,1028.91,10.53,9,Perdido,Barranquilla,WhatsApp
TRX-16858,PROD-3996,2025-10-06,13,1211.85,46.63,11,Devuelto,Barranquilla,App
TRX-16859,PROD-2609,2025-06-28,8,661.59,56.0,14,Perdido,Bogotá,App
TRX-16860,PROD-2825,2025-08-29,7,1748.33,80.1,15,Perdido,Medellín,App
TRX-16861,PROD-3437,2025-08-16,1,894.16,16.51,17,Retrasado,Barranquilla,WhatsApp
TRX-16862,PROD-3356,2025-03-08,3,1403.31,46.88,1,Perdido,Bogotá,App
TRX-16863,PROD-3067,2025-01-22,10,1275.46,33.47,3,Devuelto,Cali,Online
TRX-16864,PROD-1368,2025-10-20,3,243.14,52.345,23,Devuelto,Cali,WhatsApp
TRX-16865,PROD-1909,2026-01-07,7,1249.05,34.64,3,En Camino,Medellín,App
TRX-16866,PROD-2769,2024-12-26,4,1105.9,78.98,3,Desconocido,Medellín,WhatsApp
TRX-16867,PROD-2186,2024-10-17,12,1798.22,5.52,4,Desconocido,Barranquilla,App
TRX-16868,PROD-2615,2024-10-09,3,1762.94,76.16,24,Desconocido,Barranquilla,Online
TRX-16869,PROD-1606,2025-11-22,6,310.4,81.99,17,Entregado,Bogotá,Físico
TRX-16870,PROD-1541,2024-10-21,12,172.55,90.63,20,Retrasado,Barranquilla,Online
TRX-16871,PROD-2376,2025-12-10,10,596.24,64.55,4,Entregado,Ventas_Web,Físico
TRX-16872,PROD-1338,2025-08-11,6,1973.36,36.68,13,Devuelto,Barranquilla,App
TRX-16873,PROD-2949,2025-08-29,10,52.93,45.59,24,Retrasado,Ventas_Web,Online
TRX-16874,PROD-3340,2025-08-01,5,1349.06,97.12,7,Perdido,Cali,Físico
TRX-16875,PROD-1201,2024-12-03,12,1220.94,88.71,4,Desconocido,Bogotá,Online
TRX-16876,PROD-3245,2025-06-19,6,1296.69,52.345,28,Devuelto,Barranquilla,WhatsApp
TRX-16877,PROD-2635,2025-05-30,3,444.39,49.03,8,Devuelto,Medellín,Físico
TRX-16878,PROD-2075,2025-07-14,14,461.17,94.59,11,Devuelto,Ventas_Web,App
TRX-16879,PROD-1348,2025-02-13,13,866.98,83.18,19,Devuelto,Bogotá,WhatsApp
TRX-16880,PROD-2632,2025-06-23,10,200.76,90.6,26,Retrasado,Bogotá,App
TRX-16881,PROD-3055,2025-05-03,5,158.48,69.88,7,Entregado,Bucaramanga,App
TRX-16882,PROD-2779,2024-12-06,9,185.84,86.48,9,Entregado,Bucaramanga,WhatsApp
TRX-16883,PROD-3858,2025-01-02,4,1150.23,89.72,22,Desconocido,Medellín,Físico
TRX-16884,PROD-1534,2024-10-12,11,801.51,13.74,4,Perdido,Bogotá,WhatsApp
TRX-16885,PROD-1552,2025-01-17,2,594.3,96.7,4,Devuelto,Medellín,App
TRX-16886,PROD-2969,2025-03-15,5,638.48,36.69,1,Desconocido,Bogotá,Online
TRX-16887,PROD-3290,2025-09-30,3,422.49,46.79,6,Devuelto,Medellín,Físico
TRX-16888,PROD-1811,2025-03-14,12,828.9,52.345,3,Desconocido,Medellín,Online
TRX-16889,PROD-2998,2024-09-26,3,414.09,80.23,3,Entregado,Cali,Físico
TRX-16890,PROD-2619,2025-08-28,4,1399.11,68.17,1,Desconocido,Ventas_Web,Físico
TRX-16891,PROD-3671,2026-01-14,12,256.63,89.84,7,Perdido,Bucaramanga,Online
TRX-16892,PROD-3340,2025-02-17,4,1897.0,43.05,9,Desconocido,Medellín,App
TRX-16893,PROD-1803,2025-10-22,5,188.74,40.46,3,En Camino,Bogotá,WhatsApp
TRX-16894,PROD-3298,2025-01-14,7,1887.49,8.01,23,Retrasado,Medellín,Online
TRX-16895,PROD-3523,2025-08-09,4,1668.26,48.96,25,Desconocido,Ventas_Web,App
TRX-16896,PROD-3147,2026-01-27,11,1364.62,73.79,15,Desconocido,Cali,Online
TRX-16897,PROD-2008,2025-10-29,7,1825.48,33.61,3,Entregado,Medellín,WhatsApp
TRX-16898,PROD-1992,2025-03-08,9,287.05,48.96,25,Retrasado,Bogotá,WhatsApp
TRX-16899,PROD-1293,2025-07-19,3,360.87,25.84,11,Entregado,Bogotá,Físico
TRX-16901,PROD-2761,2025-01-18,5,497.17,78.41,3,Devuelto,Cali,Online
TRX-16902,PROD-2324,2024-12-31,4,628.59,10.75,27,En Camino,Bucaramanga,Físico
TRX-16903,PROD-3804,2025-06-23,9,1155.51,72.01,20,Retrasado,Cali,App
TRX-16904,PROD-3359,2025-03-16,5,66.06,41.0,7,En Camino,Bucaramanga,App
TRX-16905,PROD-1366,2025-02-28,10,770.72,8.95,27,Devuelto,Bogotá,Físico
TRX-16906,PROD-1460,2025-10-11,2,500.31,86.08,9,Entregado,Bogotá,App
TRX-16907,PROD-3751,2025-05-07,10,1217.19,51.33,29,Perdido,Bucaramanga,App
TRX-16908,PROD-2694,2025-11-19,1,1970.49,61.94,17,Devuelto,Medellín,App
TRX-16909,PROD-2734,2024-10-30,7,1040.13,74.54,28,En Camino,Ventas_Web,Físico
TRX-16910,PROD-2496,2025-12-29,11,857.11,67.23,9,En Camino,Ventas_Web,WhatsApp
TRX-16911,PROD-2426,2025-11-27,1,742.8,74.43,10,En Camino,Barranquilla,Físico
TRX-16912,PROD-1780,2025-04-08,8,1572.05,52.345,13,Entregado,Barranquilla,Online
TRX-16913,PROD-2313,2025-02-05,9,153.24,77.42,5,Desconocido,Medellín,Online
TRX-16914,PROD-2411,2025-01-04,7,1919.94,60.97,14,En Camino,Barranquilla,Online
TRX-16915,PROD-3432,2026-01-05,9,841.66,39.74,4,Entregado,Medellín,App
TRX-16916,PROD-3684,2025-04-03,10,634.26,28.1,14,En Camino,Bogotá,Online
TRX-16917,PROD-1099,2025-05-30,6,1948.4,90.78,29,Retrasado,Bucaramanga,App
TRX-16918,PROD-2248,2024-10-05,7,1872.4,97.14,11,Desconocido,Medellín,App
TRX-16919,PROD-1693,2024-11-16,3,1287.45,38.98,28,Retrasado,Ventas_Web,App
TRX-16920,PROD-2432,2025-09-01,14,46.83,15.67,22,Desconocido,Bucaramanga,Online
TRX-16921,PROD-3524,2024-12-16,14,1499.58,26.14,10,Devuelto,Bucaramanga,Online
TRX-16922,PROD-2811,2025-01-09,9,677.76,68.71,5,Devuelto,Medellín,Online
TRX-16923,PROD-3552,2024-11-04,3,782.68,21.43,21,Desconocido,Cali,App
TRX-16924,PROD-1597,2025-10-15,6,325.9,52.345,12,Perdido,Medellín,App
TRX-16925,PROD-2804,2024-12-02,4,1051.68,79.11,21,En Camino,Ventas_Web,WhatsApp
TRX-16926,PROD-1183,2025-12-10,9,1491.66,92.69,15,En Camino,Medellín,WhatsApp
TRX-16927,PROD-1956,2025-06-17,1,553.29,96.55,24,Entregado,Bogotá,Físico
TRX-16928,PROD-1817,2024-11-20,9,1878.08,5.89,13,Desconocido,Medellín,Físico
TRX-16929,PROD-3807,2025-12-27,12,397.53,96.02,26,Devuelto,Bogotá,App
TRX-16930,PROD-2531,2025-12-04,4,141.86,75.32,8,Desconocido,Cali,Físico
TRX-16931,PROD-1638,2024-11-05,10,1292.28,12.98,26,Retrasado,Ventas_Web,WhatsApp
TRX-16932,PROD-3983,2025-06-21,5,1700.14,44.45,4,Entregado,Bogotá,WhatsApp
TRX-16933,PROD-1351,2025-10-17,11,1906.73,71.5,13,Retrasado,Bogotá,App
TRX-16934,PROD-1460,2024-10-06,13,1536.67,95.89,15,Entregado,Cali,Físico
TRX-16935,PROD-1223,2025-09-28,1,407.3,20.59,9,Devuelto,Ventas_Web,App
TRX-16936,PROD-1995,2025-01-12,14,1955.55,52.345,24,En Camino,Ventas_Web,Físico
TRX-16937,PROD-3543,2025-10-06,1,1839.68,17.13,28,Desconocido,Bogotá,App
TRX-16938,PROD-1604,2025-08-02,6,334.7,49.87,6,En Camino,Medellín,WhatsApp
TRX-16939,PROD-2178,2025-11-11,10,1121.98,96.97,18,Devuelto,Bogotá,Online
TRX-16940,PROD-1056,2025-05-08,13,1115.48,97.28,9,Desconocido,Cali,Físico
TRX-16941,PROD-2406,2026-01-20,1,890.64,26.65,22,Retrasado,Bogotá,App
TRX-16942,PROD-3841,2025-03-10,13,1968.72,35.34,24,Perdido,Barranquilla,WhatsApp
TRX-16943,PROD-1455,2025-10-03,2,128.65,91.26,6,Perdido,Cali,WhatsApp
TRX-16944,PROD-2249,2025-07-10,13,1258.15,74.81,21,Devuelto,Cali,WhatsApp
TRX-16945,PROD-2843,2025-05-26,14,418.55,97.37,7,Entregado,Bucaramanga,Online
TRX-16946,PROD-2929,2025-06-15,3,1059.39,89.85,12,En Camino,Ventas_Web,App
TRX-16947,PROD-1093,2025-08-25,7,1561.68,25.43,4,Retrasado,Ventas_Web,Online
TRX-16948,PROD-2359,2025-05-23,2,500.99,52.345,26,Perdido,Medellín,App
TRX-16949,PROD-1856,2026-01-25,5,792.79,77.17,11,En Camino,Cali,WhatsApp
TRX-16950,PROD-3203,2025-02-27,9,1902.03,9.61,3,Devuelto,Ventas_Web,App
TRX-16951,PROD-1867,2025-07-19,12,1525.35,82.69,27,En Camino,Bucaramanga,WhatsApp
TRX-16952,PROD-1834,2025-12-05,12,1149.72,62.15,28,Desconocido,Cali,App
TRX-16953,PROD-3238,2025-08-15,10,451.77,95.83,7,Perdido,Ventas_Web,Físico
TRX-16954,PROD-3143,2024-10-10,8,856.36,96.2,2,Retrasado,Barranquilla,Online
TRX-16955,PROD-2059,2024-12-14,12,1550.38,9.83,10,Entregado,Cali,Online
TRX-16956,PROD-3247,2025-08-23,8,1642.88,20.25,3,Entregado,Cali,Online
TRX-16957,PROD-2978,2025-05-11,11,496.77,51.0,17,Desconocido,Bucaramanga,Físico
TRX-16958,PROD-3551,2026-01-27,2,1327.5,88.55,11,Desconocido,Cali,Físico
TRX-16959,PROD-3989,2025-08-30,1,199.06,82.37,28,En Camino,Bucaramanga,WhatsApp
TRX-16960,PROD-1578,2025-06-02,9,56.19,52.345,1,Entregado,Bogotá,WhatsApp
TRX-16961,PROD-3847,2025-03-08,10,1101.86,96.62,2,Perdido,Ventas_Web,Online
TRX-16962,PROD-3862,2024-11-03,12,456.52,63.72,13,Retrasado,Medellín,Físico
TRX-16963,PROD-3737,2025-05-29,4,167.03,29.37,14,Entregado,Bucaramanga,Físico
TRX-16964,PROD-1075,2025-05-28,9,1462.36,7.39,17,Entregado,Medellín,Online
TRX-16965,PROD-2542,2025-12-04,11,1000.97,26.18,2,Devuelto,Ventas_Web,App
TRX-16966,PROD-3387,2025-10-07,14,1594.59,69.15,17,Entregado,Bogotá,WhatsApp
TRX-16967,PROD-3717,2025-07-05,12,1331.25,93.0,19,Entregado,Medellín,WhatsApp
TRX-16968,PROD-3157,2024-10-12,11,1462.31,35.49,25,Perdido,Medellín,App
TRX-16969,PROD-1178,2025-10-09,7,621.65,88.19,9,Entregado,Cali,Online
TRX-16970,PROD-2046,2025-09-09,12,533.92,42.52,24,Devuelto,Ventas_Web,Físico
TRX-16971,PROD-1697,2025-10-08,6,1205.74,34.29,25,Devuelto,Medellín,WhatsApp
TRX-16972,PROD-1246,2024-11-03,10,408.16,52.345,12,Desconocido,Bogotá,Físico
TRX-16973,PROD-2163,2025-09-02,13,1632.67,53.34,16,Devuelto,Medellín,Online
TRX-16974,PROD-1822,2024-12-18,9,1050.61,47.02,4,Entregado,Bogotá,Online
TRX-16975,PROD-3852,2025-06-10,10,461.71,91.81,24,Desconocido,Bucaramanga,WhatsApp
TRX-16976,PROD-3531,2025-07-25,4,1254.08,49.48,11,En Camino,Barranquilla,Online
TRX-16977,PROD-2111,2025-07-16,14,1890.62,31.35,21,En Camino,Cali,Online
TRX-16978,PROD-1217,2025-09-07,1,173.37,85.04,20,Perdido,Bogotá,Físico
TRX-16979,PROD-2904,2025-05-20,5,227.6,99.88,29,En Camino,Medellín,App
TRX-16980,PROD-3681,2025-03-08,13,1689.24,66.58,4,Perdido,Bogotá,Online
TRX-16981,PROD-1034,2025-08-01,6,228.09,28.79,2,Perdido,Ventas_Web,WhatsApp
TRX-16982,PROD-1272,2025-04-29,6,88.36,27.69,10,Desconocido,Bogotá,WhatsApp
TRX-16983,PROD-2591,2025-12-07,12,702.38,10.48,9,Devuelto,Ventas_Web,Físico
TRX-16984,PROD-3704,2026-01-25,1,938.74,52.345,29,Retrasado,Barranquilla,Online
TRX-16985,PROD-2111,2025-11-17,7,1143.19,12.34,25,Perdido,Bucaramanga,App
TRX-16986,PROD-3715,2025-10-18,8,1019.53,91.92,17,Entregado,Medellín,Online
TRX-16987,PROD-3703,2025-02-02,12,1827.24,14.17,12,Devuelto,Cali,WhatsApp
TRX-16988,PROD-2475,2025-04-17,5,1539.65,51.01,4,Entregado,Medellín,Físico
TRX-16989,PROD-1441,2024-11-12,2,1967.78,71.32,9,Entregado,Medellín,Online
TRX-16990,PROD-1078,2025-01-06,2,958.15,85.78,14,En Camino,Cali,App
TRX-16991,PROD-2198,2025-10-19,11,177.82,21.27,4,Entregado,Bogotá,Físico
TRX-16992,PROD-3659,2025-03-25,5,1911.51,46.59,2,Desconocido,Ventas_Web,Físico
TRX-16993,PROD-2583,2025-04-11,7,18.19,28.89,18,Perdido,Barranquilla,WhatsApp
TRX-16994,PROD-1946,2024-10-03,7,1554.43,29.3,13,Entregado,Bucaramanga,WhatsApp
TRX-16995,PROD-2559,2025-06-03,13,72.25,33.86,10,Entregado,Ventas_Web,App
TRX-16996,PROD-3082,2025-02-19,4,1524.82,52.345,14,En Camino,Cali,WhatsApp
TRX-16997,PROD-3906,2025-09-11,11,1876.5,60.78,9,Entregado,Bogotá,Online
TRX-16998,PROD-1407,2025-09-12,14,784.63,6.57,11,Perdido,Medellín,Online
TRX-16999,PROD-2292,2025-12-27,3,489.52,43.83,20,Perdido,Bucaramanga,Físico
TRX-17001,PROD-3445,2025-12-10,9,988.52,96.88,1,Perdido,Bogotá,WhatsApp
TRX-17002,PROD-3177,2024-12-27,12,350.07,60.36,12,Desconocido,Bogotá,Físico
TRX-17003,PROD-1360,2025-01-06,14,1349.12,87.47,29,Desconocido,Bucaramanga,Físico
TRX-17004,PROD-1763,2025-02-12,14,743.02,23.59,17,Perdido,Medellín,App
TRX-17005,PROD-1814,2025-03-07,7,652.99,81.95,17,En Camino,Ventas_Web,WhatsApp
TRX-17006,PROD-3050,2024-09-23,2,927.96,44.4,8,Devuelto,Bogotá,App
TRX-17007,PROD-2875,2024-11-07,1,1089.75,21.88,17,Desconocido,Barranquilla,App
TRX-17008,PROD-3296,2025-05-22,11,292.44,52.345,21,Devuelto,Barranquilla,WhatsApp
TRX-17009,PROD-3918,2025-09-01,2,1418.45,77.32,25,Retrasado,Medellín,Online
TRX-17010,PROD-1088,2025-11-23,13,1767.06,77.39,20,Devuelto,Bogotá,Físico
TRX-17011,PROD-1162,2026-01-23,12,563.19,99.61,27,Desconocido,Bogotá,Físico
TRX-17012,PROD-2013,2025-06-27,3,368.98,79.19,25,Desconocido,Medellín,Online
TRX-17013,PROD-3168,2024-09-25,5,1523.41,18.8,21,Entregado,Medellín,App
TRX-17014,PROD-2248,2025-02-11,14,375.25,35.64,13,Perdido,Ventas_Web,Online
TRX-17015,PROD-2366,2025-10-13,3,92.1,47.91,25,Devuelto,Ventas_Web,Físico
TRX-17016,PROD-3006,2024-11-22,10,1242.29,17.03,13,En Camino,Barranquilla,WhatsApp
TRX-17017,PROD-2611,2025-11-12,9,487.11,79.86,15,Retrasado,Barranquilla,WhatsApp
TRX-17018,PROD-1643,2026-01-31,10,351.9,55.04,18,Entregado,Cali,Online
TRX-17019,PROD-1075,2025-07-13,4,1963.39,94.72,13,Devuelto,Bogotá,Físico
TRX-17020,PROD-2420,2025-05-05,7,590.81,52.345,8,Perdido,Medellín,Online
TRX-17021,PROD-3802,2025-07-21,4,1807.85,60.98,7,En Camino,Medellín,Online
TRX-17022,PROD-2441,2025-03-11,3,364.66,54.68,23,Desconocido,Bogotá,Físico
TRX-17023,PROD-2455,2025-02-03,10,1639.76,11.79,19,Devuelto,Ventas_Web,WhatsApp
TRX-17024,PROD-3560,2024-11-02,1,1009.02,19.19,10,Perdido,Ventas_Web,Físico
TRX-17025,PROD-2238,2025-05-11,14,166.4,85.7,12,Devuelto,Barranquilla,Online
TRX-17026,PROD-1967,2025-11-05,12,1469.87,99.11,2,Entregado,Bogotá,Online
TRX-17027,PROD-3053,2025-05-06,9,1785.23,44.44,27,Retrasado,Bucaramanga,WhatsApp
TRX-17028,PROD-2129,2025-02-08,13,334.4,81.96,14,Perdido,Medellín,Online
TRX-17029,PROD-1253,2025-01-10,11,1453.92,64.62,10,Retrasado,Medellín,Online
TRX-17030,PROD-3563,2026-01-20,1,895.65,96.11,17,Retrasado,Bogotá,WhatsApp
TRX-17031,PROD-2055,2025-07-16,11,1510.2,27.62,13,Desconocido,Bogotá,Físico
TRX-17032,PROD-2585,2025-12-21,13,1430.72,52.345,1,En Camino,Ventas_Web,App
TRX-17033,PROD-1120,2024-11-18,1,62.93,56.76,23,Perdido,Medellín,Físico
TRX-17034,PROD-3273,2025-11-26,1,365.65,43.84,25,En Camino,Cali,App
TRX-17035,PROD-2147,2025-01-23,14,947.34,56.46,15,Desconocido,Bogotá,Físico
TRX-17036,PROD-1923,2025-05-20,5,1867.85,30.54,1,Retrasado,Bogotá,WhatsApp
TRX-17037,PROD-1621,2024-12-17,7,690.73,52.29,15,Entregado,Ventas_Web,WhatsApp
TRX-17038,PROD-2399,2025-03-17,7,1261.46,64.36,26,Entregado,Medellín,WhatsApp
TRX-17039,PROD-2609,2024-11-24,10,34.05,12.72,20,Devuelto,Cali,App
TRX-17040,PROD-3690,2024-10-31,1,1425.14,75.58,15,Devuelto,Medellín,Físico
TRX-17041,PROD-1562,2025-02-07,6,1210.11,72.12,14,Perdido,Cali,WhatsApp
TRX-17042,PROD-1359,2026-01-04,9,1433.64,88.64,13,Entregado,Cali,App
TRX-17043,PROD-3989,2025-12-20,6,1810.27,45.46,2,Retrasado,Barranquilla,WhatsApp
TRX-17044,PROD-2565,2025-05-21,4,301.53,52.345,8,Entregado,Medellín,Online
TRX-17045,PROD-3132,2025-12-15,10,530.56,10.86,9,Perdido,Medellín,Online
TRX-17046,PROD-3777,2025-05-06,9,1991.6,48.84,19,Devuelto,Bucaramanga,WhatsApp
TRX-17047,PROD-3508,2025-12-09,13,321.01,18.07,19,Desconocido,Medellín,App
TRX-17048,PROD-3562,2025-04-16,3,1444.05,66.51,23,Devuelto,Barranquilla,Online
TRX-17049,PROD-3811,2025-03-05,13,1452.9,9.48,9,Desconocido,Medellín,WhatsApp
TRX-17050,PROD-1931,2024-10-19,10,1369.16,40.53,23,En Camino,Bogotá,WhatsApp
TRX-17051,PROD-2709,2025-12-23,4,462.61,12.87,28,Desconocido,Medellín,App
TRX-17052,PROD-1984,2025-03-24,4,438.12,5.32,29,Devuelto,Ventas_Web,App
TRX-17053,PROD-3346,2025-04-08,4,1336.02,96.25,7,Retrasado,Medellín,Online
TRX-17054,PROD-1625,2026-01-14,6,380.64,99.63,14,Perdido,Bogotá,WhatsApp
TRX-17055,PROD-2746,2025-08-25,13,1326.51,57.77,2,Devuelto,Medellín,Online
TRX-17056,PROD-2279,2025-12-03,11,990.13,52.345,12,Devuelto,Medellín,Físico
TRX-17057,PROD-3479,2025-01-07,11,779.39,27.7,11,Desconocido,Ventas_Web,WhatsApp
TRX-17058,PROD-2348,2025-12-10,7,607.46,91.55,17,Retrasado,Bucaramanga,App
TRX-17059,PROD-2839,2025-03-30,14,1895.68,92.69,2,Devuelto,Medellín,Físico
TRX-17060,PROD-3220,2024-10-28,9,1021.11,86.18,28,Retrasado,Cali,App
TRX-17061,PROD-1539,2024-12-16,14,1126.89,56.72,22,Devuelto,Medellín,App
TRX-17062,PROD-1846,2025-02-24,11,1899.02,12.1,28,Retrasado,Medellín,Físico
TRX-17063,PROD-3672,2025-03-10,3,1311.22,13.4,12,Devuelto,Ventas_Web,Online
TRX-17064,PROD-1567,2025-07-03,8,1916.13,90.18,26,Perdido,Medellín,Físico
TRX-17065,PROD-3379,2025-06-21,8,221.67,88.2,15,En Camino,Medellín,WhatsApp
TRX-17066,PROD-3217,2024-10-27,1,1694.81,46.27,29,En Camino,Bogotá,Online
TRX-17067,PROD-3801,2025-11-16,5,677.48,36.17,8,Entregado,Ventas_Web,Online
TRX-17068,PROD-1828,2025-03-25,13,1622.87,52.345,8,En Camino,Bogotá,WhatsApp
TRX-17069,PROD-1565,2024-12-30,10,1712.72,66.19,22,Retrasado,Barranquilla,WhatsApp
TRX-17070,PROD-2265,2025-05-17,5,550.26,81.66,18,Retrasado,Bogotá,App
TRX-17071,PROD-3820,2025-10-30,12,823.57,74.51,14,Desconocido,Bucaramanga,Físico
TRX-17072,PROD-3888,2025-12-07,8,1454.77,63.48,25,En Camino,Medellín,WhatsApp
TRX-17073,PROD-3145,2026-01-04,8,207.12,26.99,10,Desconocido,Medellín,Físico
TRX-17074,PROD-1553,2025-01-22,12,1513.51,29.94,4,Retrasado,Bucaramanga,Online
TRX-17075,PROD-2761,2025-11-13,2,229.84,73.79,16,Perdido,Cali,WhatsApp
TRX-17076,PROD-1594,2024-10-15,3,1829.77,81.25,16,Retrasado,Cali,Online
TRX-17077,PROD-3687,2025-10-02,2,559.92,16.03,29,Desconocido,Bucaramanga,App
TRX-17078,PROD-3313,2024-11-24,1,1155.44,22.79,21,Perdido,Barranquilla,App
TRX-17079,PROD-1647,2025-08-14,2,243.14,69.64,17,Perdido,Ventas_Web,WhatsApp
TRX-17080,PROD-2300,2026-01-15,10,546.29,52.345,9,Perdido,Medellín,WhatsApp
TRX-17081,PROD-1277,2025-02-19,6,813.87,41.95,11,Devuelto,Ventas_Web,WhatsApp
TRX-17082,PROD-3282,2025-04-05,12,979.23,58.51,27,Entregado,Barranquilla,Online
TRX-17083,PROD-3183,2026-01-18,1,10.13,63.41,27,Desconocido,Bucaramanga,WhatsApp
TRX-17084,PROD-3946,2024-12-11,6,1778.42,78.74,26,Retrasado,Medellín,App
TRX-17085,PROD-1484,2026-01-25,1,25.27,81.54,13,Devuelto,Bogotá,WhatsApp
TRX-17086,PROD-1754,2025-08-03,2,1549.63,31.61,1,Desconocido,Ventas_Web,WhatsApp
TRX-17087,PROD-2300,2025-02-22,8,946.45,56.42,7,Entregado,Bogotá,Online
TRX-17088,PROD-1596,2024-10-09,14,1052.52,16.73,11,Devuelto,Medellín,Físico
TRX-17089,PROD-3978,2024-10-31,6,424.45,84.99,25,Retrasado,Barranquilla,App
TRX-17090,PROD-1120,2025-08-21,9,1218.66,85.32,3,Desconocido,Bogotá,Físico
TRX-17091,PROD-2305,2025-09-05,1,1079.09,33.45,2,Perdido,Bogotá,Online
TRX-17092,PROD-2695,2025-12-25,5,336.83,52.345,14,Devuelto,Cali,WhatsApp
TRX-17093,PROD-2684,2025-04-12,7,483.86,20.26,10,Entregado,Bogotá,WhatsApp
TRX-17094,PROD-2242,2025-11-19,9,143.14,11.66,24,Entregado,Ventas_Web,App
TRX-17095,PROD-2814,2025-06-29,14,141.9,59.62,20,Entregado,Barranquilla,WhatsApp
TRX-17096,PROD-3608,2025-11-18,11,37.41,13.69,17,Desconocido,Bucaramanga,Online
TRX-17097,PROD-2121,2024-12-19,9,448.74,69.66,8,Devuelto,Bucaramanga,Físico
TRX-17098,PROD-1622,2026-01-16,4,1362.53,69.42,15,Entregado,Medellín,App
TRX-17099,PROD-1769,2025-12-31,13,639.27,63.33,22,En Camino,Bogotá,WhatsApp
TRX-17101,PROD-1538,2025-07-19,4,272.49,40.94,20,Entregado,Bucaramanga,Físico
TRX-17102,PROD-1756,2025-07-11,4,1155.19,90.72,22,Entregado,Bogotá,Físico
TRX-17103,PROD-1107,2025-09-12,3,690.87,8.51,2,Devuelto,Medellín,WhatsApp
TRX-17104,PROD-3506,2024-12-01,8,1355.87,52.345,22,Retrasado,Bogotá,WhatsApp
TRX-17105,PROD-3527,2025-10-05,5,1485.5,15.71,15,Devuelto,Cali,Online
TRX-17106,PROD-2093,2025-01-24,7,1173.54,44.16,16,Devuelto,Barranquilla,Físico
TRX-17107,PROD-3480,2024-12-11,10,559.38,61.43,2,En Camino,Bogotá,Físico
TRX-17108,PROD-3322,2024-11-06,6,1022.13,8.08,22,Retrasado,Bogotá,Físico
TRX-17109,PROD-3508,2026-01-11,14,511.34,58.91,14,Devuelto,Bogotá,Online
TRX-17110,PROD-1945,2025-05-13,9,1806.8,34.2,25,En Camino,Medellín,Físico
TRX-17111,PROD-3442,2026-01-15,14,1535.11,89.28,23,Devuelto,Ventas_Web,Online
TRX-17112,PROD-1951,2025-02-23,3,991.08,55.66,28,En Camino,Ventas_Web,App
TRX-17113,PROD-1945,2025-10-22,6,1931.26,60.85,28,Desconocido,Bogotá,App
TRX-17114,PROD-3815,2025-03-21,3,1098.04,94.83,20,Perdido,Barranquilla,Online
TRX-17115,PROD-1106,2025-11-05,2,663.79,77.6,1,Entregado,Ventas_Web,App
TRX-17116,PROD-2471,2024-10-23,3,199.98,52.345,9,Entregado,Bucaramanga,Físico
TRX-17117,PROD-1325,2024-12-16,2,1092.05,46.64,17,Devuelto,Medellín,Físico
TRX-17118,PROD-3818,2024-11-06,2,1722.23,50.3,21,En Camino,Barranquilla,Online
TRX-17119,PROD-2952,2025-09-28,10,1734.77,66.55,14,Perdido,Ventas_Web,WhatsApp
TRX-17120,PROD-1549,2025-08-11,11,1213.09,24.02,23,Entregado,Bogotá,Físico
TRX-17121,PROD-3057,2025-08-20,7,792.94,13.42,10,Devuelto,Bucaramanga,WhatsApp
TRX-17122,PROD-3476,2025-05-23,10,1304.09,34.57,13,Desconocido,Barranquilla,WhatsApp
TRX-17123,PROD-2920,2024-11-01,3,1526.66,78.95,13,Devuelto,Ventas_Web,WhatsApp
TRX-17124,PROD-3916,2025-11-26,8,829.13,29.45,26,En Camino,Bucaramanga,App
TRX-17125,PROD-3660,2025-03-23,13,957.75,17.42,22,Retrasado,Bucaramanga,App
TRX-17126,PROD-2531,2025-07-16,2,1364.43,25.81,19,Desconocido,Medellín,Online
TRX-17127,PROD-1753,2026-01-08,11,1754.54,69.5,27,Devuelto,Bogotá,App
TRX-17128,PROD-2587,2025-10-03,11,1584.11,52.345,8,Perdido,Bogotá,WhatsApp
TRX-17129,PROD-3012,2024-12-12,7,54.56,63.33,27,Perdido,Bogotá,WhatsApp
TRX-17130,PROD-2940,2024-10-30,3,257.5,70.39,7,Retrasado,Cali,App
TRX-17131,PROD-1563,2025-09-13,9,1707.03,35.59,25,Perdido,Cali,App
TRX-17132,PROD-1670,2025-11-16,7,1669.31,90.58,17,En Camino,Cali,WhatsApp
TRX-17133,PROD-1791,2026-01-02,9,783.73,47.92,8,Devuelto,Bogotá,Online
TRX-17134,PROD-1926,2025-11-24,2,1172.71,53.8,4,En Camino,Ventas_Web,WhatsApp
TRX-17135,PROD-1132,2024-11-18,6,1812.63,95.14,7,Retrasado,Ventas_Web,Online
TRX-17136,PROD-2673,2025-08-10,5,1824.0,98.03,23,Retrasado,Barranquilla,Físico
TRX-17137,PROD-1061,2025-12-31,14,1568.35,67.85,20,En Camino,Cali,WhatsApp
TRX-17138,PROD-2105,2024-10-22,2,427.08,94.76,24,Desconocido,Bogotá,App
TRX-17139,PROD-2691,2026-01-30,4,1463.26,56.44,29,Entregado,Medellín,App
TRX-17140,PROD-1911,2025-06-15,4,211.19,52.345,28,Retrasado,Medellín,WhatsApp
TRX-17141,PROD-3749,2025-05-07,8,1788.94,34.19,17,Devuelto,Bogotá,Online
TRX-17142,PROD-1830,2025-08-05,13,306.81,34.93,5,Desconocido,Bogotá,App
TRX-17143,PROD-1837,2025-12-13,7,1328.07,58.1,20,Retrasado,Ventas_Web,Físico
TRX-17144,PROD-1270,2026-02-04,13,1224.38,62.48,4,En Camino,Cali,App
TRX-17145,PROD-1725,2025-07-11,5,1556.03,46.76,19,En Camino,Bogotá,Online
TRX-17146,PROD-2799,2024-11-15,9,1107.64,88.96,1,Perdido,Bucaramanga,WhatsApp
TRX-17147,PROD-3527,2024-12-28,1,128.54,45.54,21,Desconocido,Bogotá,App
TRX-17148,PROD-3006,2025-12-15,4,1414.63,30.98,24,Entregado,Medellín,WhatsApp
TRX-17149,PROD-3817,2026-01-01,5,772.48,5.76,10,En Camino,Bucaramanga,WhatsApp
TRX-17150,PROD-2330,2024-09-26,8,647.37,97.2,6,Perdido,Bucaramanga,Físico
TRX-17151,PROD-2874,2025-12-05,3,1983.43,83.31,12,Perdido,Bogotá,Físico
TRX-17152,PROD-2010,2025-07-29,14,1184.9,52.345,17,Devuelto,Cali,WhatsApp
TRX-17153,PROD-2751,2025-09-24,12,1424.33,63.48,5,Perdido,Bogotá,Online
TRX-17154,PROD-2658,2024-12-22,5,1057.39,83.9,22,Entregado,Bogotá,Físico
TRX-17155,PROD-1171,2024-12-20,3,1542.25,81.98,9,Devuelto,Cali,App
TRX-17156,PROD-3490,2025-08-08,13,1506.62,93.53,9,En Camino,Bogotá,Físico
TRX-17157,PROD-2558,2025-10-02,7,1317.72,41.68,5,Desconocido,Medellín,WhatsApp
TRX-17158,PROD-3949,2024-12-23,10,1995.51,57.71,19,En Camino,Cali,Físico
TRX-17159,PROD-2281,2025-02-19,3,924.99,14.37,22,Perdido,Bogotá,Online
TRX-17160,PROD-2614,2025-05-14,7,1415.32,96.7,27,Retrasado,Medellín,Físico
TRX-17161,PROD-3504,2025-11-05,14,1597.58,98.59,24,Entregado,Medellín,Online
TRX-17162,PROD-3342,2025-08-25,2,758.31,79.96,28,Entregado,Bogotá,App
TRX-17163,PROD-3432,2024-11-20,7,919.78,48.14,11,Perdido,Bucaramanga,Físico
TRX-17164,PROD-3196,2025-03-26,9,1938.64,52.345,28,Entregado,Ventas_Web,App
TRX-17165,PROD-3151,2025-12-04,12,74.26,52.17,12,Devuelto,Medellín,WhatsApp
TRX-17166,PROD-3627,2024-11-05,5,677.24,46.36,5,Perdido,Medellín,App
TRX-17167,PROD-3884,2025-03-21,12,977.56,32.86,8,Retrasado,Ventas_Web,Físico
TRX-17168,PROD-1157,2024-12-07,6,12.92,55.14,17,En Camino,Ventas_Web,Físico
TRX-17169,PROD-3132,2025-02-13,13,1799.26,10.08,8,Entregado,Medellín,Online
TRX-17170,PROD-1447,2025-01-01,10,579.63,99.23,2,Desconocido,Bogotá,Físico
TRX-17171,PROD-2849,2025-10-08,11,522.83,45.28,23,En Camino,Barranquilla,WhatsApp
TRX-17172,PROD-2871,2025-06-21,3,1642.45,93.1,18,Retrasado,Medellín,Online
TRX-17173,PROD-1173,2025-12-31,13,563.19,73.81,19,Retrasado,Cali,Físico
TRX-17174,PROD-2006,2024-11-16,10,1318.67,32.54,21,Devuelto,Ventas_Web,Físico
TRX-17175,PROD-3124,2025-03-30,5,1644.79,26.09,10,Retrasado,Barranquilla,Físico
TRX-17176,PROD-3203,2025-09-08,13,1587.03,52.345,7,Retrasado,Ventas_Web,Físico
TRX-17177,PROD-2620,2025-08-23,5,1566.08,99.59,9,Entregado,Bogotá,WhatsApp
TRX-17178,PROD-1160,2024-12-08,3,186.39,78.35,12,En Camino,Bogotá,Físico
TRX-17179,PROD-3284,2025-07-15,8,168.9,28.72,12,Desconocido,Bogotá,Online
TRX-17180,PROD-2586,2025-04-29,6,620.47,11.41,5,Entregado,Ventas_Web,Físico
TRX-17181,PROD-3114,2025-06-26,13,81.54,71.21,11,Entregado,Bucaramanga,Online
TRX-17182,PROD-3583,2024-11-27,3,1005.86,33.79,17,Perdido,Bogotá,Online
TRX-17183,PROD-1201,2025-02-05,1,795.62,26.03,15,Desconocido,Medellín,Físico
TRX-17184,PROD-1777,2025-05-14,10,1118.48,74.82,11,Perdido,Ventas_Web,WhatsApp
TRX-17185,PROD-2192,2025-04-09,1,604.59,69.53,15,Devuelto,Medellín,Físico
TRX-17186,PROD-2800,2025-06-15,13,976.65,50.73,16,Desconocido,Medellín,Físico
TRX-17187,PROD-2630,2025-12-07,11,676.14,94.55,19,Devuelto,Medellín,Online
TRX-17188,PROD-2247,2025-10-15,10,398.46,52.345,21,Retrasado,Barranquilla,App
TRX-17189,PROD-2171,2024-11-04,12,1302.24,69.57,12,Devuelto,Bogotá,App
TRX-17190,PROD-2889,2025-09-18,2,1350.14,89.87,3,Devuelto,Medellín,WhatsApp
TRX-17191,PROD-1681,2025-05-08,10,1660.17,23.1,8,Retrasado,Bogotá,Online
TRX-17192,PROD-2730,2025-05-07,5,1750.76,33.18,24,En Camino,Bucaramanga,WhatsApp
TRX-17193,PROD-2205,2024-11-24,7,1411.88,14.93,11,Retrasado,Ventas_Web,Físico
TRX-17194,PROD-3511,2025-03-12,1,1378.12,33.94,1,Retrasado,Cali,Físico
TRX-17195,PROD-1223,2025-12-17,1,122.78,97.32,24,En Camino,Barranquilla,WhatsApp
TRX-17196,PROD-3826,2025-05-30,4,228.46,96.47,4,Retrasado,Medellín,Online
TRX-17197,PROD-3117,2025-08-26,13,1627.0,77.24,27,Perdido,Barranquilla,Físico
TRX-17198,PROD-1582,2025-05-30,10,473.57,54.5,6,Devuelto,Cali,Online
TRX-17199,PROD-2898,2025-07-26,6,717.57,79.17,10,Retrasado,Ventas_Web,Físico
TRX-17201,PROD-2850,2024-11-17,9,398.35,57.58,15,Devuelto,Barranquilla,WhatsApp
TRX-17202,PROD-1370,2025-03-12,1,1553.08,5.33,8,Perdido,Medellín,WhatsApp
TRX-17203,PROD-3959,2025-11-04,11,531.1,52.65,14,Perdido,Medellín,Online
TRX-17204,PROD-3050,2026-01-15,10,903.58,61.9,2,Retrasado,Medellín,App
TRX-17205,PROD-1463,2024-10-26,5,311.83,30.25,24,En Camino,Bucaramanga,App
TRX-17206,PROD-1736,2025-08-03,9,1359.08,24.31,23,Entregado,Cali,App
TRX-17207,PROD-3397,2025-01-30,8,1459.26,31.01,20,Retrasado,Bogotá,Físico
TRX-17208,PROD-3851,2025-01-30,7,729.77,64.24,28,En Camino,Medellín,App
TRX-17209,PROD-3238,2025-10-21,13,1571.65,18.88,21,Perdido,Medellín,WhatsApp
TRX-17210,PROD-1554,2025-02-20,10,487.41,73.43,6,Devuelto,Bucaramanga,App
TRX-17211,PROD-2610,2025-02-12,2,1386.89,45.15,3,Perdido,Medellín,App
TRX-17212,PROD-2693,2025-01-18,9,1462.63,52.345,2,Retrasado,Medellín,App
TRX-17213,PROD-2324,2025-04-14,12,1937.63,38.57,14,En Camino,Ventas_Web,App
TRX-17214,PROD-2846,2025-10-11,13,472.32,81.69,18,Retrasado,Bucaramanga,App
TRX-17215,PROD-1102,2025-05-15,8,196.48,53.08,15,Perdido,Ventas_Web,Online
TRX-17216,PROD-1732,2024-10-09,13,533.44,40.95,4,Entregado,Medellín,WhatsApp
TRX-17217,PROD-2858,2024-12-13,11,254.5,88.42,16,Perdido,Ventas_Web,App
TRX-17218,PROD-3417,2024-10-06,10,347.69,39.98,23,Retrasado,Ventas_Web,Físico
TRX-17219,PROD-3918,2024-12-12,10,674.89,86.61,12,En Camino,Cali,Online
TRX-17220,PROD-1827,2025-04-17,9,833.84,52.9,17,Retrasado,Ventas_Web,Físico
TRX-17221,PROD-2862,2025-04-14,9,1808.41,24.76,1,Devuelto,Ventas_Web,WhatsApp
TRX-17222,PROD-1369,2025-10-06,9,399.28,63.22,20,Devuelto,Barranquilla,App
TRX-17223,PROD-2024,2025-06-21,3,1943.8,32.11,9,En Camino,Medellín,WhatsApp
TRX-17224,PROD-2327,2024-10-24,7,1622.2,52.345,12,Perdido,Medellín,App
TRX-17225,PROD-3833,2024-10-15,12,1764.13,18.98,28,Retrasado,Bogotá,App
TRX-17226,PROD-3656,2025-01-02,1,1859.59,13.22,5,Desconocido,Cali,Físico
TRX-17227,PROD-3914,2025-03-03,9,1508.95,27.96,17,Desconocido,Barranquilla,WhatsApp
TRX-17228,PROD-1671,2024-12-29,14,1579.67,74.97,3,Devuelto,Bucaramanga,App
TRX-17229,PROD-3942,2025-02-13,9,881.26,84.61,27,Entregado,Barranquilla,WhatsApp
TRX-17230,PROD-1506,2025-11-14,3,1025.8,86.86,6,Devuelto,Medellín,App
TRX-17231,PROD-1373,2025-01-04,5,1865.65,30.66,29,Perdido,Cali,WhatsApp
TRX-17232,PROD-1467,2025-10-09,12,762.73,67.79,3,En Camino,Medellín,WhatsApp
TRX-17233,PROD-3892,2025-12-21,13,93.47,26.88,27,Entregado,Bogotá,App
TRX-17234,PROD-2840,2025-11-13,8,1527.88,64.16,22,Retrasado,Ventas_Web,WhatsApp
TRX-17235,PROD-3597,2025-08-12,6,1150.58,89.29,6,Retrasado,Cali,App
TRX-17236,PROD-2486,2025-03-12,10,1631.6,52.345,21,Desconocido,Bucaramanga,App
TRX-17237,PROD-1349,2024-11-25,10,160.35,8.88,26,En Camino,Ventas_Web,App
TRX-17238,PROD-3145,2025-05-24,9,1246.25,98.6,13,Entregado,Ventas_Web,Online
TRX-17239,PROD-3897,2024-12-02,14,502.93,83.57,21,Entregado,Bucaramanga,App
TRX-17240,PROD-2573,2025-06-23,13,1807.5,77.36,25,Entregado,Ventas_Web,WhatsApp
TRX-17241,PROD-3977,2025-12-18,3,228.72,70.68,19,En Camino,Medellín,Online
TRX-17242,PROD-3095,2025-09-26,12,1687.71,78.18,15,En Camino,Bogotá,App
TRX-17243,PROD-3507,2025-01-25,7,186.22,99.49,27,Retrasado,Cali,WhatsApp
TRX-17244,PROD-1654,2025-10-10,13,59.94,78.17,26,Devuelto,Bogotá,WhatsApp
TRX-17245,PROD-2551,2025-08-05,6,477.77,38.4,7,Perdido,Cali,WhatsApp
TRX-17246,PROD-3254,2025-08-19,14,672.76,63.32,13,Retrasado,Bucaramanga,Online
TRX-17247,PROD-2558,2025-01-07,5,1256.79,37.01,20,Desconocido,Bogotá,Físico
TRX-17248,PROD-1179,2025-02-17,4,272.13,52.345,2,Desconocido,Cali,Físico
TRX-17249,PROD-1699,2025-10-22,5,880.29,97.16,26,Desconocido,Medellín,Online
TRX-17250,PROD-2372,2025-12-29,13,416.48,90.51,19,Entregado,Bucaramanga,App
TRX-17251,PROD-3316,2025-11-26,4,1712.05,58.92,19,Devuelto,Cali,Físico
TRX-17252,PROD-3701,2025-04-02,3,99.48,79.22,3,Perdido,Ventas_Web,Físico
TRX-17253,PROD-1614,2025-08-25,7,718.32,91.42,3,Entregado,Cali,WhatsApp
TRX-17254,PROD-1664,2025-05-06,6,1266.43,28.14,26,En Camino,Medellín,WhatsApp
TRX-17255,PROD-1592,2025-05-22,4,1827.05,60.05,6,Devuelto,Medellín,App
TRX-17256,PROD-1732,2026-01-31,9,1737.31,50.76,13,En Camino,Ventas_Web,Físico
TRX-17257,PROD-3916,2025-12-26,1,1791.43,78.3,14,Perdido,Ventas_Web,WhatsApp
TRX-17258,PROD-1210,2025-09-19,1,135.08,41.01,6,Desconocido,Cali,Online
TRX-17259,PROD-2718,2025-07-03,9,1683.44,72.35,27,Perdido,Bogotá,App
TRX-17260,PROD-2261,2025-11-28,7,1562.03,52.345,9,Entregado,Bogotá,WhatsApp
TRX-17261,PROD-2267,2025-03-04,2,1805.84,43.28,24,En Camino,Bucaramanga,WhatsApp
TRX-17262,PROD-3990,2024-09-30,11,630.04,15.55,10,Retrasado,Cali,WhatsApp
TRX-17263,PROD-2827,2025-09-04,10,1824.41,15.18,16,Desconocido,Medellín,Online
TRX-17264,PROD-2182,2025-11-02,5,811.26,16.31,23,Retrasado,Bucaramanga,Online
TRX-17265,PROD-3565,2025-10-04,13,1271.86,8.09,15,En Camino,Medellín,WhatsApp
TRX-17266,PROD-1740,2025-02-21,4,854.12,55.63,12,Perdido,Ventas_Web,App
TRX-17267,PROD-1481,2025-08-10,1,861.02,68.83,28,Desconocido,Bucaramanga,WhatsApp
TRX-17268,PROD-1538,2024-12-26,12,1097.81,17.04,13,Devuelto,Cali,Físico
TRX-17269,PROD-1830,2025-04-24,13,718.29,63.13,18,Desconocido,Medellín,WhatsApp
TRX-17270,PROD-1014,2024-11-25,9,1587.55,61.79,26,En Camino,Ventas_Web,Online
TRX-17271,PROD-3550,2024-11-26,6,1270.94,18.97,2,Entregado,Medellín,Físico
TRX-17272,PROD-2036,2025-10-08,11,1382.61,52.345,14,Retrasado,Bogotá,Online
TRX-17273,PROD-1050,2025-06-19,13,469.76,43.39,17,Desconocido,Barranquilla,App
TRX-17274,PROD-2878,2024-10-17,14,1939.45,76.74,23,Entregado,Medellín,App
TRX-17275,PROD-3038,2026-01-19,12,1323.75,6.59,23,Devuelto,Barranquilla,WhatsApp
TRX-17276,PROD-3042,2024-12-31,6,402.42,18.96,1,Retrasado,Bucaramanga,App
TRX-17277,PROD-3226,2025-01-05,4,1503.48,99.6,22,Retrasado,Bogotá,Físico
TRX-17278,PROD-1023,2025-01-31,13,355.69,74.69,11,Retrasado,Bogotá,Online
TRX-17279,PROD-3490,2025-10-16,2,136.14,49.09,14,Desconocido,Bogotá,WhatsApp
TRX-17280,PROD-3021,2025-08-09,8,1059.83,64.83,12,Entregado,Medellín,App
TRX-17281,PROD-1974,2025-12-04,8,1111.51,85.39,23,Perdido,Medellín,Online
TRX-17282,PROD-1888,2024-10-11,3,386.04,85.02,14,Entregado,Medellín,Online
TRX-17283,PROD-3411,2025-05-05,7,703.27,35.85,17,Perdido,Cali,App
TRX-17284,PROD-3701,2025-01-06,14,1892.08,52.345,12,Desconocido,Bucaramanga,WhatsApp
TRX-17285,PROD-2948,2024-11-15,7,577.16,51.67,6,En Camino,Cali,Online
TRX-17286,PROD-2858,2026-01-13,14,319.58,65.62,26,Retrasado,Barranquilla,WhatsApp
TRX-17287,PROD-2679,2025-12-26,5,1985.2,11.83,9,Entregado,Barranquilla,Online
TRX-17288,PROD-2809,2025-10-21,5,611.59,94.85,12,Devuelto,Medellín,WhatsApp
TRX-17289,PROD-1325,2025-05-06,8,1363.7,46.11,17,Devuelto,Medellín,WhatsApp
TRX-17290,PROD-3462,2025-10-27,4,470.8,40.23,16,Perdido,Bucaramanga,App
TRX-17291,PROD-3458,2025-09-17,1,1104.74,91.17,2,Perdido,Barranquilla,Online
TRX-17292,PROD-1026,2025-11-26,1,778.7,16.24,18,Retrasado,Bucaramanga,App
TRX-17293,PROD-2002,2025-11-09,9,1923.54,8.73,16,Perdido,Barranquilla,Físico
TRX-17294,PROD-3241,2024-10-07,4,871.28,70.08,10,Devuelto,Bogotá,WhatsApp
TRX-17295,PROD-2139,2024-11-09,1,1172.51,41.58,19,Entregado,Bucaramanga,Online
TRX-17296,PROD-3538,2025-02-08,13,1890.08,52.345,4,Entregado,Bogotá,App
TRX-17297,PROD-3574,2026-01-27,2,1978.58,77.63,7,Perdido,Cali,Físico
TRX-17298,PROD-3283,2024-10-26,10,212.3,11.51,16,Perdido,Bogotá,WhatsApp
TRX-17299,PROD-1850,2025-11-16,7,1670.3,41.46,19,Desconocido,Ventas_Web,Online
TRX-17301,PROD-1757,2025-09-12,2,1193.71,75.26,5,En Camino,Barranquilla,Online
TRX-17302,PROD-1607,2025-12-23,1,756.35,26.58,5,Entregado,Bogotá,WhatsApp
TRX-17303,PROD-1225,2025-04-20,10,808.22,48.5,23,Perdido,Cali,Físico
TRX-17304,PROD-3675,2024-10-11,14,326.13,82.79,23,Desconocido,Ventas_Web,WhatsApp
TRX-17305,PROD-2429,2026-01-22,9,1149.81,91.96,7,Desconocido,Ventas_Web,Online
TRX-17306,PROD-1150,2025-04-06,14,1097.96,73.65,25,Desconocido,Bucaramanga,WhatsApp
TRX-17307,PROD-1595,2025-08-14,5,386.82,45.78,17,Desconocido,Bogotá,App
TRX-17308,PROD-1132,2025-01-15,14,1088.04,52.345,1,Retrasado,Bogotá,Online
TRX-17309,PROD-3732,2025-11-13,13,1946.47,59.34,3,Perdido,Cali,Online
TRX-17310,PROD-3367,2025-09-09,4,1431.67,70.52,16,Perdido,Bogotá,Online
TRX-17311,PROD-3471,2025-12-30,4,967.16,88.12,22,Desconocido,Ventas_Web,Físico
TRX-17312,PROD-2222,2024-12-06,14,1833.01,89.41,2,Entregado,Bogotá,Físico
TRX-17313,PROD-2356,2025-02-19,11,1154.88,93.44,25,Perdido,Cali,Online
TRX-17314,PROD-1359,2024-10-28,13,278.75,82.02,1,Retrasado,Medellín,Físico
TRX-17315,PROD-1200,2025-05-22,1,1099.54,18.95,21,Retrasado,Ventas_Web,Físico
TRX-17316,PROD-1446,2025-02-20,3,370.14,76.03,7,Desconocido,Barranquilla,App
TRX-17317,PROD-2707,2024-11-24,13,1537.33,82.39,10,Retrasado,Barranquilla,Físico
TRX-17318,PROD-1730,2025-02-23,1,1934.68,88.4,3,Devuelto,Barranquilla,Físico
TRX-17319,PROD-1660,2025-03-29,5,728.03,92.86,18,Retrasado,Bogotá,Físico
TRX-17320,PROD-3752,2025-05-03,5,875.49,52.345,29,Desconocido,Ventas_Web,Online
TRX-17321,PROD-2164,2024-12-24,9,848.78,53.37,3,Desconocido,Bogotá,Online
TRX-17322,PROD-3503,2024-09-27,13,577.75,67.23,28,Desconocido,Medellín,Físico
TRX-17323,PROD-3707,2025-12-04,8,1590.42,5.91,7,Entregado,Ventas_Web,App
TRX-17324,PROD-3832,2025-03-07,5,1239.28,59.41,15,En Camino,Medellín,Físico
TRX-17325,PROD-3866,2025-12-12,5,137.46,49.95,1,Perdido,Cali,App
TRX-17326,PROD-3436,2024-10-17,7,1679.22,96.42,24,Perdido,Ventas_Web,WhatsApp
TRX-17327,PROD-3344,2024-12-29,12,382.31,90.66,19,Perdido,Bogotá,App
TRX-17328,PROD-3302,2025-06-17,2,1958.51,80.77,5,Retrasado,Cali,Físico
TRX-17329,PROD-1726,2025-02-19,13,759.56,10.41,26,Retrasado,Ventas_Web,App
TRX-17330,PROD-2865,2025-10-20,7,1236.73,43.19,27,Retrasado,Bucaramanga,App
TRX-17331,PROD-3371,2025-06-01,1,164.87,71.12,21,En Camino,Bogotá,App
TRX-17332,PROD-2475,2024-12-15,14,695.88,52.345,22,En Camino,Bogotá,WhatsApp
TRX-17333,PROD-1146,2025-07-04,5,1606.68,7.82,7,En Camino,Medellín,Físico
TRX-17334,PROD-1381,2025-03-13,12,959.64,27.4,11,En Camino,Bucaramanga,App
TRX-17335,PROD-2225,2025-05-01,12,1810.16,89.31,1,En Camino,Bogotá,Físico
TRX-17336,PROD-2322,2025-01-09,6,1154.53,17.33,22,Perdido,Barranquilla,WhatsApp
TRX-17337,PROD-2509,2024-10-19,13,1857.86,9.88,2,Perdido,Cali,Online
TRX-17338,PROD-2552,2025-05-26,11,1965.39,60.16,14,En Camino,Ventas_Web,Físico
TRX-17339,PROD-1277,2024-11-16,14,913.25,94.91,10,Perdido,Medellín,Online
TRX-17340,PROD-2750,2025-12-31,10,1134.66,84.29,3,En Camino,Medellín,WhatsApp
TRX-17341,PROD-3254,2025-02-02,1,1671.49,97.6,14,En Camino,Barranquilla,WhatsApp
TRX-17342,PROD-1265,2024-11-13,9,450.85,76.58,5,En Camino,Medellín,Online
TRX-17343,PROD-2199,2026-01-28,9,1724.64,46.55,17,Perdido,Medellín,Físico
TRX-17344,PROD-2928,2025-06-02,1,1187.92,52.345,7,Devuelto,Ventas_Web,Online
TRX-17345,PROD-1551,2025-06-18,4,1453.75,94.93,1,Devuelto,Bogotá,WhatsApp
TRX-17346,PROD-1499,2025-07-17,8,168.91,45.53,24,Desconocido,Bucaramanga,WhatsApp
TRX-17347,PROD-3845,2025-10-26,2,1534.71,38.26,11,Desconocido,Bucaramanga,Físico
TRX-17348,PROD-2124,2024-12-10,13,628.47,47.58,28,Devuelto,Ventas_Web,Físico
TRX-17349,PROD-2348,2024-10-10,13,1612.41,82.33,6,Entregado,Ventas_Web,App
TRX-17350,PROD-3158,2025-07-25,11,1023.21,92.18,16,Devuelto,Medellín,Online
TRX-17351,PROD-2694,2025-06-07,13,556.48,38.98,27,Devuelto,Bogotá,Físico
TRX-17352,PROD-3148,2025-08-31,8,1905.99,48.91,14,Devuelto,Ventas_Web,Físico
TRX-17353,PROD-1859,2025-01-07,10,1532.47,90.34,17,Retrasado,Barranquilla,Online
TRX-17354,PROD-3850,2025-10-24,13,1971.52,9.47,15,En Camino,Medellín,WhatsApp
TRX-17355,PROD-1856,2026-01-26,12,735.3,79.47,14,Desconocido,Medellín,Online
TRX-17356,PROD-3506,2025-12-18,14,1301.95,52.345,7,Perdido,Cali,Online
TRX-17357,PROD-1238,2024-11-08,13,1227.06,48.15,10,Retrasado,Cali,WhatsApp
TRX-17358,PROD-1447,2025-05-26,9,1378.24,40.77,19,En Camino,Ventas_Web,Online
TRX-17359,PROD-3340,2024-12-20,9,86.25,47.46,7,Devuelto,Bogotá,Físico
TRX-17360,PROD-3988,2025-04-13,14,590.52,44.78,15,Devuelto,Cali,Online
TRX-17361,PROD-3576,2025-11-30,1,1819.58,76.88,27,Retrasado,Medellín,Físico
TRX-17362,PROD-3166,2025-05-20,9,853.4,93.16,24,Perdido,Bucaramanga,WhatsApp
TRX-17363,PROD-1359,2026-01-25,4,1921.68,51.69,26,Retrasado,Bucaramanga,Online
TRX-17364,PROD-2981,2025-06-17,12,434.87,84.11,14,Retrasado,Barranquilla,App
TRX-17365,PROD-3965,2024-10-05,12,1994.87,74.53,15,Desconocido,Bogotá,Online
TRX-17366,PROD-3820,2025-02-06,8,1398.19,36.41,19,En Camino,Medellín,Online
TRX-17367,PROD-3477,2025-08-03,13,1555.02,60.79,21,Entregado,Bogotá,Físico
TRX-17368,PROD-3895,2025-03-14,14,799.75,52.345,26,Desconocido,Bogotá,Físico
TRX-17369,PROD-2176,2025-05-10,9,1814.95,68.35,16,Perdido,Bogotá,App
TRX-17370,PROD-2749,2025-04-08,3,1095.47,7.23,2,Perdido,Cali,App
TRX-17371,PROD-3493,2026-01-26,6,1365.07,42.62,2,Retrasado,Medellín,WhatsApp
TRX-17372,PROD-2296,2025-05-23,3,198.67,99.3,1,Retrasado,Medellín,WhatsApp
TRX-17373,PROD-2063,2024-11-04,1,1267.04,65.54,16,Devuelto,Ventas_Web,Online
TRX-17374,PROD-3152,2025-08-18,10,1759.37,36.75,19,Retrasado,Medellín,Físico
TRX-17375,PROD-3355,2025-06-28,6,364.78,28.75,4,En Camino,Bucaramanga,Online
TRX-17376,PROD-3552,2024-12-10,5,1478.07,24.9,3,Devuelto,Bucaramanga,Físico
TRX-17377,PROD-2449,2025-11-25,3,60.55,43.16,11,Entregado,Bogotá,WhatsApp
TRX-17378,PROD-1531,2025-06-28,14,1853.14,23.36,24,En Camino,Medellín,Físico
TRX-17379,PROD-3516,2025-05-12,14,1966.01,17.84,17,Perdido,Ventas_Web,Físico
TRX-17380,PROD-3304,2025-01-01,4,714.82,52.345,5,Perdido,Medellín,WhatsApp
TRX-17381,PROD-3033,2025-03-03,2,223.08,39.59,23,En Camino,Barranquilla,WhatsApp
TRX-17382,PROD-3128,2025-02-13,12,1320.57,62.66,29,Desconocido,Medellín,Físico
TRX-17383,PROD-3986,2025-12-13,10,69.37,18.91,9,Retrasado,Barranquilla,App
TRX-17384,PROD-3588,2025-01-09,10,970.15,9.21,1,Retrasado,Cali,Físico
TRX-17385,PROD-3038,2025-12-01,13,550.84,8.29,25,Retrasado,Cali,WhatsApp
TRX-17386,PROD-3017,2025-05-13,14,951.94,30.4,27,Perdido,Bucaramanga,App
TRX-17387,PROD-1736,2025-01-11,4,46.37,23.06,9,En Camino,Bogotá,App
TRX-17388,PROD-3496,2025-11-12,4,112.71,56.23,4,Retrasado,Bogotá,Online
TRX-17389,PROD-1953,2025-11-18,3,41.79,48.29,16,Desconocido,Bogotá,WhatsApp
TRX-17390,PROD-3902,2025-05-12,6,1242.07,35.85,15,Devuelto,Bucaramanga,Online
TRX-17391,PROD-2189,2025-12-06,1,1124.58,84.19,10,Perdido,Ventas_Web,WhatsApp
TRX-17392,PROD-1792,2025-05-18,9,473.98,52.345,5,Desconocido,Bucaramanga,App
TRX-17393,PROD-1006,2025-04-07,11,1296.82,52.97,16,En Camino,Bogotá,App
TRX-17394,PROD-1484,2025-06-22,10,1769.57,13.7,6,Desconocido,Barranquilla,WhatsApp
TRX-17395,PROD-1098,2024-12-17,3,561.87,33.1,16,En Camino,Medellín,App
TRX-17396,PROD-2904,2025-07-14,3,1665.67,97.47,4,En Camino,Medellín,WhatsApp
TRX-17397,PROD-3561,2024-11-02,12,1328.39,97.81,22,En Camino,Cali,Físico
TRX-17398,PROD-1483,2024-11-09,3,77.3,29.19,21,Entregado,Barranquilla,WhatsApp
TRX-17399,PROD-1849,2026-01-01,7,756.55,20.89,15,Devuelto,Ventas_Web,WhatsApp
TRX-17401,PROD-2698,2024-12-08,8,1466.08,50.74,3,Entregado,Bogotá,App
TRX-17402,PROD-2695,2025-03-19,2,581.39,43.96,19,Desconocido,Cali,App
TRX-17403,PROD-1186,2026-01-25,1,1965.63,55.29,9,Retrasado,Cali,App
TRX-17404,PROD-2367,2025-06-06,5,1372.23,52.345,5,Desconocido,Bucaramanga,Online
TRX-17405,PROD-2432,2025-01-17,8,751.9,27.06,16,Entregado,Ventas_Web,Online
TRX-17406,PROD-3295,2025-11-30,14,203.08,15.92,27,Entregado,Bogotá,WhatsApp
TRX-17407,PROD-3611,2024-10-11,3,370.92,59.19,3,Perdido,Bucaramanga,WhatsApp
TRX-17408,PROD-1869,2026-01-17,6,980.34,93.6,8,En Camino,Cali,WhatsApp
TRX-17409,PROD-1046,2024-11-20,3,994.44,18.09,24,Entregado,Medellín,Físico
TRX-17410,PROD-3623,2025-04-06,6,1537.76,71.96,14,En Camino,Ventas_Web,Físico
TRX-17411,PROD-1824,2025-01-07,12,1455.09,46.6,29,Devuelto,Bogotá,Online
TRX-17412,PROD-3826,2025-12-17,4,410.53,32.93,3,Entregado,Bogotá,Físico
TRX-17413,PROD-2153,2025-11-21,14,1193.96,86.05,16,Perdido,Medellín,WhatsApp
TRX-17414,PROD-2042,2025-10-21,11,51.04,48.37,7,Perdido,Bogotá,Físico
TRX-17415,PROD-1277,2025-07-03,7,803.11,60.41,9,Retrasado,Bucaramanga,WhatsApp
TRX-17416,PROD-2260,2024-10-26,11,1530.57,52.345,3,Entregado,Medellín,App
TRX-17417,PROD-2229,2025-07-14,10,805.02,47.09,8,Devuelto,Bogotá,App
TRX-17418,PROD-3075,2026-01-30,1,1672.84,12.72,28,En Camino,Bogotá,Online
TRX-17419,PROD-3252,2025-05-31,1,1952.55,61.52,12,Desconocido,Medellín,WhatsApp
TRX-17420,PROD-2326,2025-01-26,5,1218.35,44.79,17,Desconocido,Bogotá,App
TRX-17421,PROD-1025,2025-08-27,9,298.56,13.24,28,Desconocido,Barranquilla,WhatsApp
TRX-17422,PROD-1466,2025-01-06,5,765.56,61.6,14,Desconocido,Medellín,Físico
TRX-17423,PROD-3809,2025-12-06,4,28.87,5.94,16,Entregado,Bogotá,App
TRX-17424,PROD-2365,2025-03-21,8,1209.42,24.81,19,Retrasado,Bucaramanga,Físico
TRX-17425,PROD-2398,2025-01-10,13,1644.92,79.2,28,Perdido,Bucaramanga,WhatsApp
TRX-17426,PROD-2622,2025-05-08,5,1263.58,8.6,4,Desconocido,Ventas_Web,Online
TRX-17427,PROD-3967,2025-01-21,1,1574.31,66.43,3,Entregado,Bogotá,App
TRX-17428,PROD-3330,2025-01-07,7,1601.81,52.345,13,Retrasado,Medellín,Online
TRX-17429,PROD-3523,2025-01-31,11,1703.52,95.22,9,Devuelto,Barranquilla,App
TRX-17430,PROD-1119,2024-10-15,4,540.66,21.26,13,Desconocido,Medellín,App
TRX-17431,PROD-1719,2025-02-14,10,1743.82,44.63,29,En Camino,Medellín,App
TRX-17432,PROD-1794,2025-08-15,5,1311.65,59.67,12,Devuelto,Cali,Online
TRX-17433,PROD-2353,2025-02-23,13,586.55,47.79,26,Devuelto,Ventas_Web,App
TRX-17434,PROD-2384,2025-01-07,6,1974.72,63.94,21,Desconocido,Medellín,Físico
TRX-17435,PROD-3754,2025-02-15,13,1900.86,43.39,15,En Camino,Bogotá,WhatsApp
TRX-17436,PROD-2962,2025-06-01,7,1153.14,19.11,3,Entregado,Ventas_Web,App
TRX-17437,PROD-2943,2026-01-29,11,1687.98,13.46,3,En Camino,Cali,App
TRX-17438,PROD-1145,2025-07-21,2,530.37,75.72,27,Retrasado,Cali,Físico
TRX-17439,PROD-3644,2024-12-01,14,837.91,27.67,2,Devuelto,Bogotá,Online
TRX-17440,PROD-1556,2024-10-23,1,376.1,52.345,26,Desconocido,Medellín,Online
TRX-17441,PROD-2972,2024-12-24,12,1045.0,85.51,6,En Camino,Cali,Físico
TRX-17442,PROD-1636,2025-02-06,3,997.04,75.59,25,Perdido,Ventas_Web,App
TRX-17443,PROD-3569,2025-10-01,10,433.5,9.7,16,En Camino,Bucaramanga,Físico
TRX-17444,PROD-2886,2025-03-04,12,1348.88,24.12,23,En Camino,Medellín,Físico
TRX-17445,PROD-3199,2024-12-12,1,244.4,32.74,18,Retrasado,Cali,WhatsApp
TRX-17446,PROD-2372,2025-08-04,4,132.77,61.48,9,Desconocido,Cali,WhatsApp
TRX-17447,PROD-2894,2024-12-07,6,775.96,81.93,3,Devuelto,Bogotá,App
TRX-17448,PROD-2695,2024-11-24,5,825.55,10.73,23,Retrasado,Bogotá,Físico
TRX-17449,PROD-1229,2024-12-31,13,646.28,28.71,26,Retrasado,Bucaramanga,Online
TRX-17450,PROD-3134,2025-12-02,11,523.31,40.74,23,Perdido,Cali,Online
TRX-17451,PROD-2226,2024-11-09,4,684.16,22.42,16,Retrasado,Bogotá,WhatsApp
TRX-17452,PROD-3314,2025-12-11,7,335.12,52.345,4,Desconocido,Bucaramanga,Online
TRX-17453,PROD-3969,2025-11-04,13,812.87,56.8,14,Retrasado,Ventas_Web,Físico
TRX-17454,PROD-3777,2024-12-05,11,1810.16,50.41,4,Perdido,Cali,WhatsApp
TRX-17455,PROD-2292,2025-08-02,11,456.61,35.07,28,Entregado,Medellín,WhatsApp
TRX-17456,PROD-3274,2025-04-02,6,1372.06,54.1,18,Retrasado,Cali,App
TRX-17457,PROD-3194,2024-10-22,3,292.15,38.8,18,En Camino,Medellín,WhatsApp
TRX-17458,PROD-1076,2025-02-26,9,714.27,37.6,18,Retrasado,Bucaramanga,WhatsApp
TRX-17459,PROD-1853,2026-01-22,5,649.14,30.21,28,Devuelto,Medellín,Online
TRX-17460,PROD-3365,2025-06-15,13,1874.69,56.34,27,En Camino,Cali,WhatsApp
TRX-17461,PROD-3807,2025-06-05,10,861.68,47.19,21,En Camino,Ventas_Web,WhatsApp
TRX-17462,PROD-2358,2024-10-31,1,1384.03,23.65,3,Entregado,Medellín,App
TRX-17463,PROD-2448,2024-11-16,13,1208.9,6.23,26,Devuelto,Bucaramanga,App
TRX-17464,PROD-1271,2024-10-20,6,290.65,52.345,7,Devuelto,Medellín,WhatsApp
TRX-17465,PROD-1611,2025-10-29,5,1879.69,19.34,13,Devuelto,Cali,Online
TRX-17466,PROD-2148,2025-11-21,10,698.28,9.07,7,Retrasado,Bucaramanga,Físico
TRX-17467,PROD-1127,2025-01-18,8,99.07,46.0,22,Retrasado,Bogotá,Online
TRX-17468,PROD-2389,2025-09-27,4,607.88,26.38,13,En Camino,Medellín,Físico
TRX-17469,PROD-2536,2025-04-19,12,677.91,44.94,24,Entregado,Ventas_Web,App
TRX-17470,PROD-3566,2024-12-06,1,194.56,36.3,27,Retrasado,Bogotá,WhatsApp
TRX-17471,PROD-3188,2024-11-26,11,1243.76,56.11,4,Desconocido,Medellín,Online
TRX-17472,PROD-1679,2025-08-25,2,700.06,73.77,16,Desconocido,Cali,Online
TRX-17473,PROD-3338,2025-09-13,8,1261.98,50.53,25,Retrasado,Ventas_Web,Físico
TRX-17474,PROD-3480,2024-12-31,10,23.41,10.89,28,Entregado,Medellín,Físico
TRX-17475,PROD-2595,2024-11-07,8,1964.28,6.66,28,Devuelto,Bogotá,WhatsApp
TRX-17476,PROD-1767,2025-08-04,13,349.33,52.345,15,En Camino,Medellín,WhatsApp
TRX-17477,PROD-3437,2025-10-20,14,1322.07,25.26,13,Retrasado,Medellín,App
TRX-17478,PROD-1478,2025-11-25,5,1434.41,45.37,10,Entregado,Medellín,WhatsApp
TRX-17479,PROD-2262,2025-12-10,6,351.5,9.27,10,Entregado,Bogotá,Online
TRX-17480,PROD-3888,2025-02-25,2,232.31,36.13,5,Devuelto,Ventas_Web,Online
TRX-17481,PROD-2288,2025-05-20,11,313.63,89.27,4,Perdido,Medellín,Online
TRX-17482,PROD-3907,2025-09-10,12,501.17,13.55,19,Perdido,Cali,Físico
TRX-17483,PROD-1129,2025-06-08,9,344.78,95.11,15,Perdido,Bucaramanga,WhatsApp
TRX-17484,PROD-2112,2025-12-01,6,1351.26,86.38,9,Perdido,Bogotá,WhatsApp
TRX-17485,PROD-2695,2025-02-05,12,847.46,84.02,16,Retrasado,Barranquilla,Físico
TRX-17486,PROD-1355,2025-09-27,9,1080.21,87.05,28,Desconocido,Medellín,Online
TRX-17487,PROD-3035,2025-04-08,11,104.2,12.6,4,Desconocido,Bogotá,Físico
TRX-17488,PROD-1973,2025-03-28,10,1723.89,52.345,25,Entregado,Bucaramanga,App
TRX-17489,PROD-2522,2025-01-16,3,349.44,19.36,11,Desconocido,Bogotá,Online
TRX-17490,PROD-2851,2025-12-11,6,726.7,17.77,17,Desconocido,Bogotá,Online
TRX-17491,PROD-2239,2024-11-19,10,153.08,15.57,21,En Camino,Cali,App
TRX-17492,PROD-1885,2024-12-01,5,282.22,36.13,1,Desconocido,Medellín,Online
TRX-17493,PROD-3150,2024-12-24,9,1334.94,83.87,9,Desconocido,Medellín,Online
TRX-17494,PROD-2238,2025-05-09,13,1388.25,28.94,12,Desconocido,Medellín,WhatsApp
TRX-17495,PROD-1716,2025-10-23,10,1357.16,28.2,23,Retrasado,Ventas_Web,Online
TRX-17496,PROD-1459,2025-02-06,1,1108.75,69.21,12,Perdido,Medellín,Online
TRX-17497,PROD-2532,2025-01-05,9,1905.52,14.21,10,En Camino,Medellín,Físico
TRX-17498,PROD-1153,2025-07-24,5,1019.28,39.23,9,En Camino,Bogotá,App
TRX-17499,PROD-1827,2025-08-27,1,904.33,33.07,21,Desconocido,Ventas_Web,Online
TRX-17501,PROD-2817,2024-11-15,10,206.71,85.49,25,Perdido,Ventas_Web,Online
TRX-17502,PROD-3072,2025-01-12,8,1100.83,53.88,20,En Camino,Cali,Físico
TRX-17503,PROD-1102,2025-03-13,7,636.63,66.41,16,Retrasado,Bucaramanga,Físico
TRX-17504,PROD-2976,2025-11-12,14,1052.81,17.26,13,Devuelto,Cali,App
TRX-17505,PROD-3048,2025-11-15,6,420.18,93.25,3,Retrasado,Barranquilla,Físico
TRX-17506,PROD-1631,2025-12-28,2,1677.96,35.63,18,Retrasado,Bogotá,WhatsApp
TRX-17507,PROD-1779,2025-07-24,5,1999.4,72.15,4,Devuelto,Bogotá,Online
TRX-17508,PROD-2393,2025-12-04,3,651.58,95.69,19,Perdido,Bucaramanga,WhatsApp
TRX-17509,PROD-2980,2025-02-13,2,1686.23,53.32,25,Perdido,Barranquilla,WhatsApp
TRX-17510,PROD-4000,2024-12-16,14,1747.24,53.22,13,Devuelto,Cali,App
TRX-17511,PROD-3144,2024-10-04,10,1992.19,16.14,28,Desconocido,Cali,WhatsApp
TRX-17512,PROD-2271,2025-06-01,1,692.01,52.345,28,Retrasado,Bogotá,App
TRX-17513,PROD-2340,2025-04-26,9,1514.52,42.08,13,Entregado,Medellín,Online
TRX-17514,PROD-1586,2025-01-26,2,465.33,85.98,12,En Camino,Ventas_Web,Online
TRX-17515,PROD-1402,2024-12-29,13,1253.34,17.84,24,En Camino,Bogotá,App
TRX-17516,PROD-3114,2025-10-19,11,1412.64,92.16,28,En Camino,Barranquilla,Físico
TRX-17517,PROD-3771,2026-01-27,1,1484.83,68.39,1,Entregado,Medellín,App
TRX-17518,PROD-1543,2025-11-01,14,422.27,44.99,2,Retrasado,Barranquilla,App
TRX-17519,PROD-1840,2025-07-23,7,1698.96,56.92,3,Perdido,Barranquilla,WhatsApp
TRX-17520,PROD-3967,2025-10-19,9,847.73,19.3,22,Desconocido,Bogotá,Online
TRX-17521,PROD-1149,2024-10-20,6,440.58,25.66,21,Devuelto,Bucaramanga,Online
TRX-17522,PROD-2881,2025-08-24,8,1089.64,32.21,27,En Camino,Ventas_Web,Online
TRX-17523,PROD-2587,2025-06-15,11,1728.08,41.56,21,Desconocido,Medellín,App
TRX-17524,PROD-3923,2024-11-13,7,1934.5,52.345,22,Entregado,Bucaramanga,App
TRX-17525,PROD-3139,2025-02-12,9,1498.93,91.97,13,Desconocido,Bogotá,Online
TRX-17526,PROD-1474,2025-02-01,7,21.19,39.92,12,Devuelto,Bogotá,App
TRX-17527,PROD-1016,2025-09-03,13,278.05,54.76,16,Retrasado,Medellín,Online
TRX-17528,PROD-2273,2025-04-17,6,161.79,20.39,14,Entregado,Bogotá,WhatsApp
TRX-17529,PROD-1180,2026-01-19,1,211.42,74.92,24,Desconocido,Cali,WhatsApp
TRX-17530,PROD-3814,2026-01-15,9,772.24,58.23,14,Entregado,Medellín,App
TRX-17531,PROD-3434,2024-11-23,10,683.6,46.79,17,Devuelto,Medellín,Físico
TRX-17532,PROD-1356,2025-09-20,5,236.23,94.98,5,Devuelto,Medellín,Online
TRX-17533,PROD-2365,2026-01-21,13,1765.65,89.61,6,En Camino,Bogotá,WhatsApp
TRX-17534,PROD-2912,2025-02-01,2,1234.7,67.65,27,Retrasado,Bogotá,Físico
TRX-17535,PROD-1188,2024-11-02,14,1594.96,92.57,10,Devuelto,Bogotá,WhatsApp
TRX-17536,PROD-1422,2025-04-11,12,749.38,52.345,27,En Camino,Bogotá,Online
TRX-17537,PROD-3132,2024-12-30,11,826.37,58.65,22,Desconocido,Medellín,Online
TRX-17538,PROD-3699,2025-07-30,8,642.07,83.56,9,En Camino,Cali,WhatsApp
TRX-17539,PROD-2279,2025-07-03,13,882.47,43.9,26,Devuelto,Cali,App
TRX-17540,PROD-1092,2025-09-14,4,1224.65,13.24,7,Entregado,Bogotá,Online
TRX-17541,PROD-3365,2024-11-08,14,991.04,99.44,4,Desconocido,Cali,Físico
TRX-17542,PROD-2278,2025-02-06,3,1677.45,20.73,23,Entregado,Bogotá,Físico
TRX-17543,PROD-3616,2025-01-30,13,1801.28,28.89,7,Entregado,Bucaramanga,App
TRX-17544,PROD-1859,2025-04-05,1,944.67,20.49,11,En Camino,Bogotá,WhatsApp
TRX-17545,PROD-2314,2025-01-17,5,487.1,37.06,27,Entregado,Cali,Online
TRX-17546,PROD-1821,2025-09-21,3,1890.93,32.48,6,Retrasado,Bucaramanga,Online
TRX-17547,PROD-1788,2025-11-28,4,1472.73,62.1,16,Entregado,Medellín,App
TRX-17548,PROD-2173,2024-11-30,9,1283.85,52.345,16,Desconocido,Bogotá,Online
TRX-17549,PROD-2133,2025-12-24,11,1493.37,99.66,24,Desconocido,Cali,Online
TRX-17550,PROD-3180,2024-10-20,14,161.2,9.99,24,Entregado,Medellín,Físico
TRX-17551,PROD-2307,2025-08-23,7,144.58,78.95,29,En Camino,Medellín,Físico
TRX-17552,PROD-2806,2024-10-06,11,314.71,17.16,13,Desconocido,Medellín,WhatsApp
TRX-17553,PROD-3748,2024-11-07,5,303.43,6.88,26,Perdido,Bogotá,Físico
TRX-17554,PROD-1481,2026-01-06,8,847.13,65.66,12,Retrasado,Barranquilla,WhatsApp
TRX-17555,PROD-2116,2025-10-24,6,323.23,87.96,29,En Camino,Medellín,Físico
TRX-17556,PROD-1611,2024-10-08,10,1710.51,21.75,22,Retrasado,Medellín,WhatsApp
TRX-17557,PROD-1645,2026-01-13,2,1160.41,37.45,27,Retrasado,Medellín,Online
TRX-17558,PROD-2120,2025-11-20,7,742.84,21.03,2,Entregado,Bogotá,Online
TRX-17559,PROD-1468,2025-12-22,1,148.55,91.12,21,Retrasado,Ventas_Web,Físico
TRX-17560,PROD-1062,2025-04-19,3,1186.15,52.345,13,Entregado,Medellín,Online
TRX-17561,PROD-3551,2025-02-27,12,241.9,30.68,1,Retrasado,Cali,WhatsApp
TRX-17562,PROD-3292,2025-08-25,1,1489.01,47.25,10,Desconocido,Bogotá,App
TRX-17563,PROD-3105,2025-05-07,14,1607.49,90.0,26,Perdido,Bogotá,App
TRX-17564,PROD-1419,2025-12-15,1,1092.51,57.52,28,Retrasado,Bogotá,Online
TRX-17565,PROD-1846,2025-05-21,5,307.71,93.62,29,Devuelto,Barranquilla,Online
TRX-17566,PROD-3222,2024-11-19,6,1575.86,93.01,10,Entregado,Ventas_Web,Físico
TRX-17567,PROD-2434,2026-01-07,12,622.58,48.85,28,Perdido,Barranquilla,Físico
TRX-17568,PROD-3250,2025-07-23,3,453.08,60.33,29,Entregado,Medellín,WhatsApp
TRX-17569,PROD-2304,2025-07-24,14,946.41,26.88,11,Perdido,Bucaramanga,WhatsApp
TRX-17570,PROD-2110,2025-09-02,3,1846.07,99.1,9,Entregado,Barranquilla,App
TRX-17571,PROD-1579,2025-01-30,3,601.77,31.44,4,Devuelto,Ventas_Web,WhatsApp
TRX-17572,PROD-3885,2025-04-27,1,1812.1,52.345,17,Desconocido,Barranquilla,Online
TRX-17573,PROD-2160,2024-10-06,5,116.77,79.41,19,Devuelto,Medellín,Online
TRX-17574,PROD-3351,2025-09-16,1,176.21,34.73,10,Perdido,Barranquilla,Físico
TRX-17575,PROD-2002,2025-10-04,10,1400.14,34.74,13,En Camino,Cali,Online
TRX-17576,PROD-1701,2025-05-23,10,389.28,14.87,2,Entregado,Bucaramanga,WhatsApp
TRX-17577,PROD-1291,2026-01-16,3,640.08,58.19,9,En Camino,Bogotá,WhatsApp
TRX-17578,PROD-2275,2025-02-14,13,281.38,28.26,7,Retrasado,Medellín,Físico
TRX-17579,PROD-3511,2025-10-06,6,671.17,19.1,26,Devuelto,Medellín,WhatsApp
TRX-17580,PROD-2387,2025-11-11,11,568.12,26.53,10,Entregado,Medellín,Físico
TRX-17581,PROD-3214,2025-10-21,6,1475.31,28.85,12,Devuelto,Bogotá,Online
TRX-17582,PROD-2817,2025-08-14,3,1407.03,52.89,22,Retrasado,Medellín,Físico
TRX-17583,PROD-1207,2025-01-03,9,1910.31,41.66,20,Desconocido,Medellín,WhatsApp
TRX-17584,PROD-1532,2025-04-27,8,1451.6,52.345,11,Perdido,Bogotá,WhatsApp
TRX-17585,PROD-1118,2025-09-15,11,1392.69,12.17,4,Entregado,Cali,App
TRX-17586,PROD-2928,2025-11-17,3,1391.47,55.92,12,Entregado,Medellín,Físico
TRX-17587,PROD-3766,2024-11-25,5,1767.11,79.84,12,Entregado,Ventas_Web,WhatsApp
TRX-17588,PROD-1206,2025-02-27,5,599.51,59.55,23,Perdido,Bucaramanga,App
TRX-17589,PROD-1433,2025-03-03,14,607.18,97.58,8,Devuelto,Bogotá,Online
TRX-17590,PROD-2571,2024-10-10,5,1485.02,14.42,20,Perdido,Bucaramanga,Online
TRX-17591,PROD-1220,2025-04-26,3,465.12,83.01,14,Desconocido,Bogotá,Online
TRX-17592,PROD-1352,2025-08-07,5,1824.92,53.04,7,Devuelto,Barranquilla,Online
TRX-17593,PROD-2746,2024-11-10,5,1074.22,54.55,3,Desconocido,Bucaramanga,Online
TRX-17594,PROD-2605,2024-11-17,4,607.25,54.31,28,Entregado,Ventas_Web,Físico
TRX-17595,PROD-1733,2025-09-04,4,1554.44,35.91,28,Perdido,Ventas_Web,Online
TRX-17596,PROD-3886,2024-11-19,2,631.52,52.345,25,Desconocido,Ventas_Web,WhatsApp
TRX-17597,PROD-3441,2025-02-24,9,1926.92,35.83,28,Retrasado,Medellín,WhatsApp
TRX-17598,PROD-3427,2024-11-16,7,1966.15,65.03,19,Perdido,Bogotá,Online
TRX-17599,PROD-3578,2026-01-22,1,1336.92,9.25,14,Devuelto,Cali,Online
TRX-17601,PROD-3864,2024-10-11,5,533.79,73.84,19,Devuelto,Bogotá,Físico
TRX-17602,PROD-2826,2026-01-22,2,1035.68,38.85,10,En Camino,Cali,WhatsApp
TRX-17603,PROD-3524,2025-02-20,10,1704.38,25.65,12,Entregado,Barranquilla,WhatsApp
TRX-17604,PROD-2456,2025-09-16,6,377.92,25.27,29,Retrasado,Medellín,WhatsApp
TRX-17605,PROD-2279,2025-09-25,7,217.76,12.77,18,Retrasado,Bogotá,WhatsApp
TRX-17606,PROD-2361,2025-01-08,12,158.21,13.52,19,En Camino,Medellín,Online
TRX-17607,PROD-1811,2024-11-08,2,1018.87,20.84,24,Devuelto,Bogotá,Online
TRX-17608,PROD-3920,2025-04-17,11,1770.55,52.345,18,Retrasado,Bogotá,Físico
TRX-17609,PROD-3747,2025-09-20,6,94.29,6.82,13,Devuelto,Bogotá,App
TRX-17610,PROD-3185,2025-12-16,13,432.52,30.29,17,Entregado,Barranquilla,Online
TRX-17611,PROD-1321,2026-01-18,3,1389.58,34.11,21,Perdido,Bucaramanga,WhatsApp
TRX-17612,PROD-2907,2025-12-01,9,1653.47,99.55,24,Entregado,Ventas_Web,App
TRX-17613,PROD-3325,2025-08-28,4,1616.73,99.21,6,Devuelto,Bucaramanga,WhatsApp
TRX-17614,PROD-1539,2025-11-08,3,1572.29,22.77,16,Desconocido,Barranquilla,Físico
TRX-17615,PROD-1380,2025-01-28,13,268.3,25.24,18,En Camino,Cali,Online
TRX-17616,PROD-3861,2025-03-26,11,800.5,51.73,28,Desconocido,Bogotá,Físico
TRX-17617,PROD-2918,2024-11-19,3,1969.64,19.13,9,Entregado,Barranquilla,WhatsApp
TRX-17618,PROD-1398,2025-02-12,2,1977.89,52.88,13,Retrasado,Barranquilla,Online
TRX-17619,PROD-2866,2025-10-27,12,1208.83,42.94,4,Entregado,Bogotá,Online
TRX-17620,PROD-2271,2024-12-28,9,1421.44,52.345,13,Entregado,Medellín,Online
TRX-17621,PROD-3803,2024-11-08,8,1903.05,35.84,3,Entregado,Ventas_Web,Online
TRX-17622,PROD-3639,2025-04-01,5,905.36,83.15,4,En Camino,Cali,Físico
TRX-17623,PROD-3909,2025-02-09,14,282.37,83.67,19,Devuelto,Cali,Online
TRX-17624,PROD-2906,2025-01-03,14,1341.21,98.85,24,En Camino,Bogotá,App
TRX-17625,PROD-2927,2025-05-11,13,1920.6,26.19,1,Retrasado,Ventas_Web,Online
TRX-17626,PROD-1949,2025-11-23,9,1397.44,89.39,1,Devuelto,Medellín,WhatsApp
TRX-17627,PROD-1916,2025-08-28,13,1608.61,56.1,9,Retrasado,Medellín,Físico
TRX-17628,PROD-1588,2025-11-09,2,851.27,61.19,23,Devuelto,Bucaramanga,App
TRX-17629,PROD-3526,2026-01-26,6,201.96,90.15,25,Devuelto,Bogotá,WhatsApp
TRX-17630,PROD-2056,2024-11-10,7,346.08,94.55,3,Desconocido,Ventas_Web,Online
TRX-17631,PROD-2488,2025-10-14,6,1965.48,74.05,3,Entregado,Cali,WhatsApp
TRX-17632,PROD-2605,2025-01-12,3,991.44,52.345,18,Entregado,Medellín,Físico
TRX-17633,PROD-1751,2025-12-19,10,33.92,38.05,2,En Camino,Medellín,Físico
TRX-17634,PROD-3865,2025-08-04,14,1911.18,51.52,11,Devuelto,Barranquilla,Online
TRX-17635,PROD-3724,2025-08-10,10,1000.58,63.43,9,Retrasado,Barranquilla,App
TRX-17636,PROD-2353,2024-12-18,10,1674.17,83.72,2,Entregado,Barranquilla,Físico
TRX-17637,PROD-2330,2025-10-09,9,1101.43,67.51,20,Desconocido,Bucaramanga,Físico
TRX-17638,PROD-2856,2026-01-09,14,212.39,39.72,27,Retrasado,Medellín,App
TRX-17639,PROD-2996,2025-07-01,12,1234.98,44.7,4,Desconocido,Bogotá,Online
TRX-17640,PROD-1123,2025-08-15,8,1994.83,9.79,9,Entregado,Cali,WhatsApp
TRX-17641,PROD-1267,2025-06-01,8,79.13,92.81,14,Devuelto,Medellín,Online
TRX-17642,PROD-2946,2024-12-05,8,1685.17,13.37,19,Retrasado,Cali,Online
TRX-17643,PROD-1462,2025-12-19,9,478.61,60.09,16,En Camino,Medellín,WhatsApp
TRX-17644,PROD-2439,2024-11-08,1,793.79,52.345,26,En Camino,Bucaramanga,WhatsApp
TRX-17645,PROD-2960,2024-12-07,8,751.69,87.81,14,En Camino,Bucaramanga,Online
TRX-17646,PROD-2889,2024-12-27,2,1798.61,44.98,15,Entregado,Medellín,App
TRX-17647,PROD-1699,2025-11-22,4,1013.93,81.01,18,Entregado,Ventas_Web,WhatsApp
TRX-17648,PROD-2156,2024-10-23,1,899.88,81.36,28,En Camino,Bogotá,Físico
TRX-17649,PROD-2427,2024-10-14,12,1637.87,10.69,15,Retrasado,Medellín,Online
TRX-17650,PROD-3475,2024-10-09,6,107.33,44.15,19,Entregado,Bogotá,Físico
TRX-17651,PROD-3353,2025-04-22,10,182.05,70.65,9,En Camino,Cali,Físico
TRX-17652,PROD-1521,2025-02-17,1,53.16,45.12,21,Entregado,Bogotá,WhatsApp
TRX-17653,PROD-3080,2025-05-15,12,1379.09,56.79,21,Perdido,Barranquilla,App
TRX-17654,PROD-1421,2025-10-19,5,1055.98,61.47,16,Retrasado,Bogotá,Físico
TRX-17655,PROD-2661,2026-01-30,9,1753.28,19.37,23,Devuelto,Bogotá,Online
TRX-17656,PROD-3925,2025-09-11,1,1002.08,52.345,17,Retrasado,Ventas_Web,WhatsApp
TRX-17657,PROD-1438,2025-07-24,9,451.42,44.14,10,Devuelto,Cali,Físico
TRX-17658,PROD-2334,2024-12-18,4,1612.24,7.7,5,En Camino,Bogotá,Online
TRX-17659,PROD-3277,2024-10-30,3,595.7,19.21,9,Entregado,Bogotá,Online
TRX-17660,PROD-3660,2024-11-14,8,1872.02,53.66,14,En Camino,Medellín,Online
TRX-17661,PROD-1290,2024-10-20,6,508.34,59.49,22,Desconocido,Medellín,Físico
TRX-17662,PROD-2237,2024-12-08,7,343.76,18.89,28,Devuelto,Bogotá,App
TRX-17663,PROD-3182,2025-11-09,9,991.71,76.78,24,Perdido,Medellín,Físico
TRX-17664,PROD-2888,2025-04-10,5,110.53,40.43,10,Devuelto,Bogotá,App
TRX-17665,PROD-2641,2025-10-22,13,82.46,92.46,24,Entregado,Bucaramanga,App
TRX-17666,PROD-3418,2025-11-27,2,997.07,41.83,1,Perdido,Bogotá,WhatsApp
TRX-17667,PROD-2693,2025-03-14,3,438.06,19.23,24,Entregado,Ventas_Web,WhatsApp
TRX-17668,PROD-1977,2025-06-23,3,28.61,52.345,22,Perdido,Barranquilla,App
TRX-17669,PROD-3543,2024-11-11,4,599.15,77.01,20,Entregado,Medellín,Físico
TRX-17670,PROD-1998,2025-09-02,10,959.96,58.94,3,Devuelto,Bogotá,App
TRX-17671,PROD-3244,2025-03-18,7,794.63,41.74,16,Devuelto,Medellín,App
TRX-17672,PROD-1651,2025-11-02,12,279.58,38.82,5,Devuelto,Medellín,App
TRX-17673,PROD-2975,2025-07-20,10,1163.55,19.32,13,Devuelto,Barranquilla,Online
TRX-17674,PROD-2572,2025-12-11,6,1423.56,37.38,5,Perdido,Barranquilla,App
TRX-17675,PROD-1270,2025-05-07,3,1354.32,7.79,23,Retrasado,Medellín,Online
TRX-17676,PROD-2395,2025-01-27,14,793.59,52.73,25,Retrasado,Cali,App
TRX-17677,PROD-1852,2025-09-06,7,283.82,90.19,11,En Camino,Barranquilla,Físico
TRX-17678,PROD-3842,2024-10-13,4,1003.98,80.56,17,Retrasado,Bucaramanga,WhatsApp
TRX-17679,PROD-3420,2025-04-09,10,1781.96,7.71,25,En Camino,Bucaramanga,WhatsApp
TRX-17680,PROD-2765,2025-03-30,11,942.76,52.345,3,Devuelto,Ventas_Web,Online
TRX-17681,PROD-2783,2025-08-20,11,399.41,88.72,22,Entregado,Bogotá,App
TRX-17682,PROD-3323,2025-11-16,8,195.18,47.97,6,Retrasado,Cali,Físico
TRX-17683,PROD-2401,2025-02-21,7,1888.41,23.13,16,Retrasado,Cali,Online
TRX-17684,PROD-3230,2025-03-01,7,1488.59,76.48,20,Devuelto,Medellín,Físico
TRX-17685,PROD-3843,2025-09-04,9,632.8,35.67,2,Devuelto,Ventas_Web,App
TRX-17686,PROD-1967,2026-01-15,8,597.75,29.07,5,Retrasado,Ventas_Web,WhatsApp
TRX-17687,PROD-1708,2025-12-09,12,1791.48,20.33,19,Devuelto,Bogotá,App
TRX-17688,PROD-3714,2024-12-27,1,363.36,51.23,20,Retrasado,Barranquilla,App
TRX-17689,PROD-3742,2025-09-09,7,1074.72,13.87,22,Entregado,Bogotá,App
TRX-17690,PROD-1319,2026-01-09,3,1429.87,79.63,11,Desconocido,Medellín,WhatsApp
TRX-17691,PROD-3915,2024-12-06,12,798.82,49.71,23,Entregado,Cali,WhatsApp
TRX-17692,PROD-3351,2025-09-23,4,89.41,52.345,18,En Camino,Cali,Online
TRX-17693,PROD-2993,2024-12-13,6,463.24,47.46,27,Retrasado,Bogotá,Online
TRX-17694,PROD-1468,2025-01-28,5,1804.6,5.18,3,Desconocido,Ventas_Web,Online
TRX-17695,PROD-3425,2025-09-16,8,1051.01,82.7,12,Entregado,Medellín,WhatsApp
TRX-17696,PROD-3441,2025-02-02,2,1632.73,51.82,23,Desconocido,Barranquilla,WhatsApp
TRX-17697,PROD-2896,2025-10-27,5,1115.81,46.79,13,Entregado,Medellín,App
TRX-17698,PROD-2332,2025-02-08,5,1887.77,77.33,21,Perdido,Medellín,App
TRX-17699,PROD-3273,2025-05-26,3,1819.18,10.98,20,Desconocido,Bucaramanga,Físico
TRX-17701,PROD-2823,2025-01-12,14,643.37,59.69,9,En Camino,Medellín,Online
TRX-17702,PROD-1721,2025-04-13,10,1207.32,48.75,9,Entregado,Bogotá,App
TRX-17703,PROD-2261,2025-03-11,13,1353.03,22.26,26,Devuelto,Barranquilla,App
TRX-17704,PROD-2662,2024-12-18,5,1001.73,52.345,7,Perdido,Medellín,Físico
TRX-17705,PROD-1285,2025-01-19,4,1646.34,33.43,1,Retrasado,Cali,Online
TRX-17706,PROD-3450,2024-12-29,11,374.82,33.52,1,En Camino,Ventas_Web,App
TRX-17707,PROD-1445,2025-05-20,5,675.48,99.24,19,Desconocido,Bucaramanga,Físico
TRX-17708,PROD-3807,2025-08-25,10,1375.89,35.99,3,Desconocido,Bogotá,Online
TRX-17709,PROD-3442,2025-02-07,9,500.9,24.49,7,Entregado,Bogotá,Online
TRX-17710,PROD-2552,2024-12-13,7,885.29,83.15,12,Retrasado,Medellín,Online
TRX-17711,PROD-2341,2025-05-16,1,1927.83,45.01,16,Entregado,Barranquilla,Físico
TRX-17712,PROD-3024,2025-02-05,3,1255.49,47.17,13,Perdido,Bogotá,App
TRX-17713,PROD-3641,2025-07-01,9,1898.62,57.14,18,Retrasado,Medellín,Físico
TRX-17714,PROD-3704,2024-09-25,4,1447.66,61.59,24,Devuelto,Bogotá,App
TRX-17715,PROD-1251,2024-11-20,4,1452.09,61.1,17,Desconocido,Bogotá,App
TRX-17716,PROD-1370,2025-01-16,10,1187.8,52.345,27,Devuelto,Bogotá,App
TRX-17717,PROD-1891,2026-01-07,6,293.0,8.28,29,Desconocido,Ventas_Web,WhatsApp
TRX-17718,PROD-1569,2025-01-31,3,1044.23,82.79,24,Retrasado,Medellín,WhatsApp
TRX-17719,PROD-3378,2025-11-18,3,512.81,23.51,9,Devuelto,Medellín,WhatsApp
TRX-17720,PROD-3605,2025-10-13,9,1997.36,32.77,14,En Camino,Bogotá,Online
TRX-17721,PROD-1000,2026-01-18,13,541.25,21.48,5,Desconocido,Bucaramanga,App
TRX-17722,PROD-1600,2025-10-28,5,469.06,77.87,11,Perdido,Ventas_Web,Online
TRX-17723,PROD-3706,2025-04-11,14,1251.53,60.45,20,En Camino,Ventas_Web,Físico
TRX-17724,PROD-1611,2025-07-11,7,1026.79,76.75,6,Retrasado,Bogotá,App
TRX-17725,PROD-2855,2025-08-30,5,52.49,67.07,6,En Camino,Ventas_Web,WhatsApp
TRX-17726,PROD-3176,2026-01-14,6,267.77,14.9,24,Desconocido,Medellín,Físico
TRX-17727,PROD-2193,2024-12-29,8,1623.98,33.64,8,Perdido,Cali,WhatsApp
TRX-17728,PROD-2597,2025-04-26,8,972.55,52.345,1,Perdido,Ventas_Web,Físico
TRX-17729,PROD-3521,2025-01-24,2,300.57,53.19,9,Desconocido,Bucaramanga,App
TRX-17730,PROD-3367,2024-12-04,11,935.83,33.97,10,Retrasado,Bogotá,App
TRX-17731,PROD-2831,2025-09-23,9,513.77,24.69,17,Desconocido,Ventas_Web,Online
TRX-17732,PROD-1801,2025-10-05,10,454.95,87.63,3,En Camino,Bogotá,WhatsApp
TRX-17733,PROD-1842,2026-01-26,12,1915.87,76.04,23,Desconocido,Bogotá,WhatsApp
TRX-17734,PROD-3791,2025-01-30,12,730.43,37.8,21,Perdido,Cali,App
TRX-17735,PROD-2296,2026-01-04,12,102.4,77.68,22,Retrasado,Medellín,Online
TRX-17736,PROD-2227,2025-11-14,14,1940.95,64.62,13,Desconocido,Ventas_Web,Online
TRX-17737,PROD-3335,2024-10-19,6,1591.73,5.36,8,Perdido,Cali,WhatsApp
TRX-17738,PROD-3783,2025-03-06,7,516.28,41.12,20,Desconocido,Bucaramanga,App
TRX-17739,PROD-2247,2025-12-21,3,823.69,32.6,14,Entregado,Ventas_Web,WhatsApp
TRX-17740,PROD-2780,2025-11-02,4,1725.96,52.345,20,Entregado,Bogotá,App
TRX-17741,PROD-3940,2024-11-29,6,721.25,25.7,8,Perdido,Medellín,WhatsApp
TRX-17742,PROD-2410,2024-10-06,7,1139.13,28.9,19,Retrasado,Medellín,App
TRX-17743,PROD-1365,2024-12-29,6,1074.37,94.52,13,Entregado,Medellín,Online
TRX-17744,PROD-3386,2025-06-28,5,808.58,51.2,6,Perdido,Ventas_Web,Online
TRX-17745,PROD-1033,2025-11-24,14,1282.61,85.53,4,Desconocido,Bogotá,WhatsApp
TRX-17746,PROD-3504,2026-01-25,12,951.85,25.35,6,Devuelto,Bucaramanga,Online
TRX-17747,PROD-3090,2026-01-08,2,52.25,21.57,20,Desconocido,Ventas_Web,WhatsApp
TRX-17748,PROD-2655,2025-12-15,12,1630.62,89.44,2,En Camino,Bogotá,Online
TRX-17749,PROD-1522,2025-09-28,7,235.18,52.09,10,Perdido,Ventas_Web,WhatsApp
TRX-17750,PROD-2204,2025-05-27,5,933.54,90.04,11,Entregado,Bogotá,Online
TRX-17751,PROD-1255,2025-01-12,12,1164.0,10.99,11,Perdido,Barranquilla,App
TRX-17752,PROD-2512,2025-04-17,9,1413.96,52.345,3,Desconocido,Bucaramanga,Online
TRX-17753,PROD-3248,2025-09-09,13,827.49,92.06,11,Retrasado,Barranquilla,App
TRX-17754,PROD-1217,2025-08-22,11,1473.74,44.47,8,Entregado,Ventas_Web,Online
TRX-17755,PROD-1003,2025-05-13,4,271.39,19.76,29,Retrasado,Bogotá,Online
TRX-17756,PROD-3880,2024-11-22,14,1310.36,69.92,17,Retrasado,Barranquilla,App
TRX-17757,PROD-3293,2024-12-16,10,1654.41,80.71,27,Desconocido,Barranquilla,Físico
TRX-17758,PROD-2471,2025-03-24,12,1779.99,9.5,26,Retrasado,Cali,WhatsApp
TRX-17759,PROD-1449,2025-05-19,2,1163.34,98.78,22,Perdido,Cali,Físico
TRX-17760,PROD-2155,2025-05-30,7,632.66,71.22,25,Entregado,Bogotá,Online
TRX-17761,PROD-1127,2024-12-02,7,335.08,35.53,1,Retrasado,Bogotá,WhatsApp
TRX-17762,PROD-1963,2025-05-08,1,697.66,19.37,16,Devuelto,Medellín,WhatsApp
TRX-17763,PROD-2768,2024-12-16,11,1084.55,42.29,29,En Camino,Medellín,WhatsApp
TRX-17764,PROD-3876,2025-07-25,14,400.7,52.345,20,Perdido,Barranquilla,WhatsApp
TRX-17765,PROD-3417,2026-01-23,13,1905.5,25.95,7,Devuelto,Bogotá,App
TRX-17766,PROD-2614,2025-10-23,5,1795.3,51.94,22,Entregado,Medellín,Físico
TRX-17767,PROD-3560,2025-12-29,3,75.58,79.28,22,En Camino,Medellín,Físico
TRX-17768,PROD-2303,2025-06-20,9,1128.3,67.71,25,Retrasado,Ventas_Web,App
TRX-17769,PROD-3915,2025-10-28,9,1580.72,46.41,8,Devuelto,Medellín,Físico
TRX-17770,PROD-2567,2025-07-09,7,498.33,16.3,13,Devuelto,Bucaramanga,Online
TRX-17771,PROD-2663,2025-05-16,12,1052.55,95.93,29,Retrasado,Medellín,WhatsApp
TRX-17772,PROD-2562,2025-07-10,9,817.92,30.69,5,Desconocido,Medellín,Online
TRX-17773,PROD-2782,2024-10-31,12,401.13,31.39,27,Desconocido,Barranquilla,Online
TRX-17774,PROD-3232,2026-01-21,2,1233.33,66.32,28,Retrasado,Ventas_Web,Físico
TRX-17775,PROD-1865,2025-04-16,11,1987.45,78.2,27,Devuelto,Medellín,App
TRX-17776,PROD-3713,2025-03-24,10,736.92,52.345,18,Entregado,Barranquilla,App
TRX-17777,PROD-1710,2025-03-28,8,1109.23,98.49,12,Perdido,Medellín,Online
TRX-17778,PROD-2945,2025-02-02,10,662.43,97.07,16,Entregado,Ventas_Web,WhatsApp
TRX-17779,PROD-1569,2024-10-22,10,1755.13,91.81,3,Entregado,Barranquilla,Online
TRX-17780,PROD-1770,2025-10-15,10,1730.56,46.35,12,Perdido,Medellín,WhatsApp
TRX-17781,PROD-3275,2025-06-04,13,365.76,20.83,26,Entregado,Barranquilla,WhatsApp
TRX-17782,PROD-2575,2025-02-12,1,1800.9,60.52,19,En Camino,Bogotá,Online
TRX-17783,PROD-2475,2025-01-03,3,311.5,6.64,20,Retrasado,Ventas_Web,Online
TRX-17784,PROD-2708,2025-11-15,8,199.93,23.64,18,Devuelto,Bogotá,Físico
TRX-17785,PROD-1631,2026-01-28,11,1309.34,5.24,8,Perdido,Barranquilla,WhatsApp
TRX-17786,PROD-2181,2024-12-05,8,777.95,22.15,24,Entregado,Bogotá,Online
TRX-17787,PROD-3744,2024-11-16,14,1066.17,50.1,13,Devuelto,Ventas_Web,Físico
TRX-17788,PROD-1514,2025-12-16,10,1308.62,52.345,28,Desconocido,Medellín,WhatsApp
TRX-17789,PROD-1550,2025-05-16,8,115.15,42.37,8,En Camino,Medellín,Online
TRX-17790,PROD-1047,2024-11-21,11,592.98,40.08,10,Entregado,Bogotá,WhatsApp
TRX-17791,PROD-1293,2024-10-16,12,927.2,83.94,14,Entregado,Bucaramanga,WhatsApp
TRX-17792,PROD-3655,2026-01-11,11,540.51,69.12,15,Entregado,Medellín,App
TRX-17793,PROD-1064,2024-10-14,7,107.45,93.96,21,En Camino,Ventas_Web,Físico
TRX-17794,PROD-1589,2025-11-24,2,182.49,47.31,15,Retrasado,Cali,App
TRX-17795,PROD-3954,2024-10-24,3,1605.48,30.86,26,Devuelto,Bogotá,App
TRX-17796,PROD-2993,2025-09-08,9,1823.66,16.66,6,Entregado,Medellín,App
TRX-17797,PROD-3694,2025-08-27,2,312.94,68.84,14,Desconocido,Ventas_Web,Online
TRX-17798,PROD-2788,2025-12-01,13,506.03,84.97,6,Entregado,Bogotá,App
TRX-17799,PROD-1556,2026-01-04,7,1307.98,22.46,23,En Camino,Bucaramanga,App
TRX-17801,PROD-1562,2024-12-01,1,606.18,88.48,1,Devuelto,Bucaramanga,App
TRX-17802,PROD-3630,2025-03-01,3,1711.88,55.0,10,Devuelto,Medellín,WhatsApp
TRX-17803,PROD-2703,2025-10-13,13,1016.99,18.69,19,Desconocido,Medellín,Físico
TRX-17804,PROD-2867,2024-12-19,14,1913.55,66.07,11,Entregado,Bogotá,WhatsApp
TRX-17805,PROD-3848,2025-09-22,1,281.15,54.41,3,Desconocido,Bogotá,Online
TRX-17806,PROD-3475,2024-11-20,6,1947.61,7.68,27,Desconocido,Cali,App
TRX-17807,PROD-2743,2025-06-01,4,887.55,42.93,23,Desconocido,Ventas_Web,Online
TRX-17808,PROD-3552,2025-04-29,1,1906.35,79.55,6,Entregado,Ventas_Web,Físico
TRX-17809,PROD-1736,2025-04-11,5,922.79,57.77,9,Entregado,Medellín,Online
TRX-17810,PROD-2861,2024-12-08,14,1064.86,31.79,25,Entregado,Cali,WhatsApp
TRX-17811,PROD-3086,2025-06-04,4,1611.5,93.22,9,Entregado,Medellín,App
TRX-17812,PROD-2737,2025-05-27,14,1448.03,52.345,29,Desconocido,Ventas_Web,WhatsApp
TRX-17813,PROD-3261,2025-06-19,11,1243.01,27.59,4,En Camino,Medellín,Online
TRX-17814,PROD-2843,2025-07-26,10,839.79,29.01,3,Retrasado,Bogotá,WhatsApp
TRX-17815,PROD-2575,2025-02-08,14,1586.95,38.69,20,Devuelto,Cali,Online
TRX-17816,PROD-2455,2024-12-09,11,1896.97,89.98,19,En Camino,Barranquilla,Online
TRX-17817,PROD-1924,2024-12-11,10,29.52,53.22,23,Perdido,Medellín,Online
TRX-17818,PROD-1761,2024-10-02,2,1179.81,69.81,11,Perdido,Barranquilla,Online
TRX-17819,PROD-2739,2026-01-03,13,1733.3,97.75,19,Perdido,Barranquilla,Físico
TRX-17820,PROD-3476,2025-08-24,7,1309.69,79.41,17,Devuelto,Ventas_Web,App
TRX-17821,PROD-1030,2025-01-24,12,1603.65,21.4,8,Entregado,Cali,WhatsApp
TRX-17822,PROD-3367,2025-03-27,8,1791.17,79.89,6,Perdido,Barranquilla,WhatsApp
TRX-17823,PROD-3040,2024-10-26,4,1504.39,76.09,5,Perdido,Medellín,WhatsApp
TRX-17824,PROD-3993,2025-01-21,9,1436.86,52.345,8,Retrasado,Barranquilla,Online
TRX-17825,PROD-1969,2024-12-11,3,1929.84,27.1,27,En Camino,Bogotá,Online
TRX-17826,PROD-3916,2025-04-16,13,1728.73,35.91,8,Desconocido,Medellín,App
TRX-17827,PROD-3055,2024-11-14,6,1632.6,72.46,3,Devuelto,Ventas_Web,App
TRX-17828,PROD-2102,2025-02-25,11,181.94,27.65,19,Devuelto,Bogotá,App
TRX-17829,PROD-2682,2025-06-23,14,485.67,24.78,16,Retrasado,Bogotá,WhatsApp
TRX-17830,PROD-3237,2025-11-06,14,1117.94,71.83,10,Perdido,Bogotá,App
TRX-17831,PROD-3360,2025-09-15,7,1422.02,88.66,23,Desconocido,Bogotá,Online
TRX-17832,PROD-2503,2025-02-04,7,613.4,12.13,3,Desconocido,Bogotá,App
TRX-17833,PROD-1137,2025-11-25,6,195.72,47.36,9,Retrasado,Bogotá,Físico
TRX-17834,PROD-1155,2024-12-29,9,629.09,62.68,8,Entregado,Medellín,Online
TRX-17835,PROD-3327,2026-01-30,1,1544.35,69.25,8,Perdido,Ventas_Web,Físico
TRX-17836,PROD-2979,2025-05-21,13,1756.03,52.345,25,Desconocido,Ventas_Web,App
TRX-17837,PROD-3887,2024-11-06,9,1826.68,99.64,8,Devuelto,Bogotá,Físico
TRX-17838,PROD-2509,2025-04-09,13,763.94,69.86,20,Desconocido,Bucaramanga,Online
TRX-17839,PROD-1463,2026-01-16,9,751.35,63.91,7,En Camino,Ventas_Web,WhatsApp
TRX-17840,PROD-3376,2025-07-10,4,819.35,99.02,14,Retrasado,Bucaramanga,Online
TRX-17841,PROD-2972,2025-12-02,13,757.86,10.76,22,Desconocido,Bogotá,Online
TRX-17842,PROD-3828,2025-01-14,12,1335.73,12.07,17,Desconocido,Medellín,Online
TRX-17843,PROD-1327,2026-01-22,12,723.06,58.26,12,Desconocido,Ventas_Web,Físico
TRX-17844,PROD-1581,2025-06-26,5,50.48,39.07,5,Retrasado,Barranquilla,Online
TRX-17845,PROD-3990,2025-05-21,3,883.66,14.19,2,Devuelto,Bogotá,Online
TRX-17846,PROD-3995,2025-02-25,7,456.06,34.11,25,Desconocido,Bogotá,Online
TRX-17847,PROD-3156,2025-09-09,2,67.33,69.06,15,Desconocido,Bucaramanga,App
TRX-17848,PROD-2144,2024-11-05,8,946.98,52.345,11,Perdido,Ventas_Web,Físico
TRX-17849,PROD-2904,2024-12-11,9,419.85,88.66,15,Perdido,Cali,App
TRX-17850,PROD-3117,2025-07-31,6,910.96,13.96,13,Perdido,Cali,Online
TRX-17851,PROD-1320,2025-02-07,9,562.72,56.31,19,Desconocido,Medellín,App
TRX-17852,PROD-3143,2025-02-20,6,1211.38,33.13,12,Desconocido,Bogotá,WhatsApp
TRX-17853,PROD-3498,2025-11-28,3,1981.85,68.4,15,Desconocido,Medellín,Online
TRX-17854,PROD-1362,2025-12-02,10,1098.99,57.2,12,En Camino,Cali,App
TRX-17855,PROD-2004,2025-05-22,3,1297.32,93.04,23,En Camino,Bogotá,Online
TRX-17856,PROD-2935,2025-02-12,2,1839.36,8.58,18,Perdido,Bogotá,WhatsApp
TRX-17857,PROD-3583,2025-07-30,5,754.26,49.65,23,En Camino,Bogotá,Online
TRX-17858,PROD-3718,2025-07-18,13,341.43,23.31,29,Retrasado,Barranquilla,Online
TRX-17859,PROD-3739,2024-11-11,14,572.77,55.99,4,Desconocido,Medellín,App
TRX-17860,PROD-1319,2025-06-11,4,811.56,52.345,11,Perdido,Bogotá,Online
TRX-17861,PROD-3801,2025-03-02,12,1293.59,86.09,22,En Camino,Ventas_Web,WhatsApp
TRX-17862,PROD-3595,2024-11-23,6,19.13,91.58,15,Desconocido,Bucaramanga,WhatsApp
TRX-17863,PROD-3208,2024-11-16,5,1708.23,42.83,25,Desconocido,Medellín,App
TRX-17864,PROD-3374,2025-11-19,6,161.43,82.12,24,Retrasado,Bogotá,Online
TRX-17865,PROD-2279,2025-10-23,4,1802.3,31.65,25,Retrasado,Medellín,Físico
TRX-17866,PROD-3511,2025-09-29,14,1899.37,5.6,5,En Camino,Medellín,Online
TRX-17867,PROD-1216,2026-01-19,13,1980.3,86.25,5,Perdido,Medellín,Físico
TRX-17868,PROD-2407,2024-10-23,3,1620.93,16.34,20,Perdido,Bogotá,Online
TRX-17869,PROD-3191,2025-08-18,1,292.29,6.67,25,En Camino,Bucaramanga,WhatsApp
TRX-17870,PROD-1044,2025-12-03,5,1415.27,38.61,10,En Camino,Ventas_Web,WhatsApp
TRX-17871,PROD-2920,2025-07-09,6,414.61,41.04,24,Entregado,Bogotá,Online
TRX-17872,PROD-2859,2025-03-10,5,1795.28,52.345,22,Retrasado,Medellín,Online
TRX-17873,PROD-3099,2025-06-15,5,640.05,12.34,10,Perdido,Ventas_Web,WhatsApp
TRX-17874,PROD-2921,2025-07-27,12,660.32,82.35,22,Devuelto,Medellín,Online
TRX-17875,PROD-3350,2025-12-25,6,1836.13,43.53,6,Retrasado,Ventas_Web,Online
TRX-17876,PROD-2357,2025-03-26,4,36.33,51.54,6,Desconocido,Bucaramanga,App
TRX-17877,PROD-2724,2025-08-22,14,395.99,30.14,23,Perdido,Medellín,App
TRX-17878,PROD-2445,2024-09-25,12,849.65,53.59,6,Desconocido,Ventas_Web,App
TRX-17879,PROD-2206,2025-12-07,4,1404.44,77.84,24,Entregado,Bogotá,Físico
TRX-17880,PROD-2184,2025-03-02,11,1298.66,91.09,7,Retrasado,Bogotá,WhatsApp
TRX-17881,PROD-1686,2025-10-18,13,1342.13,97.2,18,Retrasado,Barranquilla,Online
TRX-17882,PROD-1144,2025-06-09,8,1761.24,45.54,26,Desconocido,Bogotá,WhatsApp
TRX-17883,PROD-3846,2025-11-19,11,250.85,99.05,4,Perdido,Bogotá,Online
TRX-17884,PROD-3447,2024-11-09,8,1049.1,52.345,14,Devuelto,Medellín,Online
TRX-17885,PROD-2245,2025-06-03,12,1453.7,33.02,11,En Camino,Ventas_Web,WhatsApp
TRX-17886,PROD-3977,2024-12-05,3,1275.88,5.66,7,Devuelto,Bogotá,Físico
TRX-17887,PROD-3308,2025-08-23,7,902.15,77.92,18,Desconocido,Ventas_Web,Físico
TRX-17888,PROD-2066,2025-10-27,5,44.06,21.95,20,Entregado,Medellín,Físico
TRX-17889,PROD-1251,2025-03-07,5,130.3,9.98,2,Retrasado,Barranquilla,Físico
TRX-17890,PROD-3577,2025-06-09,12,246.69,92.78,2,Desconocido,Bucaramanga,App
TRX-17891,PROD-2938,2024-09-26,13,693.02,80.22,7,Desconocido,Bogotá,WhatsApp
TRX-17892,PROD-3368,2025-10-03,3,244.13,14.75,11,Perdido,Ventas_Web,Físico
TRX-17893,PROD-1692,2025-01-19,2,857.9,78.81,18,Retrasado,Medellín,Físico
TRX-17894,PROD-3346,2026-01-19,13,365.5,85.18,20,En Camino,Bogotá,Físico
TRX-17895,PROD-1211,2025-11-07,3,1560.54,91.0,7,Devuelto,Bogotá,Físico
TRX-17896,PROD-3688,2026-01-05,7,1744.26,52.345,22,Devuelto,Bogotá,App
TRX-17897,PROD-2195,2026-01-05,3,785.4,56.65,20,Entregado,Bogotá,Online
TRX-17898,PROD-3557,2025-06-22,11,1027.55,71.82,25,Perdido,Bogotá,Físico
TRX-17899,PROD-1111,2026-01-28,13,1907.46,77.41,5,En Camino,Bogotá,App
TRX-17901,PROD-2985,2025-09-09,2,1990.2,66.45,14,En Camino,Cali,App
TRX-17902,PROD-1337,2026-02-04,4,292.84,57.02,7,Perdido,Medellín,Online
TRX-17903,PROD-1519,2024-12-01,12,1725.83,50.52,10,Entregado,Medellín,WhatsApp
TRX-17904,PROD-3070,2025-03-23,5,999.43,99.63,28,Desconocido,Cali,Físico
TRX-17905,PROD-1314,2025-09-10,13,55.2,37.07,18,En Camino,Cali,Online
TRX-17906,PROD-2138,2025-06-13,7,1944.72,13.39,8,Entregado,Bogotá,App
TRX-17907,PROD-2032,2025-09-27,1,1930.45,77.68,23,Perdido,Bogotá,Online
TRX-17908,PROD-1542,2025-03-22,14,772.71,52.345,16,Perdido,Bogotá,WhatsApp
TRX-17909,PROD-3522,2026-01-19,8,1908.74,25.31,14,Perdido,Bogotá,App
TRX-17910,PROD-2150,2024-09-27,10,290.61,55.61,28,En Camino,Medellín,WhatsApp
TRX-17911,PROD-2127,2025-04-07,3,1363.42,14.1,9,Perdido,Medellín,WhatsApp
TRX-17912,PROD-2052,2024-11-08,14,391.94,63.83,6,En Camino,Bucaramanga,App
TRX-17913,PROD-1058,2025-12-24,11,500.83,94.68,7,Entregado,Medellín,Físico
TRX-17914,PROD-1456,2024-11-01,6,1560.88,73.66,26,Retrasado,Bogotá,WhatsApp
TRX-17915,PROD-3473,2025-01-22,4,760.94,25.38,9,Entregado,Barranquilla,App
TRX-17916,PROD-1715,2025-02-04,14,24.18,97.26,7,En Camino,Bucaramanga,Online
TRX-17917,PROD-3423,2025-02-09,5,834.33,34.17,9,Devuelto,Cali,Online
TRX-17918,PROD-1619,2025-09-07,10,463.86,46.48,24,Devuelto,Medellín,WhatsApp
TRX-17919,PROD-3699,2025-02-22,12,1369.83,52.32,21,Desconocido,Medellín,App
TRX-17920,PROD-2829,2024-10-20,6,396.95,52.345,7,Retrasado,Medellín,WhatsApp
TRX-17921,PROD-2514,2025-11-23,2,1686.08,99.12,12,Perdido,Barranquilla,Físico
TRX-17922,PROD-1718,2024-12-08,13,541.52,11.54,23,Entregado,Bogotá,Online
TRX-17923,PROD-2070,2025-03-16,3,792.13,71.19,17,Entregado,Bucaramanga,Físico
TRX-17924,PROD-3870,2024-11-10,8,603.09,39.38,20,En Camino,Ventas_Web,WhatsApp
TRX-17925,PROD-1967,2025-08-30,8,1291.41,12.44,21,Desconocido,Cali,Físico
TRX-17926,PROD-2986,2025-07-29,1,211.32,93.83,12,Retrasado,Barranquilla,Físico
TRX-17927,PROD-1740,2025-06-23,10,961.42,61.04,22,Perdido,Medellín,WhatsApp
TRX-17928,PROD-3160,2024-10-19,8,675.57,76.58,23,Retrasado,Barranquilla,WhatsApp
TRX-17929,PROD-1135,2025-08-16,11,1769.43,27.84,5,Devuelto,Bogotá,WhatsApp
TRX-17930,PROD-2404,2025-10-17,2,156.09,77.35,18,Desconocido,Bucaramanga,Físico
TRX-17931,PROD-1345,2025-12-25,10,1661.09,83.71,5,Retrasado,Cali,App
TRX-17932,PROD-1594,2025-05-01,10,343.68,52.345,5,Perdido,Bogotá,App
TRX-17933,PROD-3439,2025-01-22,13,186.27,45.93,7,Desconocido,Bucaramanga,App
TRX-17934,PROD-1631,2025-09-18,8,412.62,59.34,29,Perdido,Bogotá,Físico
TRX-17935,PROD-3031,2024-11-30,12,214.28,97.33,3,Entregado,Barranquilla,Online
TRX-17936,PROD-2691,2024-12-02,10,1046.76,85.44,1,Entregado,Cali,Online
TRX-17937,PROD-2569,2025-02-19,5,1976.55,47.26,28,Perdido,Medellín,WhatsApp
TRX-17938,PROD-1974,2025-03-28,1,78.31,68.13,6,Entregado,Barranquilla,App
TRX-17939,PROD-3706,2025-11-27,8,927.65,79.5,28,Entregado,Barranquilla,Online
TRX-17940,PROD-2802,2025-09-30,12,778.28,7.31,7,Entregado,Bogotá,App
TRX-17941,PROD-3973,2025-05-26,5,685.82,60.89,27,Perdido,Bucaramanga,Físico
TRX-17942,PROD-3611,2025-04-06,1,670.41,98.53,26,Entregado,Cali,WhatsApp
TRX-17943,PROD-1685,2024-10-24,4,1791.08,94.98,8,Devuelto,Cali,WhatsApp
TRX-17944,PROD-1863,2026-01-02,13,47.76,52.345,14,Desconocido,Barranquilla,WhatsApp
TRX-17945,PROD-3366,2025-01-09,1,1552.08,84.08,23,Perdido,Bogotá,WhatsApp
TRX-17946,PROD-2413,2025-09-10,13,513.34,15.09,15,Retrasado,Cali,WhatsApp
TRX-17947,PROD-1222,2024-09-23,9,772.76,99.43,7,Desconocido,Medellín,WhatsApp
TRX-17948,PROD-3630,2025-03-23,10,846.1,62.91,7,En Camino,Bogotá,WhatsApp
TRX-17949,PROD-2082,2025-03-15,2,616.42,26.18,1,Desconocido,Cali,App
TRX-17950,PROD-1475,2025-03-10,8,196.18,69.06,9,En Camino,Barranquilla,Online
TRX-17951,PROD-1215,2025-05-28,4,237.52,86.37,25,Devuelto,Medellín,App
TRX-17952,PROD-1686,2025-01-08,9,603.28,15.67,7,Perdido,Bogotá,App
TRX-17953,PROD-2900,2025-09-27,2,1645.4,92.06,25,Retrasado,Medellín,Online
TRX-17954,PROD-2633,2025-07-16,12,277.91,92.42,27,Perdido,Bucaramanga,App
TRX-17955,PROD-2950,2025-06-13,3,1487.85,6.28,20,Retrasado,Barranquilla,WhatsApp
TRX-17956,PROD-2234,2025-11-12,2,584.85,52.345,7,Retrasado,Cali,App
TRX-17957,PROD-2950,2024-10-22,10,1768.1,90.53,18,Perdido,Medellín,WhatsApp
TRX-17958,PROD-3181,2025-07-21,14,862.37,94.95,14,Desconocido,Medellín,Online
TRX-17959,PROD-1957,2026-01-11,5,351.73,8.58,22,Entregado,Barranquilla,App
TRX-17960,PROD-2555,2025-09-18,11,1971.83,32.95,15,En Camino,Bucaramanga,Físico
TRX-17961,PROD-3799,2025-12-02,1,361.5,40.45,18,Entregado,Bogotá,App
TRX-17962,PROD-3890,2025-09-09,12,1139.56,38.14,10,En Camino,Bogotá,Online
TRX-17963,PROD-2597,2026-01-08,3,1142.88,77.11,3,Entregado,Cali,Físico
TRX-17964,PROD-2943,2026-01-17,1,751.9,39.02,27,Perdido,Ventas_Web,WhatsApp
TRX-17965,PROD-2075,2025-08-05,10,1903.46,95.87,29,Perdido,Bogotá,Físico
TRX-17966,PROD-1594,2025-05-05,14,1689.31,99.52,11,Retrasado,Medellín,WhatsApp
TRX-17967,PROD-3172,2025-10-24,8,1661.34,35.1,1,Devuelto,Medellín,Online
TRX-17968,PROD-2780,2024-12-20,12,1948.56,52.345,23,Perdido,Medellín,WhatsApp
TRX-17969,PROD-1048,2025-05-14,4,919.65,53.34,28,En Camino,Barranquilla,Online
TRX-17970,PROD-2182,2025-03-09,3,203.4,57.98,2,Retrasado,Cali,App
TRX-17971,PROD-2838,2025-05-11,8,1533.26,60.04,16,En Camino,Medellín,Físico
TRX-17972,PROD-2564,2025-01-26,13,767.82,40.55,3,Entregado,Barranquilla,Físico
TRX-17973,PROD-3779,2024-11-22,9,388.79,20.77,28,Devuelto,Ventas_Web,Físico
TRX-17974,PROD-2293,2025-01-20,8,971.66,10.18,17,Perdido,Medellín,WhatsApp
TRX-17975,PROD-3171,2025-11-24,6,1852.18,15.1,3,Entregado,Barranquilla,Online
TRX-17976,PROD-3797,2026-02-01,14,351.0,90.62,11,Retrasado,Bogotá,App
TRX-17977,PROD-1168,2025-03-31,3,1698.91,31.64,4,En Camino,Cali,Online
TRX-17978,PROD-1398,2025-01-21,8,842.23,12.3,7,Desconocido,Medellín,Físico
TRX-17979,PROD-3176,2025-11-24,13,282.24,64.24,22,Devuelto,Medellín,WhatsApp
TRX-17980,PROD-3610,2024-11-09,5,1698.28,52.345,16,Perdido,Barranquilla,App
TRX-17981,PROD-2449,2025-04-12,5,1939.54,12.15,17,En Camino,Ventas_Web,App
TRX-17982,PROD-2768,2024-11-20,12,589.63,11.66,11,Perdido,Ventas_Web,WhatsApp
TRX-17983,PROD-3500,2025-03-26,9,614.04,64.05,4,Perdido,Medellín,Online
TRX-17984,PROD-3670,2025-05-03,1,787.19,61.18,25,En Camino,Bogotá,WhatsApp
TRX-17985,PROD-2116,2026-01-27,7,1630.12,8.94,3,Perdido,Bucaramanga,Físico
TRX-17986,PROD-2372,2024-10-03,8,30.73,48.75,22,Retrasado,Barranquilla,Físico
TRX-17987,PROD-2107,2025-06-30,11,455.67,46.4,27,Devuelto,Medellín,Físico
TRX-17988,PROD-2093,2025-03-30,10,1414.74,56.94,16,Entregado,Medellín,App
TRX-17989,PROD-1402,2025-07-21,3,817.22,75.1,2,Devuelto,Bogotá,Físico
TRX-17990,PROD-2045,2025-07-29,8,667.29,31.87,5,Entregado,Medellín,Online
TRX-17991,PROD-3680,2026-02-04,1,1745.84,46.11,25,Retrasado,Bogotá,App
TRX-17992,PROD-3392,2025-05-17,8,1835.49,52.345,28,Devuelto,Bogotá,Online
TRX-17993,PROD-2602,2024-10-26,7,1896.49,80.31,18,Retrasado,Barranquilla,App
TRX-17994,PROD-2888,2025-08-28,4,552.38,92.64,3,En Camino,Bogotá,Online
TRX-17995,PROD-3765,2025-02-04,11,1825.9,89.68,28,Entregado,Ventas_Web,Físico
TRX-17996,PROD-1990,2026-01-16,7,1476.56,50.37,2,En Camino,Barranquilla,App
TRX-17997,PROD-3752,2024-11-23,10,316.89,54.48,2,En Camino,Cali,Online
TRX-17998,PROD-3411,2025-08-01,14,1224.44,55.27,22,Devuelto,Ventas_Web,App
TRX-17999,PROD-1798,2025-05-07,11,62.41,87.53,22,Perdido,Barranquilla,App
TRX-18001,PROD-2382,2025-01-16,7,1469.8,34.6,21,Retrasado,Barranquilla,App
TRX-18002,PROD-3775,2025-08-20,13,1580.78,20.47,2,Devuelto,Medellín,WhatsApp
TRX-18003,PROD-3827,2025-02-02,10,353.32,41.0,16,En Camino,Cali,Online
TRX-18004,PROD-1736,2025-08-20,13,1260.22,52.345,1,Desconocido,Ventas_Web,WhatsApp
TRX-18005,PROD-2283,2026-01-12,12,365.92,32.4,29,Retrasado,Barranquilla,App
TRX-18006,PROD-3243,2025-11-15,1,1893.83,95.32,29,En Camino,Medellín,Online
TRX-18007,PROD-1043,2026-01-03,3,1353.27,30.26,19,Retrasado,Bogotá,WhatsApp
TRX-18008,PROD-3755,2025-07-12,7,199.7,22.21,19,Desconocido,Bogotá,WhatsApp
TRX-18009,PROD-1034,2025-12-10,11,382.19,90.45,9,Entregado,Barranquilla,Físico
TRX-18010,PROD-1278,2025-04-03,13,1330.29,13.22,20,Retrasado,Cali,WhatsApp
TRX-18011,PROD-1048,2025-10-27,5,958.57,29.73,9,Retrasado,Bogotá,App
TRX-18012,PROD-2684,2024-10-22,9,1475.23,46.72,29,En Camino,Bogotá,Online
TRX-18013,PROD-1400,2025-12-23,7,568.77,61.54,11,Perdido,Bogotá,App
TRX-18014,PROD-3151,2025-07-17,3,1319.26,36.13,1,En Camino,Medellín,WhatsApp
TRX-18015,PROD-1425,2024-11-22,1,362.15,52.14,19,Devuelto,Medellín,App
TRX-18016,PROD-3807,2025-12-24,5,1091.98,52.345,17,En Camino,Bogotá,WhatsApp
TRX-18017,PROD-2826,2025-12-27,14,1916.02,23.89,6,Desconocido,Medellín,Físico
TRX-18018,PROD-2439,2025-07-23,13,1260.16,59.56,1,Perdido,Medellín,App
TRX-18019,PROD-1898,2025-12-12,10,109.49,43.74,18,Devuelto,Bogotá,App
TRX-18020,PROD-3970,2025-08-28,13,1977.64,85.68,9,Desconocido,Bogotá,Físico
TRX-18021,PROD-2160,2025-09-06,5,322.16,44.49,27,Perdido,Bucaramanga,App
TRX-18022,PROD-2031,2025-12-14,7,1438.96,47.16,1,Devuelto,Medellín,WhatsApp
TRX-18023,PROD-1790,2025-12-07,14,1069.73,61.26,4,En Camino,Bucaramanga,Físico
TRX-18024,PROD-1139,2025-08-12,1,595.78,16.7,22,Perdido,Medellín,App
TRX-18025,PROD-1097,2025-07-21,10,362.85,19.9,18,Desconocido,Medellín,WhatsApp
TRX-18026,PROD-3537,2025-09-26,2,363.63,80.07,17,Desconocido,Ventas_Web,WhatsApp
TRX-18027,PROD-1376,2024-10-20,11,1718.22,30.97,20,Perdido,Bogotá,Online
TRX-18028,PROD-1232,2026-01-20,6,1747.1,52.345,19,Desconocido,Bogotá,Online
TRX-18029,PROD-3433,2024-12-08,8,935.64,70.05,23,Desconocido,Bucaramanga,Online
TRX-18030,PROD-3689,2025-01-21,4,216.21,14.26,23,Entregado,Cali,Físico
TRX-18031,PROD-1888,2024-09-25,3,1769.49,83.08,28,Entregado,Bogotá,WhatsApp
TRX-18032,PROD-3455,2024-10-29,3,979.16,98.88,14,Retrasado,Medellín,Físico
TRX-18033,PROD-3613,2025-11-28,3,883.14,40.5,26,Entregado,Medellín,Físico
TRX-18034,PROD-1498,2025-02-16,2,820.64,53.03,27,Perdido,Ventas_Web,Físico
TRX-18035,PROD-3900,2024-12-23,1,736.38,47.06,7,Retrasado,Medellín,Físico
TRX-18036,PROD-1491,2025-08-27,5,1056.75,89.95,9,En Camino,Barranquilla,Físico
TRX-18037,PROD-1353,2025-06-22,10,1213.04,5.94,25,Retrasado,Ventas_Web,App
TRX-18038,PROD-3476,2026-01-01,5,938.2,67.08,20,Desconocido,Bogotá,Online
TRX-18039,PROD-1532,2026-01-01,5,1794.33,66.97,9,Devuelto,Medellín,Físico
TRX-18040,PROD-2539,2025-10-04,4,642.15,52.345,15,Retrasado,Barranquilla,App
TRX-18041,PROD-3688,2024-12-18,3,1160.84,41.33,11,Entregado,Barranquilla,App
TRX-18042,PROD-3653,2024-11-01,12,606.91,25.84,7,En Camino,Ventas_Web,WhatsApp
TRX-18043,PROD-3318,2025-03-19,3,1509.17,27.77,6,Devuelto,Bucaramanga,Físico
TRX-18044,PROD-1756,2025-08-17,2,213.22,81.04,27,Retrasado,Bogotá,Online
TRX-18045,PROD-1454,2025-07-04,5,385.51,11.28,9,En Camino,Ventas_Web,WhatsApp
TRX-18046,PROD-3849,2025-12-01,4,1604.39,58.56,4,Entregado,Medellín,Físico
TRX-18047,PROD-1754,2024-11-03,6,374.56,34.15,17,En Camino,Medellín,WhatsApp
TRX-18048,PROD-2037,2025-07-04,2,1255.24,30.2,6,En Camino,Cali,Online
TRX-18049,PROD-2206,2024-11-27,2,1940.78,53.05,29,Devuelto,Medellín,Online
TRX-18050,PROD-2912,2025-01-24,8,1050.55,90.3,17,Perdido,Ventas_Web,Físico
TRX-18051,PROD-3705,2025-02-14,6,382.92,63.72,26,Entregado,Barranquilla,Online
TRX-18052,PROD-1310,2025-01-20,3,648.18,52.345,25,Devuelto,Bogotá,Online
TRX-18053,PROD-3616,2025-01-09,5,1648.68,79.92,14,Devuelto,Barranquilla,Online
TRX-18054,PROD-2857,2025-11-11,3,709.81,62.06,5,Devuelto,Medellín,Físico
TRX-18055,PROD-2132,2024-12-23,11,1449.79,71.28,18,Perdido,Barranquilla,WhatsApp
TRX-18056,PROD-2748,2026-01-26,2,1556.93,46.08,28,Perdido,Bucaramanga,WhatsApp
TRX-18057,PROD-3835,2025-09-25,3,1007.35,92.97,8,Retrasado,Ventas_Web,WhatsApp
TRX-18058,PROD-3734,2025-07-27,1,1568.59,52.68,10,Retrasado,Bogotá,WhatsApp
TRX-18059,PROD-2324,2025-11-19,14,640.64,57.42,11,Entregado,Bogotá,WhatsApp
TRX-18060,PROD-2054,2024-11-21,7,1037.16,54.87,22,Desconocido,Cali,WhatsApp
TRX-18061,PROD-1663,2025-09-07,6,1376.25,35.04,29,Entregado,Ventas_Web,WhatsApp
TRX-18062,PROD-1303,2025-05-07,5,344.47,26.97,3,Perdido,Ventas_Web,Online
TRX-18063,PROD-2135,2025-05-20,6,554.51,12.01,27,Perdido,Bucaramanga,WhatsApp
TRX-18064,PROD-1255,2025-12-01,8,1307.55,52.345,2,Perdido,Ventas_Web,Online
TRX-18065,PROD-2567,2025-04-22,3,1314.17,73.23,26,Devuelto,Cali,App
TRX-18066,PROD-2591,2025-10-27,3,991.67,32.48,27,Perdido,Barranquilla,Físico
TRX-18067,PROD-2362,2024-12-29,12,1593.21,41.97,14,Devuelto,Medellín,Online
TRX-18068,PROD-1246,2024-10-06,5,969.29,92.39,4,Devuelto,Bogotá,Físico
TRX-18069,PROD-2057,2025-04-28,5,1763.83,58.81,17,Entregado,Bogotá,Físico
TRX-18070,PROD-2084,2026-01-03,14,1474.45,14.22,17,En Camino,Bogotá,App
TRX-18071,PROD-1728,2025-03-11,11,636.24,80.96,21,Retrasado,Cali,WhatsApp
TRX-18072,PROD-2804,2025-07-26,1,796.56,29.33,26,Retrasado,Bogotá,App
TRX-18073,PROD-1284,2025-06-29,4,1338.7,57.51,9,Entregado,Cali,Online
TRX-18074,PROD-3014,2025-09-20,9,1789.96,53.45,28,Entregado,Bucaramanga,Online
TRX-18075,PROD-1821,2025-04-20,8,365.63,27.62,21,Perdido,Bogotá,Online
TRX-18076,PROD-3499,2025-06-05,3,1034.18,52.345,22,Perdido,Medellín,Físico
TRX-18077,PROD-2608,2025-03-12,5,246.38,16.0,26,Perdido,Barranquilla,WhatsApp
TRX-18078,PROD-1730,2024-12-04,5,566.12,25.07,9,Devuelto,Medellín,WhatsApp
TRX-18079,PROD-3643,2025-02-16,7,1375.1,14.25,3,Devuelto,Bucaramanga,WhatsApp
TRX-18080,PROD-3015,2025-08-28,8,164.69,31.18,28,Perdido,Bucaramanga,App
TRX-18081,PROD-1444,2025-08-05,9,1328.09,99.74,4,Devuelto,Barranquilla,App
TRX-18082,PROD-1589,2025-01-06,7,1802.61,43.2,2,Entregado,Ventas_Web,Online
TRX-18083,PROD-3214,2024-12-25,2,1939.05,87.07,14,Perdido,Medellín,WhatsApp
TRX-18084,PROD-2766,2024-11-24,8,441.1,57.17,20,Retrasado,Bucaramanga,WhatsApp
TRX-18085,PROD-1894,2025-02-23,8,1500.31,68.33,8,Retrasado,Cali,App
TRX-18086,PROD-3514,2025-06-04,11,1853.48,19.85,18,Desconocido,Cali,Físico
TRX-18087,PROD-3635,2025-09-08,13,191.82,31.11,4,Devuelto,Ventas_Web,WhatsApp
TRX-18088,PROD-1435,2024-10-27,14,833.91,52.345,8,Retrasado,Cali,Online
TRX-18089,PROD-2808,2025-08-11,2,1839.63,53.49,7,Perdido,Medellín,WhatsApp
TRX-18090,PROD-3930,2025-07-31,13,413.55,88.71,25,Retrasado,Medellín,App
TRX-18091,PROD-2060,2025-07-15,6,1868.18,9.07,15,Entregado,Bogotá,WhatsApp
TRX-18092,PROD-1423,2025-06-02,13,1059.11,53.16,15,Devuelto,Cali,Online
TRX-18093,PROD-1142,2025-02-26,10,208.79,9.85,2,Retrasado,Medellín,Físico
TRX-18094,PROD-1298,2025-02-03,1,905.26,48.4,4,Devuelto,Bogotá,Físico
TRX-18095,PROD-1288,2025-12-02,11,659.26,64.74,25,Entregado,Medellín,Online
TRX-18096,PROD-3340,2025-01-29,7,571.59,75.75,22,Retrasado,Barranquilla,Online
TRX-18097,PROD-3980,2025-12-02,10,1087.54,18.16,25,Desconocido,Barranquilla,WhatsApp
TRX-18098,PROD-2026,2025-06-29,2,972.35,20.82,9,Perdido,Medellín,WhatsApp
TRX-18099,PROD-2826,2025-09-15,5,969.11,49.66,23,En Camino,Barranquilla,App
TRX-18101,PROD-3038,2025-09-28,14,1606.61,99.81,24,Entregado,Medellín,Físico
TRX-18102,PROD-1609,2025-06-01,7,968.06,38.82,18,Desconocido,Cali,Online
TRX-18103,PROD-3674,2025-02-04,10,1643.6,45.62,26,Desconocido,Barranquilla,App
TRX-18104,PROD-3622,2025-08-19,11,1650.94,46.08,12,En Camino,Bogotá,WhatsApp
TRX-18105,PROD-1003,2024-10-03,9,641.1,12.67,14,Desconocido,Bucaramanga,Online
TRX-18106,PROD-1154,2025-07-11,14,18.65,78.55,7,Retrasado,Medellín,Online
TRX-18107,PROD-3722,2025-02-17,1,1823.38,29.04,6,Devuelto,Bogotá,Online
TRX-18108,PROD-2599,2025-08-07,9,1523.78,71.85,23,Entregado,Ventas_Web,Físico
TRX-18109,PROD-2091,2024-12-11,11,223.43,50.13,22,Retrasado,Bogotá,WhatsApp
TRX-18110,PROD-1620,2025-04-01,5,1406.44,63.12,27,Entregado,Bogotá,WhatsApp
TRX-18111,PROD-3867,2025-12-19,6,49.85,10.13,19,Perdido,Medellín,Online
TRX-18112,PROD-2350,2025-09-01,14,65.24,52.345,21,En Camino,Ventas_Web,Online
TRX-18113,PROD-2602,2024-10-22,8,1056.39,89.55,19,En Camino,Cali,App
TRX-18114,PROD-3353,2025-11-10,11,201.11,28.17,22,Perdido,Barranquilla,WhatsApp
TRX-18115,PROD-1015,2025-09-16,14,1929.03,68.66,15,En Camino,Cali,Online
TRX-18116,PROD-3111,2025-09-25,2,1788.72,80.81,19,En Camino,Medellín,App
TRX-18117,PROD-3898,2026-01-30,12,1303.13,56.3,12,Desconocido,Medellín,Online
TRX-18118,PROD-3009,2025-05-09,7,136.78,37.05,2,Perdido,Bogotá,Físico
TRX-18119,PROD-2958,2026-01-16,12,656.42,97.9,11,Devuelto,Bogotá,Online
TRX-18120,PROD-2786,2024-12-15,4,749.73,31.45,13,Desconocido,Medellín,Físico
TRX-18121,PROD-2654,2025-02-19,9,966.95,95.12,4,En Camino,Ventas_Web,WhatsApp
TRX-18122,PROD-3980,2025-09-18,6,346.12,19.84,25,Devuelto,Cali,Online
TRX-18123,PROD-1287,2025-03-30,7,1159.25,41.98,1,Entregado,Ventas_Web,WhatsApp
TRX-18124,PROD-3212,2024-10-13,11,877.18,52.345,24,Entregado,Barranquilla,WhatsApp
TRX-18125,PROD-1925,2024-10-29,6,1895.12,18.16,21,En Camino,Bogotá,WhatsApp
TRX-18126,PROD-1013,2025-05-26,11,1873.03,5.21,2,Entregado,Ventas_Web,Físico
TRX-18127,PROD-2574,2025-07-02,8,1135.29,29.72,14,Perdido,Medellín,WhatsApp
TRX-18128,PROD-3823,2025-01-02,6,1292.26,13.28,25,En Camino,Cali,WhatsApp
TRX-18129,PROD-2974,2025-11-15,7,284.21,98.7,18,Perdido,Medellín,Físico
TRX-18130,PROD-1496,2025-07-13,8,454.41,77.36,11,Devuelto,Bucaramanga,Online
TRX-18131,PROD-3323,2025-05-12,1,1802.42,5.35,11,Retrasado,Bogotá,WhatsApp
TRX-18132,PROD-3192,2025-08-04,10,1401.34,26.25,19,Retrasado,Bogotá,App
TRX-18133,PROD-2470,2025-08-14,12,386.97,68.66,17,Desconocido,Cali,Físico
TRX-18134,PROD-2365,2025-07-07,4,1144.72,42.86,17,En Camino,Medellín,Físico
TRX-18135,PROD-3792,2025-08-24,6,1870.17,84.03,2,Perdido,Bogotá,Online
TRX-18136,PROD-2240,2026-01-11,1,696.89,52.345,2,Retrasado,Ventas_Web,App
TRX-18137,PROD-2640,2025-12-30,4,379.78,52.96,13,En Camino,Cali,Físico
TRX-18138,PROD-1226,2025-11-07,6,1884.63,67.1,6,Desconocido,Bogotá,Online
TRX-18139,PROD-3589,2025-05-25,7,927.92,61.72,15,Retrasado,Barranquilla,WhatsApp
TRX-18140,PROD-3650,2025-10-14,13,840.31,65.63,11,Desconocido,Ventas_Web,WhatsApp
TRX-18141,PROD-1371,2025-03-18,6,542.46,26.86,24,Retrasado,Ventas_Web,Físico
TRX-18142,PROD-2496,2025-04-23,11,1784.25,40.46,28,Entregado,Barranquilla,Online
TRX-18143,PROD-3189,2025-09-15,4,1692.78,9.81,4,En Camino,Cali,WhatsApp
TRX-18144,PROD-2392,2025-01-02,12,811.95,60.83,19,Desconocido,Bogotá,WhatsApp
TRX-18145,PROD-1329,2025-07-05,13,70.92,48.63,29,Desconocido,Medellín,Online
TRX-18146,PROD-2882,2024-10-14,7,898.84,77.27,14,Retrasado,Ventas_Web,WhatsApp
TRX-18147,PROD-2187,2024-10-11,10,369.91,24.61,18,Desconocido,Cali,WhatsApp
TRX-18148,PROD-3653,2025-07-06,14,294.04,52.345,17,En Camino,Bogotá,App
TRX-18149,PROD-1831,2025-06-25,2,792.26,46.5,8,Entregado,Cali,Online
TRX-18150,PROD-1723,2026-01-30,6,207.16,22.17,13,En Camino,Cali,WhatsApp
TRX-18151,PROD-3271,2025-02-16,5,1915.35,63.33,23,Entregado,Cali,App
TRX-18152,PROD-1161,2025-10-13,2,104.6,85.56,29,Retrasado,Bogotá,WhatsApp
TRX-18153,PROD-2573,2024-11-01,9,808.73,77.72,15,Desconocido,Bucaramanga,Online
TRX-18154,PROD-3706,2025-03-08,13,333.78,94.7,11,Desconocido,Bucaramanga,Online
TRX-18155,PROD-1782,2024-12-22,7,1380.73,97.31,16,Retrasado,Medellín,WhatsApp
TRX-18156,PROD-2224,2024-12-03,14,166.83,78.34,18,Retrasado,Ventas_Web,Físico
TRX-18157,PROD-3850,2025-09-22,3,1098.14,32.25,12,Entregado,Ventas_Web,App
TRX-18158,PROD-2597,2025-12-04,7,1548.47,25.83,23,Devuelto,Bogotá,WhatsApp
TRX-18159,PROD-1437,2025-07-02,11,1900.62,47.52,12,Entregado,Bogotá,Físico
TRX-18160,PROD-3583,2025-08-23,11,1400.07,52.345,6,Entregado,Bogotá,App
TRX-18161,PROD-3821,2025-02-09,6,207.99,99.42,24,Desconocido,Bogotá,App
TRX-18162,PROD-2471,2025-05-19,7,186.16,44.2,6,Perdido,Barranquilla,Físico
TRX-18163,PROD-2992,2024-12-09,4,1465.88,23.91,4,Retrasado,Bogotá,App
TRX-18164,PROD-1347,2025-04-09,13,438.51,94.71,29,Retrasado,Bogotá,App
TRX-18165,PROD-3591,2024-10-09,13,900.01,41.66,24,Perdido,Bogotá,WhatsApp
TRX-18166,PROD-2793,2025-04-28,10,1953.48,70.64,1,Desconocido,Bogotá,Físico
TRX-18167,PROD-1776,2025-05-09,13,1641.61,79.87,26,Devuelto,Barranquilla,WhatsApp
TRX-18168,PROD-1573,2025-08-28,8,1694.72,85.1,17,En Camino,Bucaramanga,WhatsApp
TRX-18169,PROD-1146,2025-02-07,8,1722.93,83.02,4,Retrasado,Bucaramanga,App
TRX-18170,PROD-1790,2025-02-16,7,1242.9,84.44,17,Retrasado,Barranquilla,Físico
TRX-18171,PROD-1103,2025-04-20,13,1490.43,68.43,5,Entregado,Bogotá,Online
TRX-18172,PROD-3948,2025-02-27,7,724.33,52.345,27,Devuelto,Cali,Físico
TRX-18173,PROD-3428,2025-11-10,10,1996.91,43.36,25,Devuelto,Ventas_Web,App
TRX-18174,PROD-1976,2025-02-22,13,566.45,68.39,9,Desconocido,Bucaramanga,Online
TRX-18175,PROD-3003,2025-09-01,13,1184.11,84.49,25,Devuelto,Cali,WhatsApp
TRX-18176,PROD-2592,2025-08-18,8,571.3,38.31,6,Devuelto,Bogotá,Online
TRX-18177,PROD-1258,2025-10-10,1,233.02,33.17,12,Perdido,Medellín,Online
TRX-18178,PROD-3214,2025-12-16,6,1139.5,37.65,17,Entregado,Barranquilla,Físico
TRX-18179,PROD-3635,2025-09-15,2,713.16,57.37,26,Desconocido,Medellín,WhatsApp
TRX-18180,PROD-2260,2025-09-09,1,1170.61,9.98,21,Perdido,Bogotá,Físico
TRX-18181,PROD-3046,2025-03-04,12,1121.77,79.0,10,Perdido,Medellín,Online
TRX-18182,PROD-3187,2025-07-26,10,1089.09,18.19,2,En Camino,Barranquilla,App
TRX-18183,PROD-2840,2025-01-01,7,255.37,17.62,28,Entregado,Medellín,App
TRX-18184,PROD-1067,2025-08-15,6,885.96,52.345,1,Devuelto,Medellín,Online
TRX-18185,PROD-1151,2025-08-15,5,1625.89,23.78,13,Desconocido,Bogotá,App
TRX-18186,PROD-2389,2025-02-24,5,637.14,59.81,21,Entregado,Bogotá,App
TRX-18187,PROD-1229,2024-10-02,9,893.22,32.13,21,Devuelto,Bogotá,Físico
TRX-18188,PROD-2383,2025-09-10,9,992.72,39.97,1,En Camino,Bogotá,WhatsApp
TRX-18189,PROD-3953,2025-11-23,12,1726.84,93.51,13,Retrasado,Medellín,App
TRX-18190,PROD-1175,2025-03-24,12,1314.64,85.48,29,Perdido,Bucaramanga,WhatsApp
TRX-18191,PROD-2660,2025-12-21,6,209.4,85.96,23,En Camino,Barranquilla,WhatsApp
TRX-18192,PROD-1484,2025-02-03,13,1731.69,59.88,3,Perdido,Bucaramanga,Físico
TRX-18193,PROD-1867,2024-09-28,3,1665.81,87.31,11,Desconocido,Bogotá,Online
TRX-18194,PROD-3678,2025-08-21,7,1509.76,78.96,29,Devuelto,Bogotá,App
TRX-18195,PROD-3733,2025-11-28,4,937.46,95.56,22,Desconocido,Bucaramanga,App
TRX-18196,PROD-3142,2025-08-21,5,1517.52,52.345,16,Devuelto,Medellín,Físico
TRX-18197,PROD-2877,2025-06-07,7,962.7,11.11,18,En Camino,Ventas_Web,Físico
TRX-18198,PROD-3777,2025-04-21,12,1475.88,7.73,25,Retrasado,Barranquilla,Online
TRX-18199,PROD-3197,2024-11-12,7,1761.42,21.63,2,Retrasado,Bogotá,WhatsApp
TRX-18201,PROD-3373,2025-02-16,10,914.61,62.53,18,Devuelto,Cali,App
TRX-18202,PROD-1954,2026-02-02,8,1720.09,45.48,17,Devuelto,Bogotá,Físico
TRX-18203,PROD-1295,2025-10-04,1,211.9,53.71,1,Retrasado,Medellín,Físico
TRX-18204,PROD-1151,2025-01-28,5,212.62,83.81,28,Devuelto,Barranquilla,WhatsApp
TRX-18205,PROD-1579,2026-01-21,12,1101.05,93.27,4,Desconocido,Medellín,App
TRX-18206,PROD-3002,2025-06-07,9,1307.17,74.32,23,Devuelto,Bucaramanga,Físico
TRX-18207,PROD-3678,2024-11-12,7,314.46,77.19,20,En Camino,Ventas_Web,Físico
TRX-18208,PROD-1078,2025-02-23,11,949.64,52.345,21,Retrasado,Ventas_Web,Físico
TRX-18209,PROD-2930,2024-12-01,12,197.78,35.44,6,Retrasado,Medellín,Físico
TRX-18210,PROD-3532,2025-06-25,13,1208.18,49.37,21,Desconocido,Medellín,App
TRX-18211,PROD-1187,2025-06-28,2,1711.64,89.09,5,Desconocido,Bogotá,WhatsApp
TRX-18212,PROD-1994,2025-07-29,1,1477.9,79.66,20,Entregado,Cali,Online
TRX-18213,PROD-3872,2025-10-26,8,762.8,70.01,9,Desconocido,Medellín,Online
TRX-18214,PROD-3657,2025-02-03,9,1987.65,11.2,21,Retrasado,Bucaramanga,WhatsApp
TRX-18215,PROD-1534,2025-04-30,10,1329.24,8.75,25,Retrasado,Medellín,WhatsApp
TRX-18216,PROD-1058,2025-03-04,5,1632.34,17.39,4,Desconocido,Bogotá,App
TRX-18217,PROD-1705,2025-12-25,14,1342.7,60.23,25,Entregado,Barranquilla,Online
TRX-18218,PROD-3591,2025-02-05,11,1978.94,55.96,5,Devuelto,Ventas_Web,WhatsApp
TRX-18219,PROD-1204,2024-11-18,6,1644.51,94.56,8,Devuelto,Medellín,Físico
TRX-18220,PROD-2258,2025-11-30,2,1043.65,52.345,17,Perdido,Bogotá,App
TRX-18221,PROD-1398,2025-03-18,11,740.09,71.0,15,Devuelto,Medellín,WhatsApp
TRX-18222,PROD-2868,2025-01-15,5,1367.49,32.93,20,Retrasado,Medellín,Online
TRX-18223,PROD-3503,2026-02-03,12,1184.54,20.34,13,Perdido,Barranquilla,Físico
TRX-18224,PROD-1699,2026-01-07,4,1262.41,85.71,15,Perdido,Barranquilla,WhatsApp
TRX-18225,PROD-3420,2025-02-18,8,692.59,48.66,29,Desconocido,Medellín,Online
TRX-18226,PROD-1261,2025-05-21,8,863.17,67.08,4,Desconocido,Barranquilla,App
TRX-18227,PROD-1435,2025-01-23,14,1120.61,58.69,18,Devuelto,Bogotá,Online
TRX-18228,PROD-1467,2025-07-11,5,1680.17,15.21,19,Perdido,Barranquilla,Online
TRX-18229,PROD-3036,2025-08-15,11,1528.19,10.42,24,Entregado,Medellín,Online
TRX-18230,PROD-3437,2024-11-30,8,246.13,40.82,28,Perdido,Medellín,App
TRX-18231,PROD-3521,2025-08-02,6,498.65,39.35,8,En Camino,Medellín,WhatsApp
TRX-18232,PROD-1903,2024-11-24,10,63.05,52.345,14,Entregado,Barranquilla,WhatsApp
TRX-18233,PROD-1258,2025-05-01,6,25.84,69.01,1,Retrasado,Bogotá,Físico
TRX-18234,PROD-1830,2024-10-08,13,456.51,65.06,2,Devuelto,Medellín,WhatsApp
TRX-18235,PROD-2745,2025-10-17,13,1600.65,97.05,20,Devuelto,Barranquilla,App
TRX-18236,PROD-2381,2024-12-09,4,1810.45,86.52,27,Desconocido,Medellín,Online
TRX-18237,PROD-3778,2025-01-22,10,789.62,52.18,29,En Camino,Bogotá,App
TRX-18238,PROD-2646,2025-12-02,12,1130.77,52.5,22,Devuelto,Cali,Online
TRX-18239,PROD-2328,2025-06-07,11,1415.04,69.04,3,Retrasado,Cali,WhatsApp
TRX-18240,PROD-1494,2025-04-27,3,1906.34,15.84,16,Perdido,Medellín,Físico
TRX-18241,PROD-3802,2026-01-14,9,1826.74,99.99,23,Devuelto,Bucaramanga,Físico
TRX-18242,PROD-3359,2025-01-14,5,123.81,54.29,3,Retrasado,Ventas_Web,WhatsApp
TRX-18243,PROD-3235,2025-09-27,10,503.85,91.44,24,Desconocido,Barranquilla,Online
TRX-18244,PROD-1562,2025-12-27,10,107.8,52.345,6,Entregado,Medellín,WhatsApp
TRX-18245,PROD-2317,2025-10-07,4,1236.92,96.9,8,Retrasado,Bucaramanga,App
TRX-18246,PROD-1873,2025-02-15,6,1423.88,60.26,23,Desconocido,Bogotá,WhatsApp
TRX-18247,PROD-1186,2025-12-31,14,623.48,14.82,12,En Camino,Barranquilla,WhatsApp
TRX-18248,PROD-3429,2025-05-17,4,1709.17,59.47,5,Retrasado,Medellín,Online
TRX-18249,PROD-1710,2026-01-11,6,911.1,61.78,5,Devuelto,Medellín,WhatsApp
TRX-18250,PROD-2374,2025-12-26,10,1996.78,79.97,3,Perdido,Medellín,App
TRX-18251,PROD-1258,2025-11-15,8,10.8,9.58,4,Retrasado,Bucaramanga,WhatsApp
TRX-18252,PROD-1494,2024-12-17,8,227.88,49.3,24,En Camino,Bogotá,App
TRX-18253,PROD-2121,2025-03-08,12,610.57,92.66,5,Entregado,Medellín,WhatsApp
TRX-18254,PROD-1578,2025-01-29,6,60.76,99.17,29,En Camino,Bogotá,Online
TRX-18255,PROD-2700,2025-03-06,1,1566.86,23.18,25,Desconocido,Barranquilla,Físico
TRX-18256,PROD-1688,2025-06-26,13,115.02,52.345,3,Entregado,Cali,Físico
TRX-18257,PROD-3852,2025-06-06,1,1500.47,87.71,10,Retrasado,Medellín,App
TRX-18258,PROD-2515,2025-02-01,14,114.61,18.89,19,Perdido,Medellín,WhatsApp
TRX-18259,PROD-3266,2026-01-15,3,512.93,84.91,24,En Camino,Barranquilla,Online
TRX-18260,PROD-1675,2024-11-19,2,1684.14,31.34,8,Perdido,Medellín,WhatsApp
TRX-18261,PROD-2796,2025-06-06,1,1902.68,96.16,28,Desconocido,Bogotá,Online
TRX-18262,PROD-1997,2025-02-10,1,834.91,71.07,23,Retrasado,Cali,Online
TRX-18263,PROD-3383,2025-03-15,12,1940.18,42.92,6,Perdido,Medellín,WhatsApp
TRX-18264,PROD-1166,2025-03-16,12,1257.49,31.69,23,Perdido,Ventas_Web,WhatsApp
TRX-18265,PROD-1546,2025-04-19,12,837.51,27.35,7,En Camino,Barranquilla,Físico
TRX-18266,PROD-1409,2025-04-14,6,1607.57,69.68,6,Retrasado,Ventas_Web,WhatsApp
TRX-18267,PROD-3589,2024-09-29,7,597.7,90.1,13,Perdido,Bucaramanga,Físico
TRX-18268,PROD-3508,2024-11-12,8,538.93,52.345,13,Entregado,Bucaramanga,App
TRX-18269,PROD-2540,2025-06-08,3,1316.53,76.72,25,Devuelto,Bogotá,Físico
TRX-18270,PROD-1646,2025-03-19,1,787.07,84.31,21,Entregado,Bogotá,Físico
TRX-18271,PROD-1064,2025-11-06,5,280.48,79.23,5,Desconocido,Ventas_Web,Online
TRX-18272,PROD-2994,2024-10-23,8,143.26,98.02,6,Perdido,Medellín,Online
TRX-18273,PROD-1330,2025-09-13,12,1577.81,76.99,10,Retrasado,Bogotá,Físico
TRX-18274,PROD-1026,2025-08-06,11,1355.06,24.97,27,Entregado,Bogotá,App
TRX-18275,PROD-1029,2025-02-23,14,829.48,80.2,29,Retrasado,Medellín,Online
TRX-18276,PROD-1734,2025-12-17,11,1793.49,35.6,20,Desconocido,Bogotá,App
TRX-18277,PROD-1365,2025-09-21,4,827.6,99.6,26,Entregado,Cali,Físico
TRX-18278,PROD-3894,2024-11-16,2,1423.49,40.78,10,Retrasado,Bogotá,WhatsApp
TRX-18279,PROD-3669,2025-02-25,9,1819.14,32.82,25,Perdido,Cali,Físico
TRX-18280,PROD-3431,2024-11-05,12,1683.02,52.345,28,En Camino,Ventas_Web,WhatsApp
TRX-18281,PROD-2162,2024-12-12,13,1027.1,27.73,16,Entregado,Barranquilla,Online
TRX-18282,PROD-2704,2025-03-07,9,1364.47,67.56,18,Desconocido,Barranquilla,Online
TRX-18283,PROD-3840,2026-01-30,3,833.19,15.38,27,Retrasado,Medellín,Online
TRX-18284,PROD-2949,2024-10-22,7,1297.92,95.59,28,Entregado,Medellín,Online
TRX-18285,PROD-3835,2025-08-10,13,522.53,32.96,3,Retrasado,Barranquilla,Físico
TRX-18286,PROD-1519,2025-02-05,1,875.14,33.06,25,Retrasado,Bucaramanga,Físico
TRX-18287,PROD-1844,2024-10-06,8,427.0,9.38,1,En Camino,Cali,Online
TRX-18288,PROD-1586,2025-09-14,8,85.99,28.37,21,Retrasado,Medellín,App
TRX-18289,PROD-3620,2026-01-18,13,1181.19,44.8,3,Entregado,Bogotá,WhatsApp
TRX-18290,PROD-2109,2025-01-06,3,1730.21,40.11,19,Desconocido,Barranquilla,Online
TRX-18291,PROD-3142,2025-09-16,12,60.9,30.94,1,Perdido,Medellín,Online
TRX-18292,PROD-2844,2025-08-06,5,400.1,52.345,8,Desconocido,Bogotá,Online
TRX-18293,PROD-2687,2024-12-06,4,925.77,8.87,19,Devuelto,Medellín,App
TRX-18294,PROD-1979,2025-12-13,7,1335.13,33.56,4,Retrasado,Bucaramanga,Online
TRX-18295,PROD-1714,2024-12-10,11,350.75,78.94,16,Devuelto,Medellín,WhatsApp
TRX-18296,PROD-3500,2025-04-04,7,122.82,46.69,5,Perdido,Bogotá,WhatsApp
TRX-18297,PROD-3833,2026-01-20,11,1042.91,32.62,5,Desconocido,Barranquilla,Físico
TRX-18298,PROD-1154,2025-09-20,8,1639.23,33.96,28,Devuelto,Bucaramanga,App
TRX-18299,PROD-3442,2024-12-27,5,80.12,57.67,2,Retrasado,Bogotá,Físico
TRX-18301,PROD-3937,2025-06-05,13,1330.39,64.93,6,Desconocido,Medellín,App
TRX-18302,PROD-3047,2025-10-24,11,270.18,99.0,27,Desconocido,Bogotá,WhatsApp
TRX-18303,PROD-3506,2025-01-07,5,479.53,8.91,7,En Camino,Bogotá,Online
TRX-18304,PROD-1360,2024-10-09,8,1075.63,52.345,15,Desconocido,Bogotá,WhatsApp
TRX-18305,PROD-3568,2024-10-07,5,1906.93,21.03,10,Retrasado,Cali,Físico
TRX-18306,PROD-2233,2025-11-13,13,581.81,22.02,10,Retrasado,Bogotá,App
TRX-18307,PROD-2424,2026-02-03,14,980.18,47.47,19,En Camino,Bogotá,Físico
TRX-18308,PROD-2715,2025-06-21,13,805.86,8.93,24,En Camino,Bogotá,WhatsApp
TRX-18309,PROD-1018,2026-02-03,1,1795.82,50.36,16,Desconocido,Cali,App
TRX-18310,PROD-3284,2024-10-05,11,153.06,93.25,22,En Camino,Barranquilla,Online
TRX-18311,PROD-1965,2025-05-27,3,1136.63,6.1,23,En Camino,Bogotá,App
TRX-18312,PROD-1786,2025-04-24,2,1693.78,39.67,9,En Camino,Barranquilla,Físico
TRX-18313,PROD-1481,2025-02-20,12,1976.35,77.28,24,Retrasado,Cali,Físico
TRX-18314,PROD-3171,2025-07-11,10,1400.46,19.68,8,Devuelto,Barranquilla,Físico
TRX-18315,PROD-1391,2024-11-04,5,766.07,12.37,19,Entregado,Barranquilla,Físico
TRX-18316,PROD-3535,2025-11-30,13,829.53,52.345,1,Retrasado,Medellín,App
TRX-18317,PROD-2482,2025-01-14,8,709.85,64.92,28,Perdido,Bucaramanga,App
TRX-18318,PROD-3210,2025-08-18,9,1211.19,5.95,17,Desconocido,Cali,WhatsApp
TRX-18319,PROD-3078,2024-12-12,9,1481.42,81.17,26,Retrasado,Cali,WhatsApp
TRX-18320,PROD-1898,2025-09-07,1,1640.74,11.35,18,Desconocido,Medellín,App
TRX-18321,PROD-2901,2025-02-10,1,839.02,54.81,24,Retrasado,Medellín,WhatsApp
TRX-18322,PROD-3565,2024-10-22,1,1436.25,75.31,26,Devuelto,Bucaramanga,App
TRX-18323,PROD-3700,2025-12-07,1,1833.28,27.99,15,Desconocido,Bogotá,Online
TRX-18324,PROD-1852,2026-01-29,9,1842.44,14.84,6,En Camino,Bogotá,App
TRX-18325,PROD-2132,2024-10-22,1,1411.02,21.68,22,Desconocido,Barranquilla,WhatsApp
TRX-18326,PROD-1217,2025-12-21,7,1277.44,86.19,17,Perdido,Medellín,Online
TRX-18327,PROD-1793,2025-06-15,6,1067.74,72.05,18,Devuelto,Bucaramanga,WhatsApp
TRX-18328,PROD-1461,2024-12-30,9,374.56,52.345,21,Entregado,Barranquilla,App
TRX-18329,PROD-1611,2025-12-16,11,256.02,23.82,19,Perdido,Ventas_Web,WhatsApp
TRX-18330,PROD-3806,2024-12-25,9,976.56,73.03,2,Perdido,Bogotá,App
TRX-18331,PROD-2943,2025-04-21,4,327.29,72.32,25,Devuelto,Bucaramanga,WhatsApp
TRX-18332,PROD-3037,2025-07-14,9,1158.23,99.78,26,Perdido,Bogotá,WhatsApp
TRX-18333,PROD-1722,2024-10-29,14,1294.95,42.2,7,Retrasado,Barranquilla,App
TRX-18334,PROD-1654,2025-10-14,13,1055.98,87.16,17,Retrasado,Bucaramanga,Online
TRX-18335,PROD-3744,2024-12-20,14,82.49,47.41,15,En Camino,Bucaramanga,App
TRX-18336,PROD-1176,2025-11-14,6,124.88,90.29,16,Devuelto,Medellín,App
TRX-18337,PROD-1221,2025-06-04,5,235.55,13.7,27,Retrasado,Bucaramanga,App
TRX-18338,PROD-3641,2025-04-24,9,315.76,21.65,17,Perdido,Ventas_Web,Físico
TRX-18339,PROD-2491,2025-11-18,7,1979.87,85.75,3,Perdido,Bogotá,Físico
TRX-18340,PROD-2167,2024-10-06,9,695.55,52.345,10,Retrasado,Bogotá,WhatsApp
TRX-18341,PROD-1858,2025-04-02,5,591.03,82.83,6,Devuelto,Ventas_Web,Físico
TRX-18342,PROD-2780,2025-07-14,4,114.01,34.02,29,Devuelto,Bucaramanga,Online
TRX-18343,PROD-2029,2025-03-23,10,1274.29,61.7,2,Entregado,Ventas_Web,App
TRX-18344,PROD-2369,2025-01-30,3,1307.86,41.36,11,Devuelto,Barranquilla,Online
TRX-18345,PROD-3526,2025-05-04,5,359.14,5.98,8,Desconocido,Medellín,App
TRX-18346,PROD-2856,2024-11-04,9,1839.29,7.48,14,Desconocido,Barranquilla,Online
TRX-18347,PROD-1177,2025-03-22,3,1602.98,10.15,12,Desconocido,Ventas_Web,Físico
TRX-18348,PROD-1427,2025-10-14,1,468.34,61.44,20,Retrasado,Bucaramanga,App
TRX-18349,PROD-1214,2025-03-10,2,976.84,31.53,24,Entregado,Bogotá,Físico
TRX-18350,PROD-3201,2025-06-13,10,922.2,18.68,28,Perdido,Ventas_Web,Físico
TRX-18351,PROD-1720,2026-01-09,5,703.56,94.41,7,Retrasado,Cali,App
TRX-18352,PROD-1647,2024-12-27,3,1637.09,52.345,18,En Camino,Medellín,Online
TRX-18353,PROD-1119,2025-04-13,6,227.44,16.53,25,En Camino,Bogotá,WhatsApp
TRX-18354,PROD-2986,2026-02-02,11,836.48,69.03,5,Devuelto,Barranquilla,Físico
TRX-18355,PROD-3109,2025-12-13,8,861.78,89.95,6,Entregado,Bogotá,Físico
TRX-18356,PROD-1475,2025-08-09,6,942.76,20.56,13,Entregado,Barranquilla,App
TRX-18357,PROD-1290,2025-08-23,10,1724.09,25.4,2,Perdido,Bucaramanga,App
TRX-18358,PROD-1963,2025-10-15,9,444.15,59.51,19,Devuelto,Medellín,Online
TRX-18359,PROD-3954,2024-11-29,6,214.82,53.3,26,Entregado,Barranquilla,Físico
TRX-18360,PROD-2821,2024-12-23,14,1239.44,54.5,28,Retrasado,Medellín,WhatsApp
TRX-18361,PROD-3427,2025-06-15,5,355.93,57.69,8,Perdido,Cali,Físico
TRX-18362,PROD-3374,2025-08-19,4,159.11,95.24,11,Entregado,Ventas_Web,Online
TRX-18363,PROD-2335,2025-03-19,2,859.03,10.11,21,En Camino,Cali,WhatsApp
TRX-18364,PROD-2716,2025-02-20,6,447.1,52.345,16,En Camino,Bucaramanga,App
TRX-18365,PROD-1814,2025-08-05,2,728.82,77.24,26,Entregado,Medellín,App
TRX-18366,PROD-3772,2024-11-08,5,526.83,27.09,1,Desconocido,Cali,App
TRX-18367,PROD-2334,2024-09-25,1,194.35,40.5,25,Desconocido,Bogotá,Online
TRX-18368,PROD-1942,2026-01-22,3,1125.09,13.48,29,En Camino,Barranquilla,App
TRX-18369,PROD-1451,2025-01-03,10,63.77,47.33,27,Retrasado,Bucaramanga,WhatsApp
TRX-18370,PROD-2335,2025-06-22,5,1933.09,81.4,16,Perdido,Bogotá,App
TRX-18371,PROD-1932,2024-10-14,13,689.25,14.38,12,Retrasado,Bucaramanga,Online
TRX-18372,PROD-1401,2025-01-16,13,1393.36,31.18,17,En Camino,Medellín,Físico
TRX-18373,PROD-1971,2025-09-04,7,1622.62,40.44,9,Entregado,Bucaramanga,Físico
TRX-18374,PROD-2689,2025-10-27,8,565.42,14.87,26,Entregado,Bogotá,WhatsApp
TRX-18375,PROD-1819,2025-12-30,7,1499.99,77.42,6,Perdido,Cali,Online
TRX-18376,PROD-2538,2025-01-04,7,1666.52,52.345,7,En Camino,Medellín,App
TRX-18377,PROD-1903,2025-06-08,11,490.22,79.76,13,En Camino,Ventas_Web,App
TRX-18378,PROD-1301,2025-07-27,2,1985.06,84.41,17,En Camino,Medellín,Físico
TRX-18379,PROD-2929,2025-09-24,6,51.17,60.47,10,Devuelto,Bucaramanga,App
TRX-18380,PROD-3396,2025-11-13,5,441.83,53.19,11,Entregado,Bogotá,Físico
TRX-18381,PROD-2984,2025-07-17,11,1562.24,29.94,14,En Camino,Medellín,Físico
TRX-18382,PROD-1222,2025-01-30,9,396.32,67.24,17,Perdido,Medellín,App
TRX-18383,PROD-2785,2025-07-14,12,1399.54,47.23,16,Desconocido,Ventas_Web,Físico
TRX-18384,PROD-1593,2025-07-21,10,1712.51,97.22,5,Devuelto,Medellín,Físico
TRX-18385,PROD-1885,2024-11-09,11,1918.84,96.98,18,En Camino,Medellín,Online
TRX-18386,PROD-3496,2024-10-19,4,953.75,90.99,11,Entregado,Ventas_Web,App
TRX-18387,PROD-2863,2024-10-07,12,1942.51,39.21,10,Desconocido,Bucaramanga,Online
TRX-18388,PROD-1729,2025-06-12,7,829.13,52.345,28,Devuelto,Bucaramanga,App
TRX-18389,PROD-2586,2025-09-22,11,444.07,39.96,21,Retrasado,Bogotá,App
TRX-18390,PROD-2529,2025-12-07,8,1032.7,86.0,21,Perdido,Medellín,App
TRX-18391,PROD-1558,2025-07-17,14,1303.15,74.27,22,Entregado,Medellín,App
TRX-18392,PROD-2874,2025-06-14,6,921.35,71.91,25,Retrasado,Barranquilla,WhatsApp
TRX-18393,PROD-3948,2025-09-18,3,1138.28,31.56,6,Entregado,Ventas_Web,WhatsApp
TRX-18394,PROD-1795,2025-02-03,11,838.65,84.17,10,Perdido,Barranquilla,Físico
TRX-18395,PROD-3588,2025-12-07,5,1054.28,60.04,11,En Camino,Cali,Online
TRX-18396,PROD-2468,2024-12-07,1,1905.67,47.45,1,Retrasado,Medellín,Online
TRX-18397,PROD-2104,2024-10-22,14,1004.66,87.22,5,Retrasado,Ventas_Web,Físico
TRX-18398,PROD-1828,2025-12-05,13,513.83,42.45,2,Devuelto,Bogotá,Online
TRX-18399,PROD-2375,2025-08-28,8,1519.91,67.12,11,En Camino,Barranquilla,WhatsApp
TRX-18401,PROD-1131,2024-12-15,12,1634.25,49.26,14,Desconocido,Bogotá,App
TRX-18402,PROD-3835,2024-11-15,12,123.12,61.31,24,Devuelto,Medellín,App
TRX-18403,PROD-3329,2025-09-23,12,671.03,8.85,13,Retrasado,Barranquilla,App
TRX-18404,PROD-1244,2025-07-02,11,197.78,48.81,23,Entregado,Bogotá,App
TRX-18405,PROD-2149,2025-08-28,2,179.78,57.87,11,Perdido,Bucaramanga,Físico
TRX-18406,PROD-1559,2025-12-09,13,1320.2,51.81,6,Devuelto,Bogotá,Físico
TRX-18407,PROD-1455,2025-06-12,10,776.82,85.5,2,Desconocido,Cali,WhatsApp
TRX-18408,PROD-2906,2025-11-20,7,1744.24,34.56,19,En Camino,Barranquilla,WhatsApp
TRX-18409,PROD-2878,2025-09-17,9,1037.65,88.99,25,Desconocido,Bucaramanga,WhatsApp
TRX-18410,PROD-2713,2025-05-02,1,597.73,43.33,9,Entregado,Bogotá,Físico
TRX-18411,PROD-1701,2025-08-16,13,1444.57,70.98,23,Devuelto,Bogotá,Online
TRX-18412,PROD-2407,2024-09-24,4,1251.79,52.345,18,Perdido,Cali,App
TRX-18413,PROD-1900,2025-10-25,7,1601.19,13.24,14,Entregado,Medellín,Online
TRX-18414,PROD-2208,2025-10-21,14,1290.74,24.01,13,Devuelto,Ventas_Web,App
TRX-18415,PROD-3472,2025-07-25,9,342.36,77.31,28,Devuelto,Bogotá,WhatsApp
TRX-18416,PROD-1642,2025-02-15,2,1343.92,6.17,12,Desconocido,Medellín,App
TRX-18417,PROD-3613,2024-10-10,2,789.18,97.01,12,Perdido,Bucaramanga,Online
TRX-18418,PROD-3504,2024-10-08,6,931.65,23.11,13,En Camino,Barranquilla,Online
TRX-18419,PROD-1696,2025-07-27,3,1843.91,90.62,7,Entregado,Medellín,WhatsApp
TRX-18420,PROD-3367,2025-12-19,4,726.33,54.01,16,Desconocido,Bogotá,WhatsApp
TRX-18421,PROD-3264,2025-12-02,3,1227.8,58.63,17,Devuelto,Barranquilla,Online
TRX-18422,PROD-1940,2025-02-28,13,733.33,12.99,9,Desconocido,Medellín,WhatsApp
TRX-18423,PROD-1354,2026-01-20,1,198.51,39.7,14,Desconocido,Medellín,Físico
TRX-18424,PROD-2686,2025-08-28,14,912.52,52.345,9,Desconocido,Barranquilla,WhatsApp
TRX-18425,PROD-3137,2025-11-03,14,1198.15,19.84,6,Perdido,Barranquilla,Online
TRX-18426,PROD-3003,2025-09-09,6,820.93,54.96,26,Devuelto,Ventas_Web,Físico
TRX-18427,PROD-1886,2025-07-17,11,787.43,57.32,1,Perdido,Bogotá,Online
TRX-18428,PROD-3423,2025-04-19,11,1642.55,72.42,24,Perdido,Bogotá,Físico
TRX-18429,PROD-2939,2025-12-12,13,69.07,88.44,22,Devuelto,Barranquilla,WhatsApp
TRX-18430,PROD-2895,2025-04-15,2,598.21,49.48,25,Desconocido,Barranquilla,WhatsApp
TRX-18431,PROD-2143,2025-01-13,2,1625.4,27.17,25,Desconocido,Ventas_Web,Online
TRX-18432,PROD-1059,2025-03-19,7,1841.85,36.69,23,Perdido,Medellín,Físico
TRX-18433,PROD-3990,2025-12-27,5,830.48,85.47,20,Entregado,Cali,Online
TRX-18434,PROD-2753,2025-04-19,8,1778.7,18.86,27,Desconocido,Medellín,App
TRX-18435,PROD-2010,2025-01-24,14,405.87,64.59,1,Perdido,Bucaramanga,WhatsApp
TRX-18436,PROD-2015,2024-10-07,2,450.64,52.345,19,En Camino,Bucaramanga,Online
TRX-18437,PROD-2340,2025-09-03,13,1693.92,6.24,22,En Camino,Cali,Online
TRX-18438,PROD-2778,2025-11-24,10,1807.48,28.34,15,Perdido,Medellín,App
TRX-18439,PROD-3373,2026-01-11,8,453.38,61.18,17,Entregado,Barranquilla,App
TRX-18440,PROD-1910,2025-07-17,7,128.06,48.36,20,Desconocido,Barranquilla,Físico
TRX-18441,PROD-3423,2024-11-06,13,189.75,51.89,24,Retrasado,Cali,App
TRX-18442,PROD-1610,2024-12-25,10,530.15,67.75,28,Retrasado,Bucaramanga,Físico
TRX-18443,PROD-3349,2025-01-07,14,1525.28,27.29,8,Entregado,Bogotá,Online
TRX-18444,PROD-1020,2025-11-15,8,1024.88,31.68,22,En Camino,Bogotá,App
TRX-18445,PROD-2711,2025-06-27,11,916.62,70.02,22,Perdido,Medellín,Físico
TRX-18446,PROD-1181,2025-01-28,3,1172.44,56.14,3,Devuelto,Barranquilla,Online
TRX-18447,PROD-1164,2025-12-24,8,1781.54,6.39,23,Perdido,Medellín,Físico
TRX-18448,PROD-2927,2025-12-25,6,189.96,52.345,12,Perdido,Bucaramanga,Online
TRX-18449,PROD-3065,2024-10-30,2,1392.5,68.68,24,Retrasado,Bogotá,Físico
TRX-18450,PROD-1137,2024-12-28,6,1854.31,63.91,15,Perdido,Medellín,WhatsApp
TRX-18451,PROD-2743,2025-04-08,5,434.57,12.47,18,Retrasado,Ventas_Web,Online
TRX-18452,PROD-3175,2025-04-02,3,1677.17,76.01,13,Devuelto,Barranquilla,Online
TRX-18453,PROD-2615,2025-09-14,1,1399.07,54.6,5,Perdido,Medellín,Físico
TRX-18454,PROD-2963,2024-09-29,7,38.79,24.45,22,Entregado,Medellín,Online
TRX-18455,PROD-3853,2024-11-05,2,470.91,58.14,17,Perdido,Bucaramanga,Físico
TRX-18456,PROD-1401,2025-08-20,1,1215.63,61.57,28,Desconocido,Bogotá,Online
TRX-18457,PROD-2853,2024-09-29,1,1009.78,92.41,21,Desconocido,Medellín,App
TRX-18458,PROD-3028,2025-04-04,7,1060.59,75.5,3,Entregado,Bogotá,App
TRX-18459,PROD-1985,2025-08-04,12,471.54,33.68,19,Retrasado,Bogotá,Físico
TRX-18460,PROD-1340,2024-09-23,1,1353.26,52.345,6,Perdido,Medellín,WhatsApp
TRX-18461,PROD-3287,2024-11-23,9,540.17,16.22,27,Retrasado,Medellín,App
TRX-18462,PROD-1050,2025-08-31,6,784.98,86.05,17,Entregado,Bucaramanga,App
TRX-18463,PROD-3839,2024-12-20,4,744.14,85.38,5,Retrasado,Medellín,Online
TRX-18464,PROD-3997,2024-10-10,12,1347.33,21.65,21,En Camino,Bogotá,WhatsApp
TRX-18465,PROD-2665,2025-01-08,4,189.6,10.9,5,Desconocido,Barranquilla,WhatsApp
TRX-18466,PROD-1892,2025-02-04,13,419.03,72.63,19,Entregado,Ventas_Web,WhatsApp
TRX-18467,PROD-1543,2025-09-28,12,408.99,73.65,22,Retrasado,Ventas_Web,WhatsApp
TRX-18468,PROD-2468,2025-07-29,14,225.77,21.83,11,Perdido,Cali,WhatsApp
TRX-18469,PROD-2211,2024-11-28,5,423.11,68.48,1,Retrasado,Medellín,WhatsApp
TRX-18470,PROD-1979,2024-12-24,2,1218.05,31.5,26,Devuelto,Ventas_Web,App
TRX-18471,PROD-3652,2025-02-07,5,1467.01,29.76,13,Entregado,Medellín,Físico
TRX-18472,PROD-1371,2025-03-30,2,1324.0,52.345,17,Retrasado,Medellín,Físico
TRX-18473,PROD-1065,2024-11-20,12,955.62,35.83,11,Desconocido,Medellín,WhatsApp
TRX-18474,PROD-2965,2025-03-28,4,114.34,54.44,18,En Camino,Ventas_Web,Online
TRX-18475,PROD-3740,2025-05-15,10,1918.42,81.42,4,Desconocido,Cali,App
TRX-18476,PROD-2248,2024-11-30,11,344.47,52.37,26,Devuelto,Bogotá,Online
TRX-18477,PROD-1662,2025-12-13,14,1340.16,33.31,25,Entregado,Bogotá,App
TRX-18478,PROD-3880,2024-12-29,5,1826.65,88.98,10,Devuelto,Cali,App
TRX-18479,PROD-2881,2024-09-30,6,1398.58,10.23,24,Perdido,Medellín,App
TRX-18480,PROD-3336,2025-12-28,6,443.92,80.72,27,En Camino,Barranquilla,Online
TRX-18481,PROD-3390,2026-01-23,9,638.43,79.52,26,Perdido,Bogotá,Online
TRX-18482,PROD-1099,2025-07-30,4,70.11,29.09,11,Desconocido,Cali,WhatsApp
TRX-18483,PROD-2863,2025-02-03,13,1229.39,23.84,18,Desconocido,Bogotá,App
TRX-18484,PROD-2899,2025-10-12,14,1229.86,52.345,1,Retrasado,Medellín,Físico
TRX-18485,PROD-1567,2024-11-17,5,1453.75,88.1,4,Devuelto,Bogotá,App
TRX-18486,PROD-3880,2026-01-16,6,31.88,58.09,5,Perdido,Cali,Físico
TRX-18487,PROD-2660,2025-09-17,4,1637.5,9.37,2,Retrasado,Bogotá,WhatsApp
TRX-18488,PROD-1757,2025-12-25,6,1480.03,89.63,28,En Camino,Medellín,WhatsApp
TRX-18489,PROD-2517,2025-01-14,2,290.36,38.16,26,Desconocido,Medellín,WhatsApp
TRX-18490,PROD-3567,2024-12-19,12,701.78,37.5,22,Perdido,Medellín,App
TRX-18491,PROD-2901,2025-02-07,13,1280.66,66.11,24,Devuelto,Bucaramanga,App
TRX-18492,PROD-3883,2025-01-08,7,996.64,67.82,12,Perdido,Bogotá,Físico
TRX-18493,PROD-3594,2026-02-04,3,239.04,38.57,11,En Camino,Medellín,Físico
TRX-18494,PROD-1005,2024-10-15,14,183.82,18.61,28,Retrasado,Bucaramanga,Online
TRX-18495,PROD-3569,2025-02-13,10,1565.1,57.47,21,Perdido,Ventas_Web,Físico
TRX-18496,PROD-1289,2025-09-14,4,320.37,52.345,16,Perdido,Barranquilla,WhatsApp
TRX-18497,PROD-2576,2025-02-13,9,352.46,64.39,4,Desconocido,Bogotá,App
TRX-18498,PROD-3829,2024-11-17,12,1663.54,86.72,7,Entregado,Barranquilla,Online
TRX-18499,PROD-2363,2025-01-08,13,1228.16,51.02,29,Retrasado,Cali,App
TRX-18501,PROD-1133,2024-09-28,5,963.9,10.17,28,Entregado,Barranquilla,WhatsApp
TRX-18502,PROD-2214,2024-10-22,9,1142.3,89.98,24,Entregado,Ventas_Web,WhatsApp
TRX-18503,PROD-2744,2025-12-13,10,1207.52,36.09,23,Desconocido,Medellín,Online
TRX-18504,PROD-2105,2026-01-20,13,1935.97,65.06,21,En Camino,Medellín,App
TRX-18505,PROD-3859,2025-10-12,10,453.72,92.02,13,En Camino,Barranquilla,Físico
TRX-18506,PROD-3508,2025-07-26,10,436.98,82.0,14,Devuelto,Ventas_Web,App
TRX-18507,PROD-3221,2025-09-19,12,123.86,65.58,11,Desconocido,Medellín,App
TRX-18508,PROD-3356,2025-09-02,10,1319.82,52.345,8,Retrasado,Cali,Online
TRX-18509,PROD-1848,2025-01-27,6,1102.59,71.84,1,Retrasado,Cali,Físico
TRX-18510,PROD-3804,2025-07-21,8,231.37,92.49,8,En Camino,Medellín,Físico
TRX-18511,PROD-1331,2025-01-21,5,735.43,82.15,19,En Camino,Bogotá,App
TRX-18512,PROD-3541,2025-11-01,5,365.54,62.94,17,Entregado,Bucaramanga,WhatsApp
TRX-18513,PROD-2375,2024-12-30,3,669.65,67.58,9,En Camino,Ventas_Web,App
TRX-18514,PROD-1224,2025-03-07,7,1903.02,18.99,27,Perdido,Medellín,Online
TRX-18515,PROD-3108,2025-08-13,2,1369.8,49.67,13,Retrasado,Bucaramanga,WhatsApp
TRX-18516,PROD-3763,2025-08-07,11,25.06,33.59,22,Devuelto,Ventas_Web,Online
TRX-18517,PROD-2490,2025-05-21,12,512.49,46.04,15,Entregado,Medellín,WhatsApp
TRX-18518,PROD-1211,2024-11-11,3,30.62,67.91,27,Perdido,Medellín,WhatsApp
TRX-18519,PROD-1454,2025-06-17,2,1432.59,19.17,13,En Camino,Barranquilla,WhatsApp
TRX-18520,PROD-2568,2025-08-13,13,944.15,52.345,27,Devuelto,Barranquilla,Físico
TRX-18521,PROD-2497,2024-12-04,8,1988.1,6.65,8,En Camino,Barranquilla,WhatsApp
TRX-18522,PROD-2906,2025-07-19,4,1469.83,42.71,27,Desconocido,Medellín,Físico
TRX-18523,PROD-3535,2024-11-13,10,1040.65,35.61,26,Perdido,Barranquilla,Online
TRX-18524,PROD-1167,2025-06-14,8,1611.36,44.94,12,Desconocido,Medellín,WhatsApp
TRX-18525,PROD-2497,2025-05-07,8,1412.56,93.47,11,Desconocido,Medellín,WhatsApp
TRX-18526,PROD-2500,2025-04-03,8,495.11,72.17,20,Devuelto,Barranquilla,WhatsApp
TRX-18527,PROD-1717,2025-10-01,8,1065.21,36.11,13,Desconocido,Bucaramanga,Online
TRX-18528,PROD-3654,2025-05-19,8,1116.44,22.03,16,En Camino,Bogotá,App
TRX-18529,PROD-3288,2024-10-02,12,907.95,63.76,2,Perdido,Barranquilla,App
TRX-18530,PROD-3887,2025-07-21,9,366.59,67.47,6,Perdido,Ventas_Web,Online
TRX-18531,PROD-1274,2025-09-16,2,454.5,50.94,16,Devuelto,Cali,Online
TRX-18532,PROD-3296,2025-05-08,9,569.28,52.345,18,Desconocido,Medellín,Online
TRX-18533,PROD-3905,2025-12-08,8,30.41,25.21,17,Desconocido,Bogotá,App
TRX-18534,PROD-1838,2025-07-12,11,1834.72,7.71,15,Perdido,Cali,Físico
TRX-18535,PROD-1566,2024-11-13,10,1375.33,30.24,7,En Camino,Bogotá,Online
TRX-18536,PROD-2371,2025-05-20,1,1382.34,48.43,14,Devuelto,Barranquilla,App
TRX-18537,PROD-1977,2024-12-30,14,1148.94,79.85,7,Desconocido,Bogotá,Físico
TRX-18538,PROD-3210,2024-12-12,5,1381.73,86.11,6,Desconocido,Bucaramanga,WhatsApp
TRX-18539,PROD-1465,2024-10-05,11,1963.91,44.23,12,Entregado,Barranquilla,WhatsApp
TRX-18540,PROD-3658,2025-10-17,2,776.47,80.63,2,Perdido,Medellín,Online
TRX-18541,PROD-2959,2025-12-08,10,1427.93,99.37,21,En Camino,Bogotá,Físico
TRX-18542,PROD-3376,2025-09-14,5,725.46,73.08,1,Devuelto,Medellín,App
TRX-18543,PROD-3878,2025-01-28,13,1710.03,74.22,18,Desconocido,Bogotá,WhatsApp
TRX-18544,PROD-1859,2025-07-23,8,1717.48,52.345,29,Entregado,Ventas_Web,WhatsApp
TRX-18545,PROD-1923,2025-11-12,9,1805.51,91.41,28,Entregado,Ventas_Web,App
TRX-18546,PROD-2312,2024-10-03,9,20.87,37.12,5,Retrasado,Bogotá,WhatsApp
TRX-18547,PROD-2444,2024-12-12,1,603.4,6.06,21,Desconocido,Cali,WhatsApp
TRX-18548,PROD-2095,2025-06-10,7,276.51,98.76,7,Retrasado,Bogotá,Online
TRX-18549,PROD-3062,2024-09-28,12,913.43,51.59,15,Desconocido,Ventas_Web,Físico
TRX-18550,PROD-3786,2025-12-24,11,995.94,79.64,21,Devuelto,Bucaramanga,Físico
TRX-18551,PROD-2732,2025-09-30,8,519.25,82.19,27,Perdido,Cali,Físico
TRX-18552,PROD-2135,2026-01-16,10,1449.66,42.76,6,Desconocido,Bucaramanga,Físico
TRX-18553,PROD-1223,2025-05-02,3,546.84,56.42,2,En Camino,Cali,App
TRX-18554,PROD-1259,2025-11-01,13,1709.24,56.29,21,Perdido,Barranquilla,Físico
TRX-18555,PROD-2527,2025-07-17,6,363.54,25.92,24,En Camino,Bogotá,Online
TRX-18556,PROD-2414,2024-12-12,11,740.8,52.345,17,En Camino,Medellín,App
TRX-18557,PROD-2853,2025-11-07,3,1248.25,16.18,27,Retrasado,Medellín,Online
TRX-18558,PROD-2991,2024-09-25,9,1214.62,56.64,13,Retrasado,Cali,WhatsApp
TRX-18559,PROD-3053,2024-11-21,13,165.28,16.41,13,Perdido,Ventas_Web,Físico
TRX-18560,PROD-3157,2025-05-01,3,1694.05,37.88,14,Devuelto,Bogotá,Físico
TRX-18561,PROD-1502,2025-12-16,2,1200.15,22.68,26,En Camino,Bucaramanga,App
TRX-18562,PROD-2925,2025-09-06,9,1741.02,72.16,23,Retrasado,Barranquilla,Físico
TRX-18563,PROD-3907,2024-11-10,11,1736.59,87.84,8,Devuelto,Bogotá,Online
TRX-18564,PROD-3178,2025-05-08,13,1096.38,59.9,15,Retrasado,Bogotá,App
TRX-18565,PROD-3778,2025-07-09,14,1822.46,43.96,11,En Camino,Bogotá,Físico
TRX-18566,PROD-3182,2025-07-12,8,1698.33,99.68,13,Entregado,Medellín,Online
TRX-18567,PROD-2197,2025-07-17,8,1916.66,7.01,21,Retrasado,Barranquilla,WhatsApp
TRX-18568,PROD-2851,2025-04-03,2,1702.49,52.345,20,Devuelto,Bogotá,Físico
TRX-18569,PROD-3543,2025-12-10,6,1644.2,33.91,1,Perdido,Ventas_Web,Físico
TRX-18570,PROD-2507,2026-01-09,13,944.03,31.47,25,Perdido,Medellín,Físico
TRX-18571,PROD-3757,2025-06-06,13,431.94,38.84,2,En Camino,Ventas_Web,WhatsApp
TRX-18572,PROD-3839,2025-12-09,5,1822.31,26.91,11,Desconocido,Bogotá,Físico
TRX-18573,PROD-1268,2025-10-15,14,1447.87,30.1,14,Entregado,Bogotá,WhatsApp
TRX-18574,PROD-1771,2025-01-03,12,570.68,29.48,5,Retrasado,Ventas_Web,Online
TRX-18575,PROD-2875,2025-10-25,2,688.58,53.05,7,Desconocido,Bucaramanga,App
TRX-18576,PROD-1357,2025-09-23,5,1375.3,42.15,24,Retrasado,Medellín,Online
TRX-18577,PROD-1328,2025-02-15,4,960.86,65.73,16,Entregado,Medellín,Online
TRX-18578,PROD-2600,2025-07-09,9,172.15,53.87,11,En Camino,Medellín,App
TRX-18579,PROD-1732,2025-06-06,12,291.48,22.43,26,En Camino,Bogotá,App
TRX-18580,PROD-2181,2025-07-28,1,1493.84,52.345,15,Devuelto,Barranquilla,Físico
TRX-18581,PROD-1315,2025-06-27,6,663.85,81.95,4,Devuelto,Medellín,WhatsApp
TRX-18582,PROD-1447,2025-12-30,7,1020.22,49.86,10,Devuelto,Medellín,Físico
TRX-18583,PROD-1674,2025-03-30,12,1535.58,19.56,1,En Camino,Barranquilla,Online
TRX-18584,PROD-2130,2025-11-02,6,1504.84,20.85,7,Retrasado,Cali,WhatsApp
TRX-18585,PROD-1458,2025-03-19,5,342.36,80.71,12,Perdido,Bucaramanga,Físico
TRX-18586,PROD-3855,2024-10-08,12,205.8,71.78,29,En Camino,Barranquilla,App
TRX-18587,PROD-1606,2025-11-08,4,1186.39,53.12,26,Entregado,Bucaramanga,App
TRX-18588,PROD-3032,2026-01-11,5,1485.85,34.08,11,Perdido,Bogotá,Físico
TRX-18589,PROD-1616,2025-10-02,9,306.59,48.75,11,En Camino,Medellín,WhatsApp
TRX-18590,PROD-1836,2024-12-17,5,750.19,65.47,25,Desconocido,Medellín,Online
TRX-18591,PROD-3132,2025-05-28,10,1741.85,88.53,17,En Camino,Cali,WhatsApp
TRX-18592,PROD-3569,2025-12-20,8,1889.0,52.345,1,Devuelto,Medellín,Físico
TRX-18593,PROD-1092,2025-04-27,7,913.6,57.81,15,Retrasado,Barranquilla,App
TRX-18594,PROD-2200,2024-11-03,4,168.24,31.29,23,Desconocido,Bogotá,App
TRX-18595,PROD-2706,2025-04-04,10,522.82,9.06,25,Retrasado,Bucaramanga,Online
TRX-18596,PROD-3795,2025-08-15,5,473.61,21.67,21,Perdido,Cali,App
TRX-18597,PROD-3217,2025-09-30,7,485.54,66.77,20,En Camino,Medellín,Online
TRX-18598,PROD-1540,2025-12-31,6,992.82,20.24,22,Devuelto,Barranquilla,Online
TRX-18599,PROD-2941,2025-03-04,13,1170.62,50.75,25,Desconocido,Bucaramanga,WhatsApp
TRX-18601,PROD-2720,2025-09-21,3,1779.82,34.28,18,En Camino,Bucaramanga,Físico
TRX-18602,PROD-2818,2025-01-30,10,1243.75,68.57,21,Devuelto,Bogotá,Físico
TRX-18603,PROD-3640,2025-06-12,3,1198.53,60.2,4,Entregado,Bogotá,Online
TRX-18604,PROD-1087,2026-01-15,2,1974.69,52.345,29,Entregado,Ventas_Web,Físico
TRX-18605,PROD-2194,2025-03-18,14,1260.01,46.7,19,Perdido,Barranquilla,App
TRX-18606,PROD-1774,2026-01-02,3,1858.63,90.24,5,Retrasado,Cali,Online
TRX-18607,PROD-1257,2025-12-26,11,579.65,70.75,14,Retrasado,Bucaramanga,Online
TRX-18608,PROD-1090,2025-06-14,10,487.86,39.26,23,Perdido,Bucaramanga,Físico
TRX-18609,PROD-1951,2024-10-19,13,1037.87,81.41,13,En Camino,Barranquilla,WhatsApp
TRX-18610,PROD-3128,2025-12-28,1,1022.13,75.12,27,Desconocido,Cali,Online
TRX-18611,PROD-3640,2025-10-13,13,460.7,80.21,19,Devuelto,Medellín,Online
TRX-18612,PROD-2375,2024-12-16,9,1402.31,65.89,19,Desconocido,Medellín,WhatsApp
TRX-18613,PROD-2686,2025-04-06,2,68.97,41.04,16,Desconocido,Medellín,WhatsApp
TRX-18614,PROD-3370,2025-08-04,12,1384.35,38.11,22,Retrasado,Cali,Online
TRX-18615,PROD-2404,2025-05-23,13,919.78,67.14,21,Desconocido,Medellín,Físico
TRX-18616,PROD-3685,2026-01-04,3,1381.12,52.345,19,Perdido,Bogotá,Online
TRX-18617,PROD-3646,2025-09-25,5,959.39,17.44,1,Retrasado,Bogotá,Online
TRX-18618,PROD-2336,2025-08-30,10,1954.89,82.89,10,Retrasado,Bucaramanga,Online
TRX-18619,PROD-2991,2025-03-18,12,676.02,40.18,2,Retrasado,Bogotá,Físico
TRX-18620,PROD-3430,2025-01-30,4,1965.32,64.89,15,En Camino,Bogotá,WhatsApp
TRX-18621,PROD-3727,2025-02-14,13,139.3,52.41,19,Perdido,Bogotá,Online
TRX-18622,PROD-3854,2024-12-14,5,1370.68,54.34,4,Retrasado,Barranquilla,WhatsApp
TRX-18623,PROD-3171,2025-09-17,6,913.9,75.11,21,Retrasado,Bogotá,Online
TRX-18624,PROD-3246,2024-12-19,5,1646.05,64.53,26,Perdido,Medellín,Físico
TRX-18625,PROD-2823,2024-10-12,10,1581.34,28.78,25,Entregado,Cali,Online
TRX-18626,PROD-2875,2025-05-10,1,1602.42,12.05,4,Desconocido,Cali,Online
TRX-18627,PROD-2245,2025-12-26,6,198.53,84.82,12,En Camino,Medellín,WhatsApp
TRX-18628,PROD-3323,2026-01-08,9,1646.51,52.345,25,En Camino,Bogotá,Online
TRX-18629,PROD-1540,2025-01-26,3,435.94,89.06,21,Desconocido,Barranquilla,Online
TRX-18630,PROD-2255,2026-01-06,2,61.1,20.63,29,Devuelto,Ventas_Web,Online
TRX-18631,PROD-1703,2026-02-02,6,443.3,34.4,19,Devuelto,Ventas_Web,WhatsApp
TRX-18632,PROD-2064,2025-09-11,12,963.78,31.82,23,Desconocido,Ventas_Web,App
TRX-18633,PROD-1928,2025-11-12,14,1486.8,94.06,24,Entregado,Cali,WhatsApp
TRX-18634,PROD-2983,2024-11-12,3,445.08,24.45,9,Devuelto,Ventas_Web,Online
TRX-18635,PROD-2523,2024-12-19,4,234.89,20.82,25,Retrasado,Barranquilla,App
TRX-18636,PROD-2180,2025-03-11,6,1295.47,22.27,22,Retrasado,Medellín,WhatsApp
TRX-18637,PROD-1193,2024-11-24,12,1967.96,74.34,16,Desconocido,Medellín,WhatsApp
TRX-18638,PROD-1607,2024-12-20,13,1205.73,89.36,15,Devuelto,Bucaramanga,App
TRX-18639,PROD-2446,2025-03-30,12,1385.2,42.37,9,Desconocido,Barranquilla,App
TRX-18640,PROD-2164,2025-03-31,6,1126.72,52.345,19,En Camino,Bogotá,App
TRX-18641,PROD-2867,2025-10-14,12,1566.87,17.93,18,Entregado,Bucaramanga,App
TRX-18642,PROD-1681,2024-12-20,2,1951.85,60.64,21,Retrasado,Cali,Físico
TRX-18643,PROD-3533,2025-09-05,13,1092.82,24.94,7,Entregado,Medellín,Físico
TRX-18644,PROD-1658,2025-08-20,13,839.41,11.09,27,Devuelto,Medellín,Físico
TRX-18645,PROD-3915,2024-10-18,3,1722.08,89.19,16,Perdido,Medellín,App
TRX-18646,PROD-3192,2025-03-17,13,1939.76,87.73,15,Desconocido,Ventas_Web,Online
TRX-18647,PROD-2168,2025-09-21,9,267.07,97.71,23,Desconocido,Bogotá,Online
TRX-18648,PROD-1746,2025-06-13,2,1160.56,50.03,11,Entregado,Barranquilla,Online
TRX-18649,PROD-1718,2025-10-16,3,1587.0,32.93,6,Entregado,Bogotá,WhatsApp
TRX-18650,PROD-3900,2025-10-22,9,1071.35,78.13,3,Devuelto,Barranquilla,Online
TRX-18651,PROD-3837,2024-11-03,4,824.3,22.15,14,Devuelto,Bogotá,Físico
TRX-18652,PROD-3729,2026-01-18,1,1313.91,52.345,6,Retrasado,Bogotá,App
TRX-18653,PROD-1628,2026-01-10,11,547.55,28.11,17,Perdido,Medellín,WhatsApp
TRX-18654,PROD-1660,2025-01-19,13,704.78,29.29,19,Perdido,Barranquilla,Físico
TRX-18655,PROD-1974,2025-03-10,2,1984.63,95.4,18,Entregado,Bogotá,Online
TRX-18656,PROD-1478,2025-01-08,3,1276.57,74.33,20,Perdido,Medellín,App
TRX-18657,PROD-1168,2026-01-21,9,1747.13,17.7,16,Devuelto,Medellín,Online
TRX-18658,PROD-2296,2025-02-16,9,1617.46,13.82,24,Desconocido,Cali,Físico
TRX-18659,PROD-3353,2025-03-17,11,1308.02,85.07,3,Devuelto,Medellín,Físico
TRX-18660,PROD-1518,2025-12-03,6,1683.05,81.22,6,Devuelto,Bogotá,Físico
TRX-18661,PROD-2805,2025-12-05,14,581.45,68.74,26,Entregado,Medellín,Online
TRX-18662,PROD-2066,2025-10-03,11,1277.86,23.63,17,En Camino,Medellín,App
TRX-18663,PROD-2514,2025-03-30,6,1185.3,50.63,20,Devuelto,Medellín,App
TRX-18664,PROD-1755,2025-03-01,3,1248.62,52.345,5,Perdido,Medellín,WhatsApp
TRX-18665,PROD-1840,2025-07-21,5,345.58,62.26,21,Perdido,Medellín,WhatsApp
TRX-18666,PROD-3303,2025-09-05,11,561.71,93.55,16,Devuelto,Medellín,WhatsApp
TRX-18667,PROD-3896,2025-11-16,4,580.45,21.1,17,Desconocido,Ventas_Web,Físico
TRX-18668,PROD-1142,2025-10-29,10,1207.87,53.97,16,En Camino,Bogotá,App
TRX-18669,PROD-3726,2024-12-05,10,1945.37,19.99,25,Entregado,Bogotá,Online
TRX-18670,PROD-2298,2025-09-09,12,1908.59,47.17,21,Devuelto,Medellín,App
TRX-18671,PROD-2408,2024-10-10,9,462.11,24.01,9,Entregado,Bogotá,Online
TRX-18672,PROD-1605,2025-02-09,9,616.64,84.44,7,En Camino,Medellín,WhatsApp
TRX-18673,PROD-2527,2025-01-15,1,81.76,29.2,5,Devuelto,Medellín,Físico
TRX-18674,PROD-2836,2025-08-16,8,803.64,44.62,9,Desconocido,Bogotá,Físico
TRX-18675,PROD-3211,2025-05-05,9,1671.0,43.74,21,Devuelto,Bogotá,WhatsApp
TRX-18676,PROD-1665,2024-11-07,5,1832.35,52.345,10,Devuelto,Barranquilla,Físico
TRX-18677,PROD-3185,2025-12-05,4,480.63,87.3,25,Retrasado,Ventas_Web,WhatsApp
TRX-18678,PROD-2235,2024-10-30,10,538.93,76.99,21,Devuelto,Cali,App
TRX-18679,PROD-1497,2025-04-16,4,449.49,10.47,1,Devuelto,Barranquilla,Online
TRX-18680,PROD-1102,2025-10-13,2,706.71,11.37,7,Desconocido,Bucaramanga,Físico
TRX-18681,PROD-2657,2024-10-01,9,1611.47,57.36,21,En Camino,Barranquilla,WhatsApp
TRX-18682,PROD-3045,2025-06-02,5,1297.25,45.63,5,En Camino,Cali,Online
TRX-18683,PROD-1595,2025-01-08,11,1574.02,31.18,6,Retrasado,Cali,WhatsApp
TRX-18684,PROD-2876,2025-10-16,3,1170.23,80.3,6,Devuelto,Barranquilla,Físico
TRX-18685,PROD-2311,2024-12-29,6,522.89,17.22,23,Perdido,Medellín,Online
TRX-18686,PROD-1639,2025-06-24,9,463.71,97.54,28,Entregado,Bogotá,Físico
TRX-18687,PROD-1017,2024-12-02,9,27.91,7.29,15,Desconocido,Barranquilla,Online
TRX-18688,PROD-3237,2024-10-31,12,1564.15,52.345,8,Devuelto,Ventas_Web,Online
TRX-18689,PROD-3078,2025-07-17,13,1695.77,16.23,1,Desconocido,Ventas_Web,WhatsApp
TRX-18690,PROD-2356,2025-10-28,5,1538.88,34.58,10,Retrasado,Bogotá,Online
TRX-18691,PROD-3651,2025-12-13,8,158.06,53.37,27,Perdido,Medellín,App
TRX-18692,PROD-3889,2024-12-21,4,1526.82,25.53,3,En Camino,Bucaramanga,Físico
TRX-18693,PROD-2210,2025-11-26,5,101.08,74.94,22,Entregado,Ventas_Web,WhatsApp
TRX-18694,PROD-2941,2025-04-29,7,220.13,38.97,16,Retrasado,Medellín,Online
TRX-18695,PROD-2187,2025-01-07,7,886.55,8.66,1,En Camino,Medellín,App
TRX-18696,PROD-3349,2026-01-11,13,957.53,88.38,16,Devuelto,Ventas_Web,App
TRX-18697,PROD-3731,2025-10-31,7,1634.08,94.67,14,Retrasado,Cali,App
TRX-18698,PROD-1602,2025-12-20,8,1362.26,63.76,5,Devuelto,Medellín,WhatsApp
TRX-18699,PROD-3315,2025-10-19,11,315.11,81.62,16,Retrasado,Medellín,Online
TRX-18701,PROD-2810,2025-10-30,5,578.49,16.51,26,Devuelto,Bogotá,App
TRX-18702,PROD-2387,2024-10-24,1,256.11,30.54,25,Retrasado,Bogotá,WhatsApp
TRX-18703,PROD-3822,2025-01-26,11,582.41,35.9,11,Desconocido,Medellín,Físico
TRX-18704,PROD-1460,2025-02-16,9,1459.91,96.27,18,En Camino,Ventas_Web,Online
TRX-18705,PROD-3996,2025-06-29,9,490.39,53.66,7,Desconocido,Medellín,Online
TRX-18706,PROD-2961,2024-10-16,7,1672.37,5.7,25,Desconocido,Bogotá,Físico
TRX-18707,PROD-1164,2025-12-06,12,944.34,41.12,8,En Camino,Barranquilla,Online
TRX-18708,PROD-1571,2025-04-19,6,652.64,5.74,17,Entregado,Cali,Físico
TRX-18709,PROD-3777,2025-01-20,13,830.71,27.59,14,Entregado,Bogotá,Físico
TRX-18710,PROD-3256,2025-06-23,13,1421.9,48.2,17,Retrasado,Medellín,Online
TRX-18711,PROD-1478,2025-02-09,5,1038.42,35.72,12,En Camino,Barranquilla,App
TRX-18712,PROD-2261,2025-07-16,5,24.48,52.345,18,Desconocido,Bucaramanga,Online
TRX-18713,PROD-1101,2025-08-31,3,1845.42,8.11,1,Devuelto,Ventas_Web,App
TRX-18714,PROD-2645,2025-11-28,10,141.33,16.05,24,Retrasado,Barranquilla,Online
TRX-18715,PROD-3529,2024-12-13,1,1877.86,57.33,7,Desconocido,Bucaramanga,WhatsApp
TRX-18716,PROD-1902,2025-12-14,6,66.02,71.08,6,Devuelto,Ventas_Web,App
TRX-18717,PROD-2826,2025-10-27,8,1544.25,43.43,15,Perdido,Medellín,Físico
TRX-18718,PROD-2463,2025-04-18,14,1074.0,74.49,18,Entregado,Bogotá,App
TRX-18719,PROD-1378,2026-01-19,2,1016.4,20.52,11,Retrasado,Medellín,App
TRX-18720,PROD-2336,2025-11-03,8,154.83,16.6,25,Retrasado,Cali,Online
TRX-18721,PROD-1225,2026-01-05,8,485.1,84.75,29,Devuelto,Medellín,WhatsApp
TRX-18722,PROD-3490,2025-11-19,10,1557.32,37.23,17,Entregado,Bogotá,Físico
TRX-18723,PROD-3626,2024-10-25,8,1783.61,46.06,1,Devuelto,Ventas_Web,WhatsApp
TRX-18724,PROD-1799,2024-10-16,10,1062.95,52.345,2,Devuelto,Bogotá,App
TRX-18725,PROD-3389,2024-11-22,3,713.15,95.02,7,Entregado,Bucaramanga,WhatsApp
TRX-18726,PROD-3156,2025-07-30,10,129.29,45.29,10,Perdido,Cali,WhatsApp
TRX-18727,PROD-1909,2025-03-30,8,1367.54,5.33,14,En Camino,Barranquilla,WhatsApp
TRX-18728,PROD-2138,2024-12-15,11,564.11,94.11,12,Desconocido,Ventas_Web,App
TRX-18729,PROD-1801,2025-05-05,12,119.48,6.34,17,En Camino,Medellín,WhatsApp
TRX-18730,PROD-1092,2026-01-14,12,1335.04,67.92,14,Perdido,Barranquilla,WhatsApp
TRX-18731,PROD-1342,2025-03-09,14,976.58,35.67,19,Entregado,Cali,Online
TRX-18732,PROD-3205,2025-03-27,4,33.8,49.69,10,Retrasado,Medellín,Físico
TRX-18733,PROD-2824,2025-10-02,3,230.74,56.99,24,Entregado,Bogotá,App
TRX-18734,PROD-3773,2024-12-03,11,1401.41,43.8,12,Desconocido,Medellín,WhatsApp
TRX-18735,PROD-3750,2024-12-05,9,136.71,78.57,7,Devuelto,Bogotá,WhatsApp
TRX-18736,PROD-1357,2025-10-12,8,1733.27,52.345,8,Desconocido,Ventas_Web,Online
TRX-18737,PROD-3096,2025-08-29,10,629.54,93.42,29,Entregado,Medellín,Físico
TRX-18738,PROD-2615,2025-02-22,13,186.45,13.21,13,En Camino,Barranquilla,App
TRX-18739,PROD-1796,2024-12-27,13,1521.92,81.02,28,Retrasado,Barranquilla,WhatsApp
TRX-18740,PROD-3008,2024-11-14,2,1053.61,17.22,6,Desconocido,Bogotá,App
TRX-18741,PROD-2301,2025-12-11,13,620.21,12.63,8,Perdido,Bogotá,WhatsApp
TRX-18742,PROD-3470,2025-03-15,13,818.14,95.8,5,Entregado,Bogotá,WhatsApp
TRX-18743,PROD-3478,2025-01-10,13,52.61,51.48,9,Retrasado,Medellín,App
TRX-18744,PROD-3095,2025-12-24,14,1328.77,19.5,26,Desconocido,Bogotá,App
TRX-18745,PROD-1229,2025-08-04,8,737.89,59.15,11,Retrasado,Barranquilla,WhatsApp
TRX-18746,PROD-3731,2024-11-12,11,1430.93,30.01,13,En Camino,Bucaramanga,App
TRX-18747,PROD-2478,2025-10-04,11,1260.06,49.11,1,Devuelto,Bogotá,Físico
TRX-18748,PROD-2628,2025-06-02,3,1306.0,52.345,7,Retrasado,Barranquilla,App
TRX-18749,PROD-1605,2026-01-31,10,1587.86,64.34,6,Retrasado,Medellín,App
TRX-18750,PROD-3932,2024-12-04,12,1266.0,87.58,8,Entregado,Barranquilla,App
TRX-18751,PROD-2751,2025-04-22,14,843.26,5.29,2,Perdido,Medellín,App
TRX-18752,PROD-2514,2025-11-28,6,785.96,25.34,17,Entregado,Bogotá,WhatsApp
TRX-18753,PROD-2581,2025-04-22,5,247.97,14.15,17,En Camino,Cali,Online
TRX-18754,PROD-2527,2025-05-31,8,1561.09,14.22,18,Retrasado,Bogotá,WhatsApp
TRX-18755,PROD-1049,2025-03-09,9,1524.61,94.85,21,Devuelto,Bogotá,WhatsApp
TRX-18756,PROD-2165,2025-06-12,11,500.13,93.93,7,Retrasado,Medellín,Físico
TRX-18757,PROD-2412,2025-08-19,7,1726.74,76.18,15,Devuelto,Barranquilla,WhatsApp
TRX-18758,PROD-2439,2026-01-04,6,1182.12,66.09,13,Devuelto,Bogotá,WhatsApp
TRX-18759,PROD-2261,2025-05-10,6,962.59,85.56,25,Desconocido,Bogotá,Físico
TRX-18760,PROD-2825,2025-05-19,1,44.82,52.345,20,Desconocido,Cali,Físico
TRX-18761,PROD-3297,2025-06-24,5,771.65,10.55,29,Devuelto,Bogotá,App
TRX-18762,PROD-1358,2026-01-29,14,1284.93,16.35,25,Perdido,Bogotá,WhatsApp
TRX-18763,PROD-1883,2025-02-12,8,188.6,35.13,14,Entregado,Bogotá,Físico
TRX-18764,PROD-3981,2024-12-01,6,924.54,84.09,27,Desconocido,Bogotá,WhatsApp
TRX-18765,PROD-2819,2025-12-11,12,1986.94,49.86,15,En Camino,Ventas_Web,WhatsApp
TRX-18766,PROD-2702,2025-07-31,1,1435.91,52.84,3,Desconocido,Medellín,WhatsApp
TRX-18767,PROD-2812,2025-10-21,5,1098.27,26.78,28,Perdido,Ventas_Web,App
TRX-18768,PROD-2182,2025-03-15,13,1070.74,66.6,6,Perdido,Barranquilla,App
TRX-18769,PROD-1670,2025-08-24,11,97.09,89.35,9,Devuelto,Medellín,WhatsApp
TRX-18770,PROD-3981,2025-01-09,12,1915.06,36.3,27,Perdido,Bucaramanga,Online
TRX-18771,PROD-2736,2025-04-13,5,1857.07,63.82,14,En Camino,Barranquilla,WhatsApp
TRX-18772,PROD-3984,2025-03-26,12,1367.99,52.345,29,En Camino,Bucaramanga,App
TRX-18773,PROD-2696,2025-07-10,3,207.03,36.54,16,Retrasado,Barranquilla,Físico
TRX-18774,PROD-1571,2025-08-16,8,423.59,80.31,17,Perdido,Bogotá,WhatsApp
TRX-18775,PROD-3405,2024-12-23,9,375.98,50.12,12,Desconocido,Bogotá,App
TRX-18776,PROD-3449,2025-06-08,6,1043.96,37.25,4,Retrasado,Medellín,Físico
TRX-18777,PROD-1352,2025-08-10,6,423.53,44.9,5,Desconocido,Bogotá,App
TRX-18778,PROD-1588,2025-12-03,2,1394.64,13.67,11,En Camino,Bucaramanga,Online
TRX-18779,PROD-1851,2025-04-16,10,1095.01,87.28,22,Perdido,Bogotá,App
TRX-18780,PROD-2242,2024-11-13,2,45.14,96.02,11,Devuelto,Bogotá,WhatsApp
TRX-18781,PROD-2944,2025-09-06,6,1490.67,50.35,8,Devuelto,Medellín,Físico
TRX-18782,PROD-3151,2025-03-22,12,385.77,26.03,28,Perdido,Bucaramanga,WhatsApp
TRX-18783,PROD-2373,2025-12-04,8,1651.52,68.14,18,Desconocido,Barranquilla,WhatsApp
TRX-18784,PROD-1270,2025-07-22,2,716.54,52.345,6,Retrasado,Bucaramanga,Online
TRX-18785,PROD-3419,2024-09-25,9,683.85,47.98,7,Retrasado,Medellín,App
TRX-18786,PROD-2539,2025-12-15,13,33.52,28.97,6,Devuelto,Bogotá,Online
TRX-18787,PROD-1362,2025-10-26,12,1975.58,8.65,14,Retrasado,Cali,App
TRX-18788,PROD-1027,2024-12-15,14,1227.89,89.52,20,Devuelto,Barranquilla,Online
TRX-18789,PROD-2677,2025-04-24,9,851.23,80.69,6,Entregado,Bogotá,App
TRX-18790,PROD-3616,2024-10-26,14,202.28,83.76,4,Devuelto,Medellín,Físico
TRX-18791,PROD-2119,2024-11-11,4,1401.3,46.78,25,Entregado,Bucaramanga,WhatsApp
TRX-18792,PROD-2697,2025-07-08,4,572.63,76.56,13,Perdido,Medellín,App
TRX-18793,PROD-1716,2025-08-17,4,1976.68,60.22,17,Entregado,Ventas_Web,Físico
TRX-18794,PROD-3276,2025-06-08,11,1901.59,40.6,12,En Camino,Medellín,App
TRX-18795,PROD-2892,2025-06-07,5,1473.24,85.06,9,Desconocido,Cali,App
TRX-18796,PROD-3909,2025-10-15,8,1942.43,52.345,27,Retrasado,Medellín,WhatsApp
TRX-18797,PROD-3326,2025-06-21,2,220.21,99.88,20,Entregado,Bucaramanga,WhatsApp
TRX-18798,PROD-1560,2025-03-23,11,567.03,90.43,3,En Camino,Cali,Físico
TRX-18799,PROD-1816,2024-10-25,5,513.95,78.74,11,En Camino,Barranquilla,WhatsApp
TRX-18801,PROD-2563,2025-08-01,14,1944.73,66.77,5,Devuelto,Bucaramanga,Físico
TRX-18802,PROD-2185,2024-11-01,2,129.35,86.09,3,En Camino,Cali,WhatsApp
TRX-18803,PROD-3268,2026-01-21,11,1714.81,51.84,17,Desconocido,Medellín,Físico
TRX-18804,PROD-3009,2025-07-27,11,1538.64,22.26,24,Entregado,Medellín,Físico
TRX-18805,PROD-1172,2025-04-20,8,757.98,77.96,9,Retrasado,Bogotá,WhatsApp
TRX-18806,PROD-2236,2025-06-21,1,47.43,92.35,6,Entregado,Cali,App
TRX-18807,PROD-3397,2025-02-05,7,22.13,37.43,18,Devuelto,Medellín,WhatsApp
TRX-18808,PROD-2244,2024-12-18,3,415.95,52.345,29,Retrasado,Bucaramanga,WhatsApp
TRX-18809,PROD-3023,2024-11-21,4,992.81,79.38,6,En Camino,Cali,App
TRX-18810,PROD-3290,2025-03-05,14,921.24,31.0,6,Entregado,Cali,WhatsApp
TRX-18811,PROD-2898,2024-09-25,8,1174.73,94.55,22,Desconocido,Ventas_Web,WhatsApp
TRX-18812,PROD-1919,2024-10-07,3,1546.2,69.93,10,Entregado,Bucaramanga,App
TRX-18813,PROD-1109,2025-01-02,12,760.94,59.08,11,Desconocido,Bucaramanga,Físico
TRX-18814,PROD-1010,2025-06-04,13,329.12,79.09,14,En Camino,Ventas_Web,App
TRX-18815,PROD-1630,2025-05-05,13,1602.1,82.26,12,En Camino,Ventas_Web,App
TRX-18816,PROD-2075,2025-04-20,7,672.05,89.78,25,Devuelto,Medellín,Online
TRX-18817,PROD-2229,2024-10-15,12,580.89,90.61,20,Devuelto,Ventas_Web,Online
TRX-18818,PROD-3623,2025-05-15,1,1530.98,10.01,18,En Camino,Bogotá,Físico
TRX-18819,PROD-3607,2025-01-31,9,1868.94,16.68,24,Retrasado,Bogotá,WhatsApp
TRX-18820,PROD-2935,2025-02-27,13,1830.77,52.345,22,En Camino,Medellín,Físico
TRX-18821,PROD-1508,2025-03-14,6,283.51,83.48,15,En Camino,Bogotá,WhatsApp
TRX-18822,PROD-3678,2024-10-09,3,1011.28,94.87,10,Perdido,Medellín,Online
TRX-18823,PROD-3727,2025-09-27,7,194.81,34.23,1,Retrasado,Ventas_Web,App
TRX-18824,PROD-2178,2025-12-08,13,1922.34,5.82,15,Retrasado,Medellín,App
TRX-18825,PROD-2708,2025-08-02,5,438.3,35.66,22,Desconocido,Bogotá,Físico
TRX-18826,PROD-1734,2026-01-15,8,402.88,41.37,2,Devuelto,Bogotá,App
TRX-18827,PROD-3014,2025-09-23,8,1778.88,77.3,20,Devuelto,Ventas_Web,App
TRX-18828,PROD-3817,2025-03-26,12,1936.02,9.52,2,Devuelto,Bogotá,Online
TRX-18829,PROD-3641,2025-10-18,9,1398.29,25.2,4,Entregado,Bucaramanga,Online
TRX-18830,PROD-2002,2025-11-19,6,250.8,89.93,23,Retrasado,Bogotá,Físico
TRX-18831,PROD-1116,2025-08-22,4,976.85,19.71,24,Perdido,Barranquilla,WhatsApp
TRX-18832,PROD-1488,2025-12-08,13,1635.04,52.345,14,Devuelto,Medellín,Físico
TRX-18833,PROD-2135,2025-03-25,2,1149.23,77.13,19,Devuelto,Bogotá,Online
TRX-18834,PROD-3019,2025-02-12,3,273.86,39.32,14,Devuelto,Bogotá,App
TRX-18835,PROD-1273,2024-11-05,5,352.06,67.95,13,Devuelto,Bogotá,WhatsApp
TRX-18836,PROD-3453,2024-10-04,8,1729.64,12.02,1,Devuelto,Bogotá,Online
TRX-18837,PROD-2481,2024-09-30,12,1058.79,32.22,10,Entregado,Bogotá,Online
TRX-18838,PROD-3380,2024-12-11,10,1414.62,45.36,14,Perdido,Medellín,WhatsApp
TRX-18839,PROD-2968,2025-07-16,2,752.39,86.44,17,Retrasado,Ventas_Web,WhatsApp
TRX-18840,PROD-3316,2025-03-03,5,1069.65,58.53,26,Perdido,Medellín,Físico
TRX-18841,PROD-2786,2025-07-21,14,1954.44,9.3,16,En Camino,Barranquilla,WhatsApp
TRX-18842,PROD-2056,2025-04-26,9,666.11,81.18,15,Desconocido,Medellín,WhatsApp
TRX-18843,PROD-3572,2025-05-28,2,1352.83,10.18,11,Retrasado,Bogotá,App
TRX-18844,PROD-3809,2024-10-21,8,353.29,52.345,23,Devuelto,Bucaramanga,Físico
TRX-18845,PROD-2949,2025-06-21,3,252.26,93.76,12,En Camino,Bogotá,WhatsApp
TRX-18846,PROD-3843,2025-02-02,8,1569.44,25.11,1,Desconocido,Ventas_Web,Físico
TRX-18847,PROD-1489,2024-09-27,4,1689.78,51.35,3,En Camino,Medellín,WhatsApp
TRX-18848,PROD-2528,2025-05-24,4,1339.94,11.87,11,En Camino,Cali,Online
TRX-18849,PROD-3099,2024-10-22,12,324.81,58.36,21,En Camino,Cali,Online
TRX-18850,PROD-3356,2025-01-17,7,488.77,52.24,11,Devuelto,Bogotá,Físico
TRX-18851,PROD-1071,2025-03-19,5,1823.24,43.97,5,Desconocido,Bucaramanga,Online
TRX-18852,PROD-2063,2026-02-02,4,584.52,8.38,15,En Camino,Barranquilla,Online
TRX-18853,PROD-1667,2025-06-10,7,1639.53,88.5,27,Perdido,Ventas_Web,WhatsApp
TRX-18854,PROD-3382,2025-05-15,12,579.02,81.25,20,Devuelto,Cali,App
TRX-18855,PROD-1239,2025-02-10,3,1879.53,65.14,24,En Camino,Bogotá,WhatsApp
TRX-18856,PROD-1598,2026-01-18,9,1829.76,52.345,16,En Camino,Medellín,App
TRX-18857,PROD-2309,2025-07-24,14,96.09,59.36,3,Perdido,Barranquilla,Físico
TRX-18858,PROD-2888,2025-09-02,13,1543.12,71.02,8,Desconocido,Bucaramanga,App
TRX-18859,PROD-3839,2024-11-11,5,347.23,18.68,16,Entregado,Cali,Físico
TRX-18860,PROD-1554,2025-06-19,12,438.39,93.6,16,Entregado,Bucaramanga,App
TRX-18861,PROD-2463,2025-01-08,3,925.09,32.04,22,Perdido,Ventas_Web,Online
TRX-18862,PROD-1668,2024-11-07,2,1156.87,67.37,4,Desconocido,Medellín,Online
TRX-18863,PROD-1216,2026-01-09,7,658.34,62.64,26,Entregado,Ventas_Web,Físico
TRX-18864,PROD-2116,2024-12-13,12,1155.01,65.48,27,Retrasado,Barranquilla,App
TRX-18865,PROD-2479,2025-01-26,7,349.61,88.5,15,Desconocido,Medellín,Online
TRX-18866,PROD-2718,2024-12-15,12,54.45,33.11,19,Retrasado,Bucaramanga,Físico
TRX-18867,PROD-3606,2025-07-09,13,1146.74,76.15,26,Desconocido,Bucaramanga,App
TRX-18868,PROD-2458,2024-12-02,5,1039.66,52.345,15,Retrasado,Ventas_Web,Online
TRX-18869,PROD-1199,2025-03-16,4,1382.41,61.85,13,Entregado,Bogotá,WhatsApp
TRX-18870,PROD-2187,2025-08-04,13,1303.15,12.23,28,Retrasado,Ventas_Web,App
TRX-18871,PROD-2194,2025-08-18,11,1796.0,44.34,10,Retrasado,Ventas_Web,Físico
TRX-18872,PROD-3169,2025-12-29,2,924.34,84.61,2,Entregado,Bogotá,WhatsApp
TRX-18873,PROD-3617,2025-08-25,2,26.66,34.96,6,Perdido,Cali,WhatsApp
TRX-18874,PROD-1314,2025-10-22,7,1265.0,50.82,17,Desconocido,Medellín,Físico
TRX-18875,PROD-3104,2025-09-11,10,1353.51,51.42,26,Devuelto,Medellín,WhatsApp
TRX-18876,PROD-1793,2024-12-22,7,1047.78,63.71,8,Retrasado,Bogotá,Físico
TRX-18877,PROD-3572,2026-01-04,4,1381.72,88.98,16,Desconocido,Bucaramanga,Online
TRX-18878,PROD-1750,2025-09-08,14,653.93,21.49,29,Entregado,Ventas_Web,Físico
TRX-18879,PROD-1387,2025-11-30,4,306.13,52.94,21,Devuelto,Bogotá,WhatsApp
TRX-18880,PROD-3452,2025-05-29,4,1332.46,52.345,13,Devuelto,Bogotá,WhatsApp
TRX-18881,PROD-1684,2025-02-01,11,497.92,45.31,23,Desconocido,Ventas_Web,App
TRX-18882,PROD-3227,2025-03-10,2,918.07,33.11,28,En Camino,Ventas_Web,WhatsApp
TRX-18883,PROD-2321,2025-12-09,13,988.33,92.36,12,Devuelto,Barranquilla,Online
TRX-18884,PROD-2295,2024-11-21,13,959.63,5.78,16,Retrasado,Ventas_Web,Físico
TRX-18885,PROD-3805,2025-09-26,9,1200.91,16.6,7,Perdido,Bucaramanga,Físico
TRX-18886,PROD-2233,2025-08-25,1,68.61,74.67,27,Desconocido,Ventas_Web,WhatsApp
TRX-18887,PROD-2111,2025-05-21,8,1979.47,30.03,10,Retrasado,Medellín,Online
TRX-18888,PROD-3807,2025-03-31,6,1435.46,73.7,6,En Camino,Medellín,Físico
TRX-18889,PROD-3858,2026-01-31,13,856.52,84.06,5,Devuelto,Bucaramanga,App
TRX-18890,PROD-3819,2025-08-28,10,390.75,29.19,18,Desconocido,Bucaramanga,Online
TRX-18891,PROD-2484,2025-06-30,7,169.55,23.23,16,En Camino,Medellín,App
TRX-18892,PROD-1392,2025-05-12,12,1347.66,52.345,3,Retrasado,Bucaramanga,App
TRX-18893,PROD-3188,2026-01-06,5,640.74,18.8,3,Retrasado,Medellín,Físico
TRX-18894,PROD-3375,2025-12-29,6,466.66,24.01,5,Retrasado,Bogotá,Online
TRX-18895,PROD-2440,2025-07-08,6,766.11,30.38,2,Perdido,Medellín,WhatsApp
TRX-18896,PROD-1588,2025-06-24,13,1189.92,87.53,27,Retrasado,Barranquilla,Físico
TRX-18897,PROD-1052,2025-08-01,9,1346.69,78.15,1,Retrasado,Medellín,App
TRX-18898,PROD-1560,2024-10-07,10,1293.89,5.18,4,Devuelto,Bucaramanga,Físico
TRX-18899,PROD-3122,2024-11-02,13,1727.9,88.04,10,Desconocido,Bogotá,Físico
TRX-18901,PROD-2527,2025-04-18,4,1277.12,67.25,3,Desconocido,Barranquilla,Físico
TRX-18902,PROD-2986,2024-11-21,12,211.22,19.39,11,Perdido,Ventas_Web,WhatsApp
TRX-18903,PROD-2687,2025-09-22,11,1100.39,10.92,3,Desconocido,Medellín,App
TRX-18904,PROD-2393,2025-05-20,12,1172.08,52.345,28,Devuelto,Medellín,Online
TRX-18905,PROD-1667,2024-12-27,13,440.31,77.18,10,En Camino,Cali,App
TRX-18906,PROD-1419,2025-06-27,5,789.47,49.38,27,Entregado,Medellín,WhatsApp
TRX-18907,PROD-1892,2025-11-23,4,1656.11,61.91,22,Desconocido,Bogotá,Online
TRX-18908,PROD-1633,2025-03-01,1,305.33,45.41,28,Devuelto,Bogotá,App
TRX-18909,PROD-3061,2025-10-24,10,874.67,11.38,9,Desconocido,Medellín,App
TRX-18910,PROD-1905,2025-11-18,6,1866.14,75.26,26,Perdido,Barranquilla,Físico
TRX-18911,PROD-1771,2025-07-01,5,1013.18,82.93,29,Devuelto,Barranquilla,Online
TRX-18912,PROD-3288,2026-02-04,4,1453.02,8.93,10,Entregado,Bucaramanga,WhatsApp
TRX-18913,PROD-3512,2025-04-19,6,1655.46,40.69,27,Devuelto,Barranquilla,WhatsApp
TRX-18914,PROD-3824,2025-02-02,12,415.51,57.95,13,Desconocido,Medellín,App
TRX-18915,PROD-3153,2025-10-08,5,444.25,62.49,18,Desconocido,Medellín,Físico
TRX-18916,PROD-3179,2025-11-29,3,1519.6,52.345,21,Entregado,Bogotá,WhatsApp
TRX-18917,PROD-3918,2024-12-28,2,1509.08,59.92,18,Perdido,Bogotá,Físico
TRX-18918,PROD-3257,2025-04-29,13,129.76,70.83,22,Devuelto,Bogotá,Online
TRX-18919,PROD-3876,2025-10-16,6,651.77,96.85,17,Perdido,Barranquilla,Físico
TRX-18920,PROD-1466,2026-01-20,4,803.08,42.11,17,Perdido,Medellín,Físico
TRX-18921,PROD-2709,2024-12-02,11,1659.79,57.88,25,En Camino,Medellín,App
TRX-18922,PROD-2886,2025-11-28,13,849.51,71.41,26,En Camino,Medellín,WhatsApp
TRX-18923,PROD-1312,2025-06-23,10,1852.6,61.28,5,Devuelto,Medellín,Online
TRX-18924,PROD-1477,2025-09-08,3,1993.25,41.74,9,Devuelto,Medellín,WhatsApp
TRX-18925,PROD-1537,2025-02-03,14,1563.65,64.29,12,Desconocido,Bogotá,Online
TRX-18926,PROD-1071,2024-11-27,8,1336.11,66.76,12,Desconocido,Bucaramanga,Online
TRX-18927,PROD-2964,2025-01-27,12,789.88,60.57,24,Perdido,Barranquilla,WhatsApp
TRX-18928,PROD-2426,2025-04-15,9,143.41,52.345,25,En Camino,Cali,Online
TRX-18929,PROD-2276,2025-07-17,7,1150.55,24.49,25,Devuelto,Cali,WhatsApp
TRX-18930,PROD-3830,2025-01-17,2,729.79,53.07,24,Devuelto,Bogotá,Físico
TRX-18931,PROD-2485,2025-12-02,8,708.29,89.01,19,Devuelto,Bogotá,Online
TRX-18932,PROD-1569,2025-06-16,11,1378.54,87.52,7,En Camino,Bucaramanga,WhatsApp
TRX-18933,PROD-2810,2025-07-01,13,932.64,76.32,20,Devuelto,Medellín,Físico
TRX-18934,PROD-3447,2025-02-18,13,1506.67,71.23,24,Perdido,Barranquilla,Físico
TRX-18935,PROD-3142,2025-04-04,11,802.36,19.56,23,Devuelto,Medellín,Físico
TRX-18936,PROD-2401,2025-03-09,5,310.22,48.65,12,Retrasado,Bogotá,Físico
TRX-18937,PROD-1705,2025-07-31,11,928.08,15.54,9,Desconocido,Ventas_Web,Online
TRX-18938,PROD-3907,2025-10-01,10,1902.51,82.64,8,Entregado,Cali,WhatsApp
TRX-18939,PROD-2247,2025-03-20,7,1605.03,32.65,19,Perdido,Bogotá,WhatsApp
TRX-18940,PROD-1117,2025-02-17,5,419.44,52.345,21,Devuelto,Bucaramanga,Físico
TRX-18941,PROD-1485,2025-12-31,2,788.69,77.85,3,Retrasado,Medellín,App
TRX-18942,PROD-1910,2025-12-30,12,1856.31,82.38,11,En Camino,Barranquilla,App
TRX-18943,PROD-1527,2024-11-18,12,256.16,89.79,12,Perdido,Bucaramanga,App
TRX-18944,PROD-3843,2026-01-25,12,515.36,76.61,25,Perdido,Bogotá,App
TRX-18945,PROD-1583,2024-09-27,4,531.82,58.65,17,Devuelto,Ventas_Web,Físico
TRX-18946,PROD-3818,2024-10-06,13,1146.16,61.83,7,En Camino,Barranquilla,App
TRX-18947,PROD-1928,2025-06-29,11,827.36,35.46,25,Devuelto,Barranquilla,App
TRX-18948,PROD-2259,2026-02-03,5,168.94,21.81,3,Retrasado,Bucaramanga,Físico
TRX-18949,PROD-1513,2025-08-12,6,1262.07,17.41,7,Entregado,Ventas_Web,WhatsApp
TRX-18950,PROD-1859,2025-12-02,5,207.16,22.29,7,Desconocido,Bucaramanga,WhatsApp
TRX-18951,PROD-1533,2025-07-23,10,1216.77,93.73,27,Desconocido,Medellín,Online
TRX-18952,PROD-1321,2025-04-26,11,1018.95,52.345,14,En Camino,Barranquilla,WhatsApp
TRX-18953,PROD-2740,2025-03-16,1,992.4,20.62,2,Entregado,Cali,Online
TRX-18954,PROD-3829,2025-08-04,1,144.32,73.76,16,Retrasado,Bogotá,Online
TRX-18955,PROD-1457,2025-12-23,3,1282.05,22.54,21,Perdido,Barranquilla,Online
TRX-18956,PROD-1318,2024-09-25,9,868.33,97.65,10,Retrasado,Bucaramanga,WhatsApp
TRX-18957,PROD-1077,2025-10-02,11,828.1,39.83,14,Desconocido,Medellín,Físico
TRX-18958,PROD-2983,2025-02-06,2,1196.94,44.15,29,Entregado,Bogotá,Físico
TRX-18959,PROD-2766,2026-01-01,10,1216.43,43.43,7,En Camino,Medellín,WhatsApp
TRX-18960,PROD-1174,2024-12-31,5,39.92,82.56,2,Devuelto,Barranquilla,Online
TRX-18961,PROD-1804,2024-12-14,9,259.2,25.74,26,Entregado,Medellín,App
TRX-18962,PROD-1441,2025-06-29,7,480.67,83.95,10,En Camino,Medellín,Físico
TRX-18963,PROD-1134,2025-02-01,11,1359.17,67.42,2,Entregado,Bogotá,App
TRX-18964,PROD-3702,2025-10-20,8,1157.71,52.345,27,Desconocido,Barranquilla,App
TRX-18965,PROD-3103,2026-01-16,2,1517.68,25.93,13,Perdido,Medellín,App
TRX-18966,PROD-3429,2024-09-23,5,1483.81,11.21,22,Desconocido,Ventas_Web,WhatsApp
TRX-18967,PROD-1242,2025-01-16,9,1707.83,78.62,2,Perdido,Ventas_Web,Online
TRX-18968,PROD-2921,2026-02-03,1,759.86,25.8,10,Devuelto,Barranquilla,WhatsApp
TRX-18969,PROD-1487,2025-11-15,1,696.68,89.46,14,Perdido,Ventas_Web,Online
TRX-18970,PROD-2036,2025-04-12,10,1663.72,17.33,17,Retrasado,Medellín,Online
TRX-18971,PROD-1177,2025-02-09,8,482.83,63.55,19,Desconocido,Bogotá,App
TRX-18972,PROD-1271,2025-02-15,2,927.73,70.76,12,Desconocido,Bucaramanga,App
TRX-18973,PROD-2235,2025-12-28,9,396.71,67.48,17,Desconocido,Bogotá,Físico
TRX-18974,PROD-3734,2025-06-15,10,1828.54,35.02,6,Devuelto,Medellín,WhatsApp
TRX-18975,PROD-1042,2025-04-12,9,821.53,88.17,4,Desconocido,Bogotá,Físico
TRX-18976,PROD-1395,2025-10-29,4,432.85,52.345,2,Entregado,Cali,Online
TRX-18977,PROD-1507,2025-02-21,2,1387.11,78.13,29,Desconocido,Medellín,WhatsApp
TRX-18978,PROD-3464,2025-10-12,3,496.84,53.47,15,Retrasado,Bogotá,WhatsApp
TRX-18979,PROD-1841,2025-05-02,10,1887.57,62.31,28,En Camino,Bucaramanga,Físico
TRX-18980,PROD-3406,2024-12-10,1,741.56,58.81,23,Entregado,Medellín,WhatsApp
TRX-18981,PROD-1819,2025-04-10,3,1332.64,94.94,23,Desconocido,Medellín,App
TRX-18982,PROD-1756,2025-05-30,5,697.04,90.16,24,Desconocido,Bogotá,App
TRX-18983,PROD-3746,2024-12-30,3,1616.42,27.37,16,Desconocido,Ventas_Web,App
TRX-18984,PROD-2439,2026-01-01,3,1794.88,29.96,12,Perdido,Barranquilla,Online
TRX-18985,PROD-1119,2026-01-24,10,1577.96,98.24,28,Entregado,Bucaramanga,Físico
TRX-18986,PROD-1371,2025-10-27,6,1698.51,27.47,7,Perdido,Bogotá,App
TRX-18987,PROD-1596,2025-04-23,3,212.74,95.58,13,Retrasado,Cali,Online
TRX-18988,PROD-2136,2025-02-12,3,1848.89,52.345,1,Desconocido,Bucaramanga,Online
TRX-18989,PROD-3374,2025-03-31,9,1252.36,66.73,19,Retrasado,Barranquilla,Físico
TRX-18990,PROD-2424,2025-10-16,2,1739.74,9.76,13,Retrasado,Medellín,App
TRX-18991,PROD-2442,2025-07-20,1,1372.03,36.89,1,Desconocido,Bucaramanga,WhatsApp
TRX-18992,PROD-1657,2025-10-01,10,411.68,50.23,2,Devuelto,Medellín,Online
TRX-18993,PROD-3050,2024-11-13,8,1223.01,84.14,1,Perdido,Ventas_Web,WhatsApp
TRX-18994,PROD-3984,2025-12-21,13,190.98,36.22,12,Entregado,Ventas_Web,Online
TRX-18995,PROD-3510,2025-01-12,14,1394.49,34.5,25,Desconocido,Medellín,App
TRX-18996,PROD-1990,2025-02-04,3,823.91,92.43,23,Entregado,Barranquilla,Online
TRX-18997,PROD-3068,2025-11-07,7,311.95,12.51,25,Entregado,Medellín,Online
TRX-18998,PROD-3335,2026-01-08,2,1958.67,57.39,24,Devuelto,Barranquilla,Físico
TRX-18999,PROD-1279,2026-01-05,11,1803.16,52.9,10,Devuelto,Medellín,Físico
TRX-19001,PROD-3368,2024-10-05,11,1579.75,10.45,2,Devuelto,Bogotá,Físico
TRX-19002,PROD-1057,2025-06-22,12,1387.04,13.34,1,Desconocido,Medellín,Físico
TRX-19003,PROD-3166,2025-05-13,8,1313.61,41.29,5,Retrasado,Bucaramanga,WhatsApp
TRX-19004,PROD-1888,2024-11-05,9,221.13,17.75,23,Entregado,Cali,WhatsApp
TRX-19005,PROD-3931,2025-10-24,8,1802.13,50.42,2,Retrasado,Bogotá,Físico
TRX-19006,PROD-1784,2026-01-09,8,1763.45,62.84,4,Devuelto,Bucaramanga,App
TRX-19007,PROD-2154,2024-12-04,8,1498.23,70.68,23,Entregado,Medellín,Online
TRX-19008,PROD-1703,2025-06-10,14,1855.36,56.91,29,En Camino,Ventas_Web,App
TRX-19009,PROD-3200,2025-05-11,7,1110.64,41.07,14,Retrasado,Ventas_Web,App
TRX-19010,PROD-1017,2024-10-25,2,900.81,17.33,9,En Camino,Bucaramanga,Físico
TRX-19011,PROD-3971,2025-10-15,8,1936.22,28.51,6,Perdido,Bogotá,App
TRX-19012,PROD-1404,2026-01-11,5,933.62,52.345,23,Desconocido,Barranquilla,Online
TRX-19013,PROD-1876,2025-11-06,6,1286.24,44.85,24,Retrasado,Bogotá,App
TRX-19014,PROD-3065,2024-11-29,4,752.39,92.79,12,Entregado,Bucaramanga,WhatsApp
TRX-19015,PROD-3898,2024-10-08,1,1276.29,24.25,12,Entregado,Bogotá,App
TRX-19016,PROD-2944,2026-01-20,13,1443.0,44.27,24,Desconocido,Bucaramanga,Físico
TRX-19017,PROD-2501,2025-02-19,5,1253.06,74.57,29,En Camino,Bucaramanga,App
TRX-19018,PROD-3859,2025-07-11,3,1033.98,71.99,9,Entregado,Cali,App
TRX-19019,PROD-3414,2025-01-02,9,607.22,96.73,28,Desconocido,Bogotá,WhatsApp
TRX-19020,PROD-1758,2025-03-27,4,1291.25,23.14,15,Retrasado,Barranquilla,Físico
TRX-19021,PROD-2800,2025-12-05,10,1817.77,6.57,10,Devuelto,Medellín,Online
TRX-19022,PROD-3758,2025-11-15,2,23.76,35.62,2,Devuelto,Cali,Físico
TRX-19023,PROD-1439,2024-10-17,4,276.52,19.22,29,Desconocido,Bogotá,Físico
TRX-19024,PROD-1740,2024-12-03,3,248.35,52.345,23,Entregado,Ventas_Web,App
TRX-19025,PROD-2453,2024-12-12,3,1847.18,57.1,18,Perdido,Ventas_Web,Físico
TRX-19026,PROD-2554,2024-11-22,5,1328.87,90.38,7,Retrasado,Cali,Físico
TRX-19027,PROD-2737,2024-10-10,1,1904.06,70.38,27,Perdido,Cali,Online
TRX-19028,PROD-1877,2025-05-22,5,1169.8,17.9,9,En Camino,Barranquilla,App
TRX-19029,PROD-3106,2024-11-19,8,928.85,16.03,20,Desconocido,Barranquilla,Online
TRX-19030,PROD-1932,2025-08-20,10,1586.76,91.59,28,Entregado,Medellín,Online
TRX-19031,PROD-2669,2025-10-04,12,330.28,51.32,21,Desconocido,Cali,Físico
TRX-19032,PROD-1462,2024-11-18,9,768.86,92.75,21,En Camino,Cali,Online
TRX-19033,PROD-2287,2024-12-28,12,937.89,74.94,28,Perdido,Medellín,WhatsApp
TRX-19034,PROD-1506,2025-04-25,1,603.93,99.37,18,Retrasado,Medellín,Online
TRX-19035,PROD-2908,2025-08-07,14,748.86,87.77,29,Perdido,Barranquilla,Físico
TRX-19036,PROD-1451,2024-10-04,2,165.43,52.345,3,Devuelto,Ventas_Web,Físico
TRX-19037,PROD-3128,2024-10-03,2,403.99,44.35,13,Perdido,Bucaramanga,App
TRX-19038,PROD-1556,2025-10-24,6,677.64,77.03,10,Perdido,Bogotá,Físico
TRX-19039,PROD-3030,2025-03-04,1,1593.82,49.77,17,Perdido,Bogotá,Físico
TRX-19040,PROD-2479,2025-07-02,11,373.17,27.14,3,Perdido,Bogotá,WhatsApp
TRX-19041,PROD-3886,2025-04-27,1,699.81,27.9,21,Retrasado,Medellín,Físico
TRX-19042,PROD-2180,2025-09-17,2,139.19,42.75,9,Entregado,Cali,App
TRX-19043,PROD-3282,2025-08-11,12,1118.64,15.59,17,Retrasado,Bogotá,Online
TRX-19044,PROD-3957,2025-05-21,13,1226.39,21.89,16,Desconocido,Medellín,Físico
TRX-19045,PROD-1166,2025-09-02,4,1732.38,52.56,6,En Camino,Barranquilla,App
TRX-19046,PROD-1336,2024-11-06,2,1640.04,95.62,28,Devuelto,Medellín,Físico
TRX-19047,PROD-2343,2025-12-24,4,577.9,59.88,18,Entregado,Medellín,Online
TRX-19048,PROD-3022,2024-12-12,3,282.54,52.345,28,Desconocido,Ventas_Web,Online
TRX-19049,PROD-1473,2025-06-04,3,320.61,43.81,6,Desconocido,Medellín,Físico
TRX-19050,PROD-2576,2024-11-28,9,1938.24,28.06,26,Devuelto,Bogotá,Físico
TRX-19051,PROD-2161,2026-01-28,8,1349.72,23.61,6,Devuelto,Bucaramanga,App
TRX-19052,PROD-2871,2025-11-02,12,94.72,67.55,17,Entregado,Bucaramanga,Online
TRX-19053,PROD-3459,2025-01-02,12,282.19,85.59,21,Desconocido,Bogotá,Físico
TRX-19054,PROD-2277,2025-12-28,10,976.74,42.89,10,Desconocido,Bucaramanga,Físico
TRX-19055,PROD-3814,2024-12-22,9,423.58,57.31,2,Entregado,Bucaramanga,Físico
TRX-19056,PROD-2818,2024-11-03,1,1609.28,72.14,1,Desconocido,Medellín,Físico
TRX-19057,PROD-1925,2025-06-25,12,1150.7,10.54,11,En Camino,Medellín,App
TRX-19058,PROD-3268,2025-07-23,5,1229.14,38.34,25,Retrasado,Bogotá,WhatsApp
TRX-19059,PROD-2668,2025-06-23,12,931.02,74.33,6,Entregado,Bogotá,App
TRX-19060,PROD-2190,2025-10-11,12,519.56,52.345,1,Desconocido,Bogotá,Online
TRX-19061,PROD-2752,2024-12-08,4,1182.91,70.04,16,En Camino,Barranquilla,Online
TRX-19062,PROD-1773,2025-05-14,11,1436.77,10.07,26,Perdido,Medellín,WhatsApp
TRX-19063,PROD-1285,2025-12-20,14,748.19,27.59,9,Entregado,Bogotá,App
TRX-19064,PROD-2948,2025-04-12,9,1014.84,69.6,12,Retrasado,Barranquilla,WhatsApp
TRX-19065,PROD-3781,2026-01-20,14,1680.97,30.78,9,Perdido,Barranquilla,WhatsApp
TRX-19066,PROD-2505,2025-05-01,3,305.88,82.37,13,Perdido,Medellín,Online
TRX-19067,PROD-1734,2025-06-11,5,1095.0,7.8,7,Perdido,Cali,App
TRX-19068,PROD-1052,2024-10-31,8,703.34,23.08,25,Perdido,Medellín,Físico
TRX-19069,PROD-3761,2024-10-03,10,1408.56,31.72,1,Devuelto,Bucaramanga,Físico
TRX-19070,PROD-3013,2025-01-12,5,47.43,92.9,29,Retrasado,Bogotá,WhatsApp
TRX-19071,PROD-3752,2025-11-05,9,1344.24,80.65,3,En Camino,Barranquilla,App
TRX-19072,PROD-1430,2025-01-08,2,214.77,52.345,24,Entregado,Bogotá,Físico
TRX-19073,PROD-2623,2026-01-27,6,138.89,88.99,3,En Camino,Bogotá,Físico
TRX-19074,PROD-2794,2024-12-25,5,1452.0,46.85,24,Devuelto,Bucaramanga,App
TRX-19075,PROD-3140,2025-07-30,9,1284.28,83.14,19,Perdido,Barranquilla,Físico
TRX-19076,PROD-3697,2024-12-15,7,1790.92,86.08,4,Desconocido,Barranquilla,Online
TRX-19077,PROD-3771,2024-11-19,8,1044.11,43.0,29,Entregado,Bogotá,Físico
TRX-19078,PROD-1348,2025-07-12,7,1064.75,99.47,28,Retrasado,Bogotá,Online
TRX-19079,PROD-1488,2024-10-08,13,1416.97,85.87,12,Entregado,Bogotá,WhatsApp
TRX-19080,PROD-1587,2026-01-14,10,653.56,97.54,4,Entregado,Medellín,App
TRX-19081,PROD-2617,2026-01-12,10,83.46,87.32,21,En Camino,Medellín,Online
TRX-19082,PROD-2640,2025-08-14,5,467.79,78.74,10,Desconocido,Cali,Físico
TRX-19083,PROD-3846,2024-12-24,11,483.65,94.67,26,Perdido,Bogotá,Online
TRX-19084,PROD-3418,2026-01-15,13,677.96,52.345,27,Retrasado,Medellín,Físico
TRX-19085,PROD-1416,2025-12-23,14,1887.49,44.88,4,Entregado,Bogotá,Físico
TRX-19086,PROD-1691,2025-03-06,5,1611.64,79.42,23,Devuelto,Medellín,Online
TRX-19087,PROD-1265,2025-12-03,13,1872.55,25.22,11,Devuelto,Bucaramanga,Físico
TRX-19088,PROD-2489,2025-04-25,11,1997.23,74.62,4,Desconocido,Cali,Online
TRX-19089,PROD-1815,2025-02-13,4,873.22,79.61,11,Perdido,Medellín,WhatsApp
TRX-19090,PROD-2387,2025-06-23,2,461.88,73.07,17,Desconocido,Medellín,WhatsApp
TRX-19091,PROD-1820,2025-10-30,14,1124.41,85.73,21,Entregado,Cali,WhatsApp
TRX-19092,PROD-3436,2025-11-24,9,1763.46,44.27,28,Perdido,Medellín,WhatsApp
TRX-19093,PROD-2655,2025-10-13,10,936.81,56.75,24,Entregado,Medellín,Físico
TRX-19094,PROD-1502,2025-12-08,10,1015.74,6.01,22,Retrasado,Medellín,App
TRX-19095,PROD-1953,2025-02-07,12,277.53,18.88,20,Devuelto,Barranquilla,App
TRX-19096,PROD-2739,2025-04-14,10,846.71,52.345,20,Desconocido,Bucaramanga,Online
TRX-19097,PROD-3970,2025-07-21,10,780.12,66.2,13,En Camino,Cali,WhatsApp
TRX-19098,PROD-3044,2025-04-20,3,709.86,58.42,17,Desconocido,Cali,WhatsApp
TRX-19099,PROD-2140,2024-10-11,11,1775.72,23.75,26,Perdido,Bogotá,Online
TRX-19101,PROD-3383,2025-07-12,11,1944.57,37.69,17,Devuelto,Bucaramanga,App
TRX-19102,PROD-3431,2026-01-10,3,26.41,73.06,19,Retrasado,Medellín,WhatsApp
TRX-19103,PROD-2118,2025-09-25,3,1891.73,62.92,20,Desconocido,Bucaramanga,WhatsApp
TRX-19104,PROD-3637,2025-12-28,8,1100.61,11.61,15,Desconocido,Bogotá,App
TRX-19105,PROD-2639,2025-07-20,6,1407.87,77.19,4,En Camino,Cali,WhatsApp
TRX-19106,PROD-2458,2025-09-30,1,382.39,29.95,18,Entregado,Ventas_Web,WhatsApp
TRX-19107,PROD-2948,2025-03-03,12,1311.88,68.82,11,Entregado,Bogotá,WhatsApp
TRX-19108,PROD-3730,2025-01-30,13,1765.1,52.345,9,Retrasado,Barranquilla,App
TRX-19109,PROD-3470,2024-11-05,14,287.57,16.72,16,Retrasado,Bogotá,WhatsApp
TRX-19110,PROD-2656,2025-09-10,3,262.89,99.8,24,Perdido,Bucaramanga,WhatsApp
TRX-19111,PROD-2984,2024-12-14,4,614.92,12.63,3,Retrasado,Bucaramanga,WhatsApp
TRX-19112,PROD-3094,2025-10-07,13,331.83,75.46,27,Entregado,Bogotá,Físico
TRX-19113,PROD-2142,2025-01-24,2,230.19,56.43,18,Desconocido,Bogotá,Online
TRX-19114,PROD-1603,2024-10-19,6,1359.85,13.16,17,Retrasado,Medellín,Online
TRX-19115,PROD-2862,2025-07-23,10,435.51,7.55,10,Devuelto,Bogotá,WhatsApp
TRX-19116,PROD-1442,2025-09-07,12,1337.36,39.45,25,Devuelto,Medellín,App
TRX-19117,PROD-1500,2024-09-29,1,1725.24,81.21,5,Entregado,Medellín,Online
TRX-19118,PROD-2026,2025-11-07,1,1307.53,8.91,24,Retrasado,Barranquilla,WhatsApp
TRX-19119,PROD-3004,2025-08-29,8,247.54,71.92,29,Desconocido,Barranquilla,WhatsApp
TRX-19120,PROD-3036,2025-04-09,4,1151.42,52.345,15,Retrasado,Bogotá,Online
TRX-19121,PROD-1945,2025-01-12,1,793.32,67.26,20,Retrasado,Ventas_Web,Físico
TRX-19122,PROD-3573,2024-12-20,7,693.31,30.23,18,Devuelto,Bucaramanga,Físico
TRX-19123,PROD-1551,2025-01-28,9,643.88,12.36,5,Entregado,Barranquilla,Online
TRX-19124,PROD-1121,2025-05-10,10,1859.57,91.96,24,Perdido,Bogotá,WhatsApp
TRX-19125,PROD-1407,2024-10-10,7,1487.59,33.53,15,Desconocido,Barranquilla,Físico
TRX-19126,PROD-1216,2025-07-08,1,276.36,15.58,6,Devuelto,Bucaramanga,App
TRX-19127,PROD-1279,2025-03-02,1,957.25,69.74,8,Entregado,Cali,Online
TRX-19128,PROD-3040,2025-09-09,12,643.26,25.58,27,Entregado,Ventas_Web,Físico
TRX-19129,PROD-3777,2025-10-05,1,1956.1,50.18,3,Perdido,Medellín,Físico
TRX-19130,PROD-1109,2025-06-30,8,1956.28,9.79,5,En Camino,Barranquilla,Online
TRX-19131,PROD-1733,2025-10-25,7,645.87,99.33,18,Perdido,Cali,WhatsApp
TRX-19132,PROD-2567,2025-11-18,14,710.71,52.345,28,Perdido,Ventas_Web,Online
TRX-19133,PROD-3476,2025-03-07,3,1202.83,47.52,15,Entregado,Bucaramanga,App
TRX-19134,PROD-3782,2025-06-09,3,963.82,99.92,27,En Camino,Bogotá,WhatsApp
TRX-19135,PROD-2339,2025-09-21,12,434.07,41.64,12,En Camino,Cali,Físico
TRX-19136,PROD-1625,2025-03-31,3,1324.22,38.05,19,Retrasado,Cali,WhatsApp
TRX-19137,PROD-2240,2025-08-26,2,674.92,91.88,7,Perdido,Cali,Online
TRX-19138,PROD-3547,2025-06-15,14,1310.9,36.3,1,Perdido,Medellín,WhatsApp
TRX-19139,PROD-3552,2025-07-10,14,773.53,46.04,24,En Camino,Bogotá,Físico
TRX-19140,PROD-1394,2025-09-12,4,1403.42,12.42,21,En Camino,Barranquilla,Físico
TRX-19141,PROD-1313,2025-09-17,7,1338.92,95.77,2,Desconocido,Ventas_Web,Físico
TRX-19142,PROD-3707,2025-06-28,9,1022.54,13.09,19,En Camino,Cali,Físico
TRX-19143,PROD-3129,2025-04-27,3,1412.43,78.26,13,Entregado,Bucaramanga,Online
TRX-19144,PROD-3016,2025-08-09,10,927.32,52.345,20,Entregado,Medellín,Online
TRX-19145,PROD-2908,2025-08-26,7,241.12,56.17,18,Entregado,Medellín,App
TRX-19146,PROD-1827,2025-04-17,12,372.39,10.83,10,Desconocido,Medellín,Online
TRX-19147,PROD-2202,2025-02-22,4,499.53,5.16,13,Perdido,Bogotá,Físico
TRX-19148,PROD-3711,2026-01-15,1,135.83,93.88,5,Desconocido,Ventas_Web,App
TRX-19149,PROD-3039,2025-03-22,5,1425.65,75.51,23,Desconocido,Ventas_Web,WhatsApp
TRX-19150,PROD-3008,2025-04-22,8,741.11,70.21,13,En Camino,Bogotá,Online
TRX-19151,PROD-3067,2025-06-22,3,196.11,46.66,9,Entregado,Medellín,Online
TRX-19152,PROD-2071,2025-12-07,10,1641.72,27.67,1,Retrasado,Medellín,App
TRX-19153,PROD-3221,2025-04-13,4,1370.47,69.59,26,En Camino,Bogotá,Online
TRX-19154,PROD-2407,2025-04-15,3,909.93,62.79,29,Desconocido,Barranquilla,Online
TRX-19155,PROD-3214,2026-01-08,10,502.38,74.0,22,En Camino,Medellín,Online
TRX-19156,PROD-3238,2025-10-31,14,311.97,52.345,6,Desconocido,Bogotá,Físico
TRX-19157,PROD-1072,2025-10-11,14,922.16,39.75,1,En Camino,Bucaramanga,App
TRX-19158,PROD-1129,2025-02-22,8,1771.64,98.76,18,Entregado,Bucaramanga,App
TRX-19159,PROD-2762,2025-03-11,10,384.91,11.37,27,Devuelto,Bogotá,Físico
TRX-19160,PROD-1487,2025-11-25,8,1141.63,12.57,16,Retrasado,Barranquilla,App
TRX-19161,PROD-2571,2025-05-21,14,1923.76,92.1,8,Retrasado,Bucaramanga,WhatsApp
TRX-19162,PROD-2843,2025-07-06,4,1277.86,66.53,6,Devuelto,Medellín,Online
TRX-19163,PROD-2288,2025-05-25,11,885.53,36.0,13,Retrasado,Bogotá,Físico
TRX-19164,PROD-2541,2025-08-09,2,1435.58,77.39,17,Entregado,Bogotá,WhatsApp
TRX-19165,PROD-2812,2025-12-02,12,1650.91,48.01,26,En Camino,Barranquilla,Físico
TRX-19166,PROD-2882,2024-12-11,3,1185.13,7.01,13,Devuelto,Bogotá,Físico
TRX-19167,PROD-1147,2026-01-31,3,1744.95,66.85,10,En Camino,Bucaramanga,App
TRX-19168,PROD-1134,2024-12-23,4,1034.04,52.345,27,Desconocido,Bogotá,WhatsApp
TRX-19169,PROD-1724,2025-02-18,11,1661.76,28.1,6,Retrasado,Bucaramanga,WhatsApp
TRX-19170,PROD-3280,2024-10-22,13,1904.52,15.96,26,Perdido,Cali,Físico
TRX-19171,PROD-3700,2025-01-23,2,1007.47,26.4,23,Retrasado,Medellín,Físico
TRX-19172,PROD-2241,2025-10-14,2,1213.95,50.23,18,Retrasado,Bucaramanga,WhatsApp
TRX-19173,PROD-3892,2026-01-17,3,1222.84,9.74,27,Devuelto,Ventas_Web,Físico
TRX-19174,PROD-1672,2025-08-14,12,1565.06,88.9,20,En Camino,Medellín,App
TRX-19175,PROD-3013,2025-11-23,1,1647.7,58.19,23,Devuelto,Medellín,App
TRX-19176,PROD-2764,2024-10-21,8,64.19,32.83,13,Entregado,Cali,App
TRX-19177,PROD-1550,2025-06-08,6,1469.39,70.27,27,En Camino,Bogotá,Físico
TRX-19178,PROD-2279,2025-03-27,3,1569.79,81.4,15,Entregado,Ventas_Web,Online
TRX-19179,PROD-3931,2025-11-13,1,1403.85,63.32,6,Entregado,Bogotá,WhatsApp
TRX-19180,PROD-2593,2024-12-06,3,1430.25,52.345,11,Devuelto,Medellín,App
TRX-19181,PROD-2996,2024-11-06,1,92.39,24.24,8,Retrasado,Medellín,Online
TRX-19182,PROD-1448,2024-11-30,3,889.66,15.48,14,Desconocido,Medellín,Online
TRX-19183,PROD-3330,2026-02-02,4,1638.18,86.69,13,Perdido,Barranquilla,App
TRX-19184,PROD-3764,2025-11-12,6,1868.67,27.3,22,Desconocido,Cali,App
TRX-19185,PROD-3009,2025-09-24,7,466.64,6.91,2,Retrasado,Medellín,Online
TRX-19186,PROD-3703,2025-04-20,7,1162.6,66.08,1,Retrasado,Barranquilla,App
TRX-19187,PROD-3268,2025-05-19,9,1610.62,19.52,5,En Camino,Cali,Online
TRX-19188,PROD-3807,2025-08-28,8,1507.29,99.14,11,Devuelto,Ventas_Web,Online
TRX-19189,PROD-3209,2025-07-27,13,1241.59,87.62,10,En Camino,Ventas_Web,Físico
TRX-19190,PROD-3343,2025-04-02,4,47.2,62.8,12,Perdido,Cali,Online
TRX-19191,PROD-2924,2025-09-29,6,1450.53,84.22,10,Devuelto,Medellín,Físico
TRX-19192,PROD-2949,2025-01-03,11,1548.75,52.345,9,Desconocido,Bucaramanga,Físico
TRX-19193,PROD-3302,2025-05-21,1,1448.47,49.7,2,Desconocido,Barranquilla,App
TRX-19194,PROD-1640,2025-06-02,8,1533.96,79.91,23,Desconocido,Barranquilla,WhatsApp
TRX-19195,PROD-3075,2025-11-20,6,867.52,66.42,25,Retrasado,Medellín,App
TRX-19196,PROD-1228,2025-04-30,2,1987.57,7.72,4,Entregado,Medellín,WhatsApp
TRX-19197,PROD-2603,2025-10-24,8,1543.87,95.13,4,Retrasado,Bucaramanga,Online
TRX-19198,PROD-2078,2026-01-09,4,1161.57,86.79,26,Retrasado,Ventas_Web,App
TRX-19199,PROD-3026,2025-08-24,9,1869.04,95.57,21,Devuelto,Medellín,App
TRX-19201,PROD-2547,2025-04-12,4,1630.99,44.15,29,Perdido,Medellín,App
TRX-19202,PROD-3526,2024-10-21,1,1131.75,24.66,29,Retrasado,Cali,Online
TRX-19203,PROD-3770,2026-01-29,7,1058.93,22.1,6,Entregado,Cali,WhatsApp
TRX-19204,PROD-2444,2025-12-13,10,664.13,52.345,12,Devuelto,Bogotá,WhatsApp
TRX-19205,PROD-2165,2026-01-21,5,509.25,18.77,7,Desconocido,Medellín,Físico
TRX-19206,PROD-2312,2025-04-22,10,1029.6,25.96,25,Perdido,Bucaramanga,Físico
TRX-19207,PROD-1251,2025-02-23,11,1159.79,57.31,22,Desconocido,Cali,Físico
TRX-19208,PROD-1115,2026-01-15,12,496.61,69.96,19,Devuelto,Barranquilla,App
TRX-19209,PROD-3418,2025-05-11,5,1845.98,34.84,2,Entregado,Barranquilla,WhatsApp
TRX-19210,PROD-1184,2025-01-02,4,1118.98,57.13,22,En Camino,Barranquilla,App
TRX-19211,PROD-1525,2025-08-03,6,1057.75,37.42,25,Perdido,Medellín,WhatsApp
TRX-19212,PROD-2500,2025-03-18,1,876.92,71.17,19,Entregado,Cali,Online
TRX-19213,PROD-2428,2025-03-22,3,125.56,98.91,4,Desconocido,Medellín,WhatsApp
TRX-19214,PROD-3391,2026-01-07,11,1765.98,70.46,3,En Camino,Cali,Físico
TRX-19215,PROD-1110,2025-11-11,12,640.82,10.61,23,Desconocido,Barranquilla,Online
TRX-19216,PROD-3560,2025-05-12,7,1288.5,52.345,4,Entregado,Barranquilla,WhatsApp
TRX-19217,PROD-2397,2024-10-04,11,1218.79,50.34,28,En Camino,Bucaramanga,Físico
TRX-19218,PROD-2558,2025-03-27,8,1173.13,78.19,14,En Camino,Cali,Online
TRX-19219,PROD-1398,2025-05-29,12,1056.17,56.51,6,Devuelto,Ventas_Web,Online
TRX-19220,PROD-2753,2025-11-16,9,371.07,95.35,6,Retrasado,Bogotá,Online
TRX-19221,PROD-2413,2025-06-15,1,568.41,10.2,9,Retrasado,Bogotá,Físico
TRX-19222,PROD-2463,2025-10-17,4,1053.13,32.66,5,Entregado,Bogotá,App
TRX-19223,PROD-2687,2025-02-04,2,1580.79,25.97,7,En Camino,Bogotá,Físico
TRX-19224,PROD-2438,2025-05-25,2,869.66,77.92,13,Retrasado,Medellín,WhatsApp
TRX-19225,PROD-1231,2024-10-23,1,415.81,54.76,1,Entregado,Barranquilla,App
TRX-19226,PROD-3708,2025-09-04,5,185.01,18.14,24,Entregado,Bucaramanga,Online
TRX-19227,PROD-2000,2025-12-22,2,1329.39,32.13,2,Perdido,Bogotá,Físico
TRX-19228,PROD-2014,2025-06-08,4,852.45,52.345,20,Devuelto,Bucaramanga,App
TRX-19229,PROD-1961,2025-01-04,9,259.49,54.65,10,Devuelto,Barranquilla,Físico
TRX-19230,PROD-3654,2025-11-27,11,1352.19,99.63,23,Desconocido,Cali,Físico
TRX-19231,PROD-2278,2025-10-09,3,423.08,39.61,28,En Camino,Bucaramanga,WhatsApp
TRX-19232,PROD-3427,2026-01-04,8,1022.94,19.9,6,Retrasado,Cali,Físico
TRX-19233,PROD-1347,2024-09-23,10,619.31,52.22,4,En Camino,Bogotá,Online
TRX-19234,PROD-3818,2025-11-25,13,1864.06,34.47,8,Retrasado,Bucaramanga,App
TRX-19235,PROD-1268,2025-12-04,6,464.29,58.77,14,Retrasado,Bogotá,Online
TRX-19236,PROD-2248,2025-11-30,10,845.64,49.34,29,Retrasado,Medellín,WhatsApp
TRX-19237,PROD-1468,2025-04-17,5,1919.39,70.5,16,Desconocido,Ventas_Web,WhatsApp
TRX-19238,PROD-2382,2025-02-04,2,644.26,91.86,15,Retrasado,Cali,WhatsApp
TRX-19239,PROD-1695,2025-12-13,11,1292.74,24.05,13,Retrasado,Bucaramanga,WhatsApp
TRX-19240,PROD-1080,2025-06-20,13,640.29,52.345,12,Perdido,Barranquilla,App
TRX-19241,PROD-3205,2024-12-20,3,230.24,83.01,7,Perdido,Bogotá,WhatsApp
TRX-19242,PROD-2335,2025-04-05,8,1258.82,95.18,15,Retrasado,Bogotá,Online
TRX-19243,PROD-1153,2025-11-10,12,1832.9,40.49,6,Desconocido,Barranquilla,Físico
TRX-19244,PROD-2887,2025-01-22,12,910.6,15.8,21,Entregado,Cali,Online
TRX-19245,PROD-3694,2025-12-28,9,1256.09,83.08,21,Entregado,Bogotá,Físico
TRX-19246,PROD-2730,2025-01-16,11,1221.71,71.6,14,Devuelto,Medellín,App
TRX-19247,PROD-3326,2025-04-06,11,836.03,25.21,27,Retrasado,Barranquilla,App
TRX-19248,PROD-3108,2024-10-28,7,1233.64,47.3,15,Entregado,Bogotá,WhatsApp
TRX-19249,PROD-2725,2024-11-28,1,526.04,59.91,23,Devuelto,Barranquilla,Físico
TRX-19250,PROD-2092,2025-02-02,12,762.3,21.14,11,Entregado,Medellín,Físico
TRX-19251,PROD-1083,2025-06-30,12,890.21,72.92,22,Devuelto,Ventas_Web,WhatsApp
TRX-19252,PROD-3850,2026-01-14,13,1729.38,52.345,4,En Camino,Bogotá,Online
TRX-19253,PROD-2923,2024-10-03,13,703.18,70.54,23,Entregado,Ventas_Web,Online
TRX-19254,PROD-3408,2025-12-22,6,1273.92,89.28,5,Retrasado,Medellín,Online
TRX-19255,PROD-1091,2025-04-28,7,434.67,58.89,23,Retrasado,Barranquilla,App
TRX-19256,PROD-2296,2025-08-10,12,512.61,59.56,23,Perdido,Bucaramanga,Físico
TRX-19257,PROD-2547,2025-02-25,6,1300.37,63.84,27,En Camino,Medellín,App
TRX-19258,PROD-3336,2025-05-20,10,1527.0,31.01,2,En Camino,Bogotá,Físico
TRX-19259,PROD-2598,2024-11-21,11,929.61,77.07,28,Entregado,Bogotá,Físico
TRX-19260,PROD-2320,2025-02-07,13,676.85,67.94,20,Devuelto,Cali,WhatsApp
TRX-19261,PROD-3345,2024-11-11,2,1821.44,84.72,15,Desconocido,Bucaramanga,App
TRX-19262,PROD-1400,2025-03-08,13,280.26,78.02,10,Perdido,Cali,Online
TRX-19263,PROD-3000,2025-03-06,9,1444.22,65.66,4,En Camino,Ventas_Web,Online
TRX-19264,PROD-1409,2025-08-07,3,1383.44,52.345,29,En Camino,Bogotá,App
TRX-19265,PROD-3829,2025-03-30,6,1383.59,20.28,23,Desconocido,Bogotá,WhatsApp
TRX-19266,PROD-3765,2026-01-22,6,1871.49,92.32,8,Retrasado,Barranquilla,Físico
TRX-19267,PROD-1843,2026-01-04,8,1459.1,39.89,11,Desconocido,Medellín,App
TRX-19268,PROD-2376,2024-12-23,13,610.11,96.61,17,Retrasado,Bogotá,Online
TRX-19269,PROD-3034,2025-07-13,4,713.28,43.18,7,Devuelto,Cali,WhatsApp
TRX-19270,PROD-3059,2025-10-03,6,788.31,18.86,11,Entregado,Bogotá,Físico
TRX-19271,PROD-3733,2025-07-08,1,71.31,89.06,22,Devuelto,Medellín,WhatsApp
TRX-19272,PROD-2390,2024-12-06,9,1827.89,80.53,10,Entregado,Barranquilla,App
TRX-19273,PROD-1682,2024-11-06,12,156.37,79.7,1,Perdido,Bogotá,Online
TRX-19274,PROD-3518,2025-11-24,9,1402.59,13.49,8,Desconocido,Medellín,Físico
TRX-19275,PROD-2226,2025-10-12,7,1463.02,88.53,5,En Camino,Ventas_Web,WhatsApp
TRX-19276,PROD-2488,2024-11-14,11,1688.99,52.345,13,Devuelto,Bogotá,App
TRX-19277,PROD-2785,2025-03-16,13,1111.19,61.66,7,Entregado,Bogotá,App
TRX-19278,PROD-1826,2025-03-02,1,1453.28,49.68,24,Desconocido,Cali,Online
TRX-19279,PROD-3035,2024-11-28,3,612.42,91.75,23,Perdido,Cali,App
TRX-19280,PROD-3602,2026-01-09,12,1493.71,68.27,11,Devuelto,Medellín,WhatsApp
TRX-19281,PROD-1308,2025-10-26,5,693.4,17.64,12,En Camino,Medellín,App
TRX-19282,PROD-3194,2025-09-18,4,1806.65,54.36,14,Perdido,Medellín,App
TRX-19283,PROD-1876,2025-06-19,5,335.13,65.48,12,Retrasado,Bogotá,WhatsApp
TRX-19284,PROD-2177,2025-11-03,7,638.36,90.36,26,En Camino,Bogotá,App
TRX-19285,PROD-2086,2025-01-24,9,1002.55,31.59,28,Retrasado,Barranquilla,Online
TRX-19286,PROD-1194,2025-03-23,1,1553.94,80.45,29,Perdido,Barranquilla,Físico
TRX-19287,PROD-2217,2025-10-03,5,1500.11,80.98,1,Perdido,Bogotá,Físico
TRX-19288,PROD-3349,2025-10-19,3,429.33,52.345,6,Retrasado,Bucaramanga,App
TRX-19289,PROD-2646,2025-03-23,3,297.03,17.16,27,Entregado,Medellín,Online
TRX-19290,PROD-1925,2024-10-28,11,614.9,6.64,11,Desconocido,Cali,App
TRX-19291,PROD-3558,2025-04-22,2,972.67,60.23,11,Perdido,Bogotá,App
TRX-19292,PROD-1376,2025-10-11,6,1082.62,80.0,12,Devuelto,Bucaramanga,App
TRX-19293,PROD-3939,2025-12-02,14,863.98,57.67,1,Desconocido,Medellín,App
TRX-19294,PROD-3368,2025-02-03,6,1329.55,82.27,20,Devuelto,Medellín,Físico
TRX-19295,PROD-1388,2025-09-10,3,860.84,64.12,20,Perdido,Bogotá,App
TRX-19296,PROD-3424,2025-11-08,1,1893.19,67.06,24,Desconocido,Bucaramanga,App
TRX-19297,PROD-2379,2025-03-19,7,529.33,7.67,6,Retrasado,Barranquilla,App
TRX-19298,PROD-2119,2025-03-07,2,1258.47,13.42,29,Retrasado,Medellín,Físico
TRX-19299,PROD-1275,2025-11-10,8,1226.64,73.88,23,En Camino,Medellín,Online
TRX-19301,PROD-3175,2026-01-26,3,829.26,77.47,12,Entregado,Bogotá,Online
TRX-19302,PROD-2946,2025-08-25,1,737.29,56.51,10,Entregado,Ventas_Web,Online
TRX-19303,PROD-2749,2025-08-17,10,353.27,61.07,23,Devuelto,Bogotá,Online
TRX-19304,PROD-1859,2026-01-11,9,959.82,63.36,7,Perdido,Cali,WhatsApp
TRX-19305,PROD-2422,2025-12-04,5,779.46,14.97,10,Devuelto,Bogotá,App
TRX-19306,PROD-1314,2025-08-15,1,364.85,68.45,18,Perdido,Bogotá,App
TRX-19307,PROD-3668,2024-11-07,10,905.26,50.45,6,Devuelto,Barranquilla,Online
TRX-19308,PROD-2236,2025-02-25,11,849.47,62.24,24,Perdido,Bogotá,WhatsApp
TRX-19309,PROD-3067,2025-10-28,6,271.42,58.5,8,Perdido,Bucaramanga,Físico
TRX-19310,PROD-2228,2026-01-23,10,271.06,77.49,20,Devuelto,Barranquilla,WhatsApp
TRX-19311,PROD-2773,2025-11-28,3,1298.54,35.26,23,En Camino,Barranquilla,App
TRX-19312,PROD-3717,2025-11-24,11,1416.1,52.345,9,Entregado,Bucaramanga,Online
TRX-19313,PROD-3211,2025-05-16,4,1882.95,40.48,16,Retrasado,Medellín,WhatsApp
TRX-19314,PROD-2283,2025-08-04,8,183.14,42.2,24,Entregado,Bogotá,Físico
TRX-19315,PROD-1819,2024-11-21,5,244.54,77.43,2,Retrasado,Cali,Online
TRX-19316,PROD-2697,2024-09-27,12,113.12,45.96,29,Perdido,Medellín,Físico
TRX-19317,PROD-2647,2025-12-19,6,1069.13,21.82,11,Desconocido,Barranquilla,Online
TRX-19318,PROD-2029,2025-12-28,10,1249.27,98.39,24,Devuelto,Barranquilla,App
TRX-19319,PROD-3559,2025-12-20,4,813.01,51.87,19,Devuelto,Bucaramanga,Online
TRX-19320,PROD-3110,2025-10-18,6,1597.83,15.38,4,Retrasado,Bogotá,Online
TRX-19321,PROD-2856,2025-03-22,3,1376.53,68.68,3,Devuelto,Bogotá,Online
TRX-19322,PROD-3750,2025-02-14,10,1971.82,75.22,15,Devuelto,Bogotá,Online
TRX-19323,PROD-3242,2025-08-03,12,284.41,52.52,8,Devuelto,Bogotá,WhatsApp
TRX-19324,PROD-1739,2025-06-14,1,126.05,52.345,4,Entregado,Cali,WhatsApp
TRX-19325,PROD-1076,2025-05-03,6,556.86,66.41,11,Devuelto,Ventas_Web,WhatsApp
TRX-19326,PROD-3571,2025-11-02,14,47.91,21.4,17,En Camino,Medellín,Online
TRX-19327,PROD-3880,2025-07-20,13,1865.9,39.95,9,Retrasado,Medellín,Físico
TRX-19328,PROD-3114,2025-12-23,1,614.86,20.37,25,Entregado,Cali,WhatsApp
TRX-19329,PROD-1764,2025-12-09,10,1109.34,41.79,1,Entregado,Barranquilla,App
TRX-19330,PROD-3362,2025-08-24,12,642.96,58.47,8,Perdido,Medellín,WhatsApp
TRX-19331,PROD-3044,2026-01-19,3,499.16,47.04,2,Perdido,Ventas_Web,WhatsApp
TRX-19332,PROD-1872,2026-01-17,12,313.21,61.36,23,Devuelto,Barranquilla,App
TRX-19333,PROD-3706,2025-05-17,8,647.53,52.67,13,Entregado,Bogotá,App
TRX-19334,PROD-2914,2024-10-05,7,1234.68,35.19,1,Desconocido,Barranquilla,Físico
TRX-19335,PROD-2097,2025-08-27,8,1943.53,18.62,22,Entregado,Medellín,Online
TRX-19336,PROD-3612,2025-06-17,10,1120.6,52.345,10,Devuelto,Ventas_Web,App
TRX-19337,PROD-3182,2025-11-16,10,1070.09,29.0,12,Retrasado,Medellín,Físico
TRX-19338,PROD-3516,2025-06-15,2,80.17,24.07,27,Entregado,Cali,Online
TRX-19339,PROD-2776,2024-10-08,10,1681.8,72.21,11,Perdido,Medellín,App
TRX-19340,PROD-3318,2024-12-23,7,99.23,82.9,10,Devuelto,Ventas_Web,Físico
TRX-19341,PROD-3976,2025-05-28,14,1813.4,73.44,14,Entregado,Medellín,Físico
TRX-19342,PROD-3567,2024-10-11,4,1081.96,66.15,14,Desconocido,Ventas_Web,WhatsApp
TRX-19343,PROD-1245,2025-09-17,1,345.25,34.25,8,Desconocido,Barranquilla,App
TRX-19344,PROD-3139,2025-10-17,11,908.9,72.54,11,Perdido,Bucaramanga,Online
TRX-19345,PROD-1821,2025-10-15,3,1990.02,62.48,22,En Camino,Ventas_Web,Físico
TRX-19346,PROD-2492,2025-11-10,5,617.11,9.45,9,Entregado,Medellín,WhatsApp
TRX-19347,PROD-2894,2025-01-03,14,546.22,91.22,15,Desconocido,Bogotá,Físico
TRX-19348,PROD-1605,2024-12-26,10,244.83,52.345,27,Devuelto,Bogotá,Online
TRX-19349,PROD-1984,2025-11-26,8,1198.31,12.6,1,Perdido,Bogotá,Físico
TRX-19350,PROD-1616,2025-07-02,2,187.56,52.76,25,Entregado,Bucaramanga,WhatsApp
TRX-19351,PROD-3807,2025-11-25,2,1534.36,53.74,19,Perdido,Barranquilla,Online
TRX-19352,PROD-2229,2025-04-23,8,1839.25,84.52,18,Devuelto,Medellín,App
TRX-19353,PROD-2783,2024-10-29,14,1864.42,91.74,12,Entregado,Barranquilla,WhatsApp
TRX-19354,PROD-2680,2025-10-20,9,224.75,94.27,8,Desconocido,Cali,Online
TRX-19355,PROD-2305,2024-11-22,10,1120.94,59.12,26,Devuelto,Barranquilla,Físico
TRX-19356,PROD-1263,2025-07-10,13,203.25,69.51,5,Retrasado,Barranquilla,WhatsApp
TRX-19357,PROD-3596,2025-09-19,13,1148.31,13.41,13,Entregado,Bogotá,Online
TRX-19358,PROD-1833,2025-07-22,1,1631.81,51.35,17,Entregado,Barranquilla,Online
TRX-19359,PROD-2689,2025-05-24,14,1080.2,90.3,1,Desconocido,Bogotá,WhatsApp
TRX-19360,PROD-2093,2025-11-01,2,1745.39,52.345,2,Perdido,Bucaramanga,Online
TRX-19361,PROD-2175,2025-10-28,4,1605.33,48.29,7,Entregado,Bogotá,Online
TRX-19362,PROD-3646,2025-07-30,12,560.33,11.61,2,Retrasado,Cali,Físico
TRX-19363,PROD-1657,2025-09-01,3,1263.9,24.06,25,Perdido,Bogotá,App
TRX-19364,PROD-2050,2025-09-08,1,24.75,45.8,22,Perdido,Bogotá,App
TRX-19365,PROD-3813,2024-09-28,4,798.12,27.57,4,En Camino,Bucaramanga,WhatsApp
TRX-19366,PROD-3462,2025-10-04,11,483.54,42.27,28,Entregado,Bucaramanga,WhatsApp
TRX-19367,PROD-1967,2025-11-15,13,1874.86,36.63,13,En Camino,Cali,Online
TRX-19368,PROD-2662,2025-07-25,11,816.72,35.3,14,Desconocido,Medellín,App
TRX-19369,PROD-1976,2025-03-06,2,1311.59,13.66,20,Retrasado,Barranquilla,Físico
TRX-19370,PROD-1465,2024-10-05,10,1466.64,88.86,3,Entregado,Barranquilla,Físico
TRX-19371,PROD-1614,2024-10-17,5,1548.69,70.81,9,En Camino,Medellín,App
TRX-19372,PROD-1786,2025-05-04,1,1474.19,52.345,18,En Camino,Bogotá,WhatsApp
TRX-19373,PROD-1113,2025-01-23,14,585.44,64.22,25,Perdido,Bogotá,App
TRX-19374,PROD-2005,2025-01-29,8,1375.27,62.61,16,En Camino,Medellín,WhatsApp
TRX-19375,PROD-2271,2025-07-24,10,1102.53,42.67,19,En Camino,Cali,Físico
TRX-19376,PROD-2901,2025-01-22,2,1198.77,83.21,20,Desconocido,Medellín,Online
TRX-19377,PROD-2988,2024-10-27,11,11.62,93.35,9,Entregado,Medellín,Online
TRX-19378,PROD-3293,2024-12-14,3,523.93,5.53,19,Entregado,Bogotá,Físico
TRX-19379,PROD-2786,2025-07-28,3,1862.06,12.52,6,Perdido,Medellín,App
TRX-19380,PROD-2728,2025-12-02,4,587.25,69.12,12,Entregado,Bogotá,App
TRX-19381,PROD-3649,2025-03-23,7,881.65,27.43,15,Retrasado,Bogotá,App
TRX-19382,PROD-1151,2024-12-07,13,381.48,91.61,21,Perdido,Bogotá,App
TRX-19383,PROD-1827,2025-01-04,9,285.82,68.4,6,Retrasado,Medellín,App
TRX-19384,PROD-1652,2025-05-12,3,425.25,52.345,5,Entregado,Bucaramanga,WhatsApp
TRX-19385,PROD-2117,2025-07-22,1,1111.76,39.99,29,Entregado,Bogotá,App
TRX-19386,PROD-1558,2024-11-04,11,1838.87,44.45,14,Perdido,Medellín,App
TRX-19387,PROD-1119,2025-10-31,10,659.14,70.63,27,En Camino,Bogotá,App
TRX-19388,PROD-2058,2025-11-13,1,653.58,18.39,19,Devuelto,Bogotá,Online
TRX-19389,PROD-2137,2024-12-24,12,1132.64,88.92,18,Devuelto,Barranquilla,Online
TRX-19390,PROD-3697,2025-02-13,11,719.92,5.45,26,Entregado,Medellín,App
TRX-19391,PROD-3255,2025-06-03,6,1821.73,98.0,13,Retrasado,Barranquilla,App
TRX-19392,PROD-1720,2024-12-09,5,761.92,20.93,9,Perdido,Ventas_Web,WhatsApp
TRX-19393,PROD-3639,2025-06-12,10,985.98,75.5,20,En Camino,Cali,Online
TRX-19394,PROD-1172,2024-12-01,7,1071.44,8.79,26,Desconocido,Bogotá,Físico
TRX-19395,PROD-3959,2025-02-18,7,1566.31,45.99,28,Entregado,Medellín,Online
TRX-19396,PROD-2990,2025-07-11,3,1132.17,52.345,22,Retrasado,Medellín,App
TRX-19397,PROD-1081,2025-04-24,7,485.92,64.88,25,Entregado,Bogotá,Online
TRX-19398,PROD-1226,2025-09-17,9,256.73,11.67,21,Desconocido,Ventas_Web,App
TRX-19399,PROD-1343,2025-07-29,8,1876.17,47.11,7,Devuelto,Barranquilla,Online
TRX-19401,PROD-3464,2024-10-17,3,55.7,52.33,28,Retrasado,Ventas_Web,Online
TRX-19402,PROD-2220,2025-08-11,10,1644.84,52.93,21,Devuelto,Medellín,App
TRX-19403,PROD-1260,2026-01-19,5,1185.29,79.6,12,Desconocido,Medellín,Físico
TRX-19404,PROD-2667,2025-01-09,13,1042.6,16.73,9,Desconocido,Bucaramanga,App
TRX-19405,PROD-2488,2025-03-22,13,34.34,12.86,2,Entregado,Medellín,Físico
TRX-19406,PROD-3751,2025-05-31,14,1563.92,43.18,3,Devuelto,Bucaramanga,Físico
TRX-19407,PROD-3692,2026-01-17,8,404.15,89.31,5,Desconocido,Bogotá,Físico
TRX-19408,PROD-1369,2025-04-13,2,1458.68,52.345,18,Perdido,Cali,Físico
TRX-19409,PROD-2625,2025-07-23,14,41.58,86.25,28,Retrasado,Medellín,Físico
TRX-19410,PROD-3966,2025-03-11,14,1594.74,58.2,14,Retrasado,Medellín,WhatsApp
TRX-19411,PROD-1575,2025-03-16,7,55.85,89.43,22,Perdido,Barranquilla,Físico
TRX-19412,PROD-1966,2025-09-04,11,479.43,81.51,26,Desconocido,Bogotá,WhatsApp
TRX-19413,PROD-1458,2025-03-11,10,543.87,31.4,19,Desconocido,Bogotá,App
TRX-19414,PROD-3338,2024-09-24,10,323.44,21.16,21,Retrasado,Bogotá,App
TRX-19415,PROD-3049,2025-02-03,7,967.31,33.61,5,Retrasado,Medellín,WhatsApp
TRX-19416,PROD-1494,2025-01-27,11,574.54,26.58,10,Entregado,Bucaramanga,Online
TRX-19417,PROD-3137,2024-11-07,12,1986.64,64.16,16,En Camino,Cali,Físico
TRX-19418,PROD-3720,2025-04-04,14,1164.14,60.57,24,Entregado,Bogotá,WhatsApp
TRX-19419,PROD-3377,2025-09-19,13,1137.29,61.85,25,Perdido,Barranquilla,App
TRX-19420,PROD-3151,2025-04-19,8,449.53,52.345,20,Perdido,Ventas_Web,App
TRX-19421,PROD-2031,2025-07-15,1,823.29,22.98,26,En Camino,Medellín,App
TRX-19422,PROD-3033,2024-11-19,8,256.72,80.23,1,Entregado,Cali,App
TRX-19423,PROD-1369,2026-01-31,14,1527.43,46.19,21,Entregado,Medellín,WhatsApp
TRX-19424,PROD-1975,2024-12-09,1,669.01,49.88,4,Entregado,Cali,Online
TRX-19425,PROD-3456,2025-04-12,3,1506.41,99.71,5,Devuelto,Cali,App
TRX-19426,PROD-1500,2026-01-28,9,749.68,31.82,11,Desconocido,Bogotá,Online
TRX-19427,PROD-2283,2025-07-08,4,1977.63,42.44,14,Devuelto,Medellín,Físico
TRX-19428,PROD-2348,2026-01-25,10,350.53,69.26,25,Entregado,Bogotá,Online
TRX-19429,PROD-3393,2024-11-23,13,13.03,88.64,24,Devuelto,Medellín,App
TRX-19430,PROD-2597,2025-06-17,9,1193.7,17.04,27,Entregado,Barranquilla,WhatsApp
TRX-19431,PROD-1966,2025-01-26,1,1906.38,74.83,11,Perdido,Barranquilla,Físico
TRX-19432,PROD-2732,2026-01-15,8,1297.64,52.345,27,Entregado,Bogotá,WhatsApp
TRX-19433,PROD-1892,2024-11-10,3,180.59,92.24,24,Devuelto,Medellín,WhatsApp
TRX-19434,PROD-1590,2024-12-19,11,1085.56,45.18,8,En Camino,Bogotá,Online
TRX-19435,PROD-1437,2025-08-22,7,1819.88,32.24,1,Perdido,Bogotá,Online
TRX-19436,PROD-1717,2025-06-10,2,22.95,69.39,28,Retrasado,Ventas_Web,Online
TRX-19437,PROD-1876,2025-03-20,13,342.16,28.38,7,En Camino,Ventas_Web,App
TRX-19438,PROD-2124,2024-11-30,7,1630.98,41.51,13,En Camino,Bucaramanga,Físico
TRX-19439,PROD-2800,2025-09-24,7,1788.88,90.21,20,Desconocido,Bogotá,Online
TRX-19440,PROD-2672,2025-11-12,9,1417.25,61.08,6,Retrasado,Ventas_Web,App
TRX-19441,PROD-2041,2026-01-28,2,1983.2,14.02,4,Perdido,Medellín,WhatsApp
TRX-19442,PROD-3414,2025-11-29,8,189.53,36.32,12,Desconocido,Barranquilla,Físico
TRX-19443,PROD-1229,2026-01-16,5,1095.9,64.59,5,Retrasado,Bogotá,WhatsApp
TRX-19444,PROD-3008,2024-11-21,10,1373.14,52.345,5,Perdido,Bogotá,Online
TRX-19445,PROD-3185,2025-07-21,9,1408.26,50.74,17,Perdido,Cali,Físico
TRX-19446,PROD-2534,2025-12-18,8,1589.03,67.73,6,Desconocido,Cali,App
TRX-19447,PROD-3865,2025-05-29,3,1836.08,77.34,10,Perdido,Ventas_Web,Físico
TRX-19448,PROD-1462,2026-01-13,3,729.67,50.66,16,En Camino,Barranquilla,Físico
TRX-19449,PROD-2296,2025-03-10,11,95.5,98.76,24,Perdido,Cali,Físico
TRX-19450,PROD-3235,2025-12-31,12,731.26,91.89,29,Desconocido,Barranquilla,Online
TRX-19451,PROD-2735,2025-12-17,10,1346.51,10.69,21,Retrasado,Bogotá,WhatsApp
TRX-19452,PROD-2945,2025-06-18,8,434.78,30.31,14,En Camino,Bogotá,WhatsApp
TRX-19453,PROD-3796,2025-09-21,9,1621.85,33.55,10,Perdido,Bogotá,Online
TRX-19454,PROD-2009,2025-01-12,2,447.33,22.51,29,Devuelto,Medellín,Online
TRX-19455,PROD-2137,2024-12-31,3,30.03,34.64,28,Devuelto,Bogotá,WhatsApp
TRX-19456,PROD-1593,2025-10-29,14,1021.08,52.345,22,Perdido,Bucaramanga,Online
TRX-19457,PROD-2486,2025-04-25,14,1455.66,45.36,21,Devuelto,Bogotá,Online
TRX-19458,PROD-2946,2026-01-18,8,705.81,9.9,17,Entregado,Barranquilla,Online
TRX-19459,PROD-3931,2025-01-13,2,1500.3,17.09,5,Desconocido,Ventas_Web,Online
TRX-19460,PROD-2506,2024-12-28,8,882.42,14.14,2,En Camino,Bucaramanga,WhatsApp
TRX-19461,PROD-2262,2025-07-26,5,351.71,9.4,4,Entregado,Bogotá,App
TRX-19462,PROD-1086,2025-01-18,6,190.21,50.74,18,En Camino,Bogotá,App
TRX-19463,PROD-3643,2024-10-28,14,1424.07,36.71,8,Retrasado,Medellín,WhatsApp
TRX-19464,PROD-3481,2025-08-25,10,777.57,93.87,14,Devuelto,Ventas_Web,Físico
TRX-19465,PROD-1142,2025-09-16,12,1826.42,14.76,13,Devuelto,Bogotá,Físico
TRX-19466,PROD-3712,2025-07-09,4,1085.11,92.97,29,Desconocido,Medellín,App
TRX-19467,PROD-1223,2025-10-23,3,703.38,13.22,7,Devuelto,Ventas_Web,WhatsApp
TRX-19468,PROD-3829,2025-10-16,8,704.49,52.345,9,Perdido,Bogotá,App
TRX-19469,PROD-3750,2025-07-23,9,271.56,63.83,4,En Camino,Cali,Físico
TRX-19470,PROD-1981,2025-09-17,13,1191.64,28.53,5,Perdido,Medellín,App
TRX-19471,PROD-2036,2025-09-04,8,1168.51,83.55,15,Devuelto,Bucaramanga,App
TRX-19472,PROD-3263,2025-01-24,9,1601.99,10.84,9,Retrasado,Bogotá,App
TRX-19473,PROD-2575,2024-11-01,1,410.38,95.49,25,Devuelto,Bogotá,Físico
TRX-19474,PROD-2266,2025-02-10,5,588.67,9.49,18,Desconocido,Bucaramanga,Físico
TRX-19475,PROD-3617,2024-10-18,12,203.5,27.91,28,Perdido,Bucaramanga,WhatsApp
TRX-19476,PROD-3869,2025-02-11,7,597.73,49.1,27,Devuelto,Medellín,Online
TRX-19477,PROD-2486,2025-09-09,8,861.92,76.83,14,Entregado,Bogotá,Físico
TRX-19478,PROD-3806,2025-10-22,14,1928.42,95.36,15,Entregado,Bogotá,Online
TRX-19479,PROD-1499,2025-11-18,11,1309.6,45.66,1,Perdido,Cali,App
TRX-19480,PROD-3190,2025-08-24,2,1567.92,52.345,19,Entregado,Cali,Online
TRX-19481,PROD-1968,2024-11-18,12,657.76,76.94,26,En Camino,Medellín,WhatsApp
TRX-19482,PROD-2812,2025-02-19,11,297.58,74.08,1,Desconocido,Ventas_Web,App
TRX-19483,PROD-2591,2025-09-24,14,520.87,59.26,6,En Camino,Bogotá,WhatsApp
TRX-19484,PROD-1032,2025-10-27,4,520.37,70.64,8,Desconocido,Bogotá,Online
TRX-19485,PROD-2609,2025-04-15,7,1170.4,8.62,4,Desconocido,Bucaramanga,App
TRX-19486,PROD-2046,2024-12-07,5,689.53,46.95,16,Perdido,Cali,Físico
TRX-19487,PROD-2232,2026-01-01,1,1716.22,79.66,11,Entregado,Medellín,Online
TRX-19488,PROD-1369,2025-07-04,13,1977.2,50.05,4,En Camino,Medellín,Online
TRX-19489,PROD-1964,2025-04-20,14,693.16,87.98,11,Entregado,Bogotá,App
TRX-19490,PROD-2218,2026-01-29,2,1413.07,84.2,10,Devuelto,Bogotá,App
TRX-19491,PROD-1861,2025-10-13,5,1318.4,87.03,17,Desconocido,Medellín,WhatsApp
TRX-19492,PROD-1656,2025-12-04,6,396.98,52.345,9,Entregado,Medellín,Físico
TRX-19493,PROD-2797,2025-06-07,1,1836.84,17.35,10,Entregado,Ventas_Web,Online
TRX-19494,PROD-3586,2025-06-08,12,406.89,28.19,8,Perdido,Medellín,Físico
TRX-19495,PROD-2299,2026-01-12,3,1476.54,7.81,14,Devuelto,Bucaramanga,Físico
TRX-19496,PROD-3639,2025-03-25,6,701.74,98.37,13,En Camino,Ventas_Web,Físico
TRX-19497,PROD-2664,2025-08-16,6,740.49,27.43,3,Desconocido,Ventas_Web,App
TRX-19498,PROD-1138,2024-10-03,7,916.34,39.87,14,Desconocido,Medellín,Físico
TRX-19499,PROD-2122,2025-12-26,10,1730.37,31.12,14,Desconocido,Medellín,WhatsApp
TRX-19501,PROD-3013,2025-06-09,12,118.59,29.82,29,Desconocido,Cali,App
TRX-19502,PROD-2929,2025-10-20,14,810.06,14.33,16,Entregado,Bucaramanga,App
TRX-19503,PROD-2691,2024-12-19,14,120.61,42.46,10,Retrasado,Bucaramanga,Físico
TRX-19504,PROD-2362,2025-09-26,3,1378.33,52.345,4,Retrasado,Bogotá,WhatsApp
TRX-19505,PROD-3938,2025-03-25,1,1523.05,96.85,20,Desconocido,Bucaramanga,Online
TRX-19506,PROD-2730,2024-10-08,13,1710.88,71.33,18,En Camino,Medellín,Online
TRX-19507,PROD-1411,2025-12-31,7,1490.25,72.16,4,Entregado,Medellín,WhatsApp
TRX-19508,PROD-1656,2026-01-30,12,1833.54,48.05,2,Entregado,Medellín,App
TRX-19509,PROD-3860,2025-05-24,11,1499.12,82.07,11,Devuelto,Cali,Físico
TRX-19510,PROD-2068,2024-12-17,3,1872.79,91.29,15,Perdido,Medellín,Online
TRX-19511,PROD-3073,2025-04-09,5,394.29,96.35,11,Retrasado,Cali,Online
TRX-19512,PROD-1271,2024-10-02,4,1004.73,14.4,23,Desconocido,Ventas_Web,Físico
TRX-19513,PROD-2441,2026-01-12,12,1987.92,88.57,21,Entregado,Ventas_Web,Online
TRX-19514,PROD-2723,2025-03-05,1,1366.34,26.38,23,En Camino,Bogotá,Online
TRX-19515,PROD-3466,2024-10-16,12,1758.5,42.74,6,Retrasado,Bucaramanga,App
TRX-19516,PROD-3986,2024-11-25,7,70.48,52.345,18,Perdido,Cali,Online
TRX-19517,PROD-3243,2025-07-31,14,1744.8,37.82,28,Entregado,Bogotá,Online
TRX-19518,PROD-2338,2025-05-18,13,1398.45,69.14,18,Retrasado,Barranquilla,App
TRX-19519,PROD-2856,2025-12-28,4,349.8,61.8,1,Entregado,Bogotá,Online
TRX-19520,PROD-3847,2025-12-28,1,61.11,15.36,13,Desconocido,Medellín,App
TRX-19521,PROD-1112,2025-09-02,11,527.25,79.37,1,Perdido,Bucaramanga,Físico
TRX-19522,PROD-1213,2025-05-18,6,1832.39,46.77,13,Devuelto,Barranquilla,Online
TRX-19523,PROD-3627,2024-10-14,4,1339.58,5.21,21,Retrasado,Medellín,Online
TRX-19524,PROD-3627,2025-03-21,13,1839.74,44.38,5,Perdido,Barranquilla,WhatsApp
TRX-19525,PROD-1752,2025-07-25,4,897.84,54.05,23,Devuelto,Bucaramanga,WhatsApp
TRX-19526,PROD-3581,2024-11-08,2,1873.89,11.54,17,Devuelto,Medellín,WhatsApp
TRX-19527,PROD-2816,2025-06-28,1,931.29,19.36,16,Perdido,Bogotá,App
TRX-19528,PROD-3625,2025-05-04,3,416.47,52.345,21,En Camino,Barranquilla,Online
TRX-19529,PROD-1557,2025-04-28,10,311.27,99.39,18,Perdido,Cali,Online
TRX-19530,PROD-1012,2026-02-03,5,1987.69,87.76,10,Entregado,Bogotá,WhatsApp
TRX-19531,PROD-2641,2026-01-10,12,674.39,17.67,17,En Camino,Bucaramanga,App
TRX-19532,PROD-1819,2025-05-17,9,328.51,60.13,7,Devuelto,Bucaramanga,WhatsApp
TRX-19533,PROD-3573,2025-04-14,14,26.73,41.03,15,Retrasado,Medellín,Online
TRX-19534,PROD-2251,2025-08-27,7,578.28,56.66,19,Devuelto,Cali,App
TRX-19535,PROD-2285,2024-10-11,4,1779.34,49.7,27,Retrasado,Bogotá,WhatsApp
TRX-19536,PROD-3358,2025-03-21,8,1072.68,9.57,9,Retrasado,Bogotá,Online
TRX-19537,PROD-1336,2025-03-03,12,1268.55,34.96,21,Perdido,Ventas_Web,WhatsApp
TRX-19538,PROD-1453,2026-01-15,4,1845.56,16.92,21,Perdido,Barranquilla,Físico
TRX-19539,PROD-1646,2025-07-04,6,1030.55,51.45,5,Devuelto,Bucaramanga,App
TRX-19540,PROD-2022,2024-11-22,12,1678.18,52.345,25,Perdido,Cali,Físico
TRX-19541,PROD-3115,2024-12-16,1,654.43,91.2,29,Devuelto,Medellín,Físico
TRX-19542,PROD-3922,2024-10-27,14,1954.43,99.58,10,Perdido,Bogotá,App
TRX-19543,PROD-3659,2026-01-25,6,166.84,94.7,13,Perdido,Bucaramanga,Físico
TRX-19544,PROD-1532,2024-09-27,10,1452.41,98.64,1,Retrasado,Bogotá,WhatsApp
TRX-19545,PROD-3433,2024-12-07,5,1324.53,6.45,21,En Camino,Medellín,Online
TRX-19546,PROD-3808,2025-06-02,14,391.43,74.3,26,Perdido,Medellín,App
TRX-19547,PROD-2680,2024-09-29,2,783.8,30.93,6,Desconocido,Cali,WhatsApp
TRX-19548,PROD-2308,2025-03-10,1,632.53,87.23,25,Desconocido,Bogotá,Online
TRX-19549,PROD-2849,2025-01-30,13,198.04,82.3,3,Desconocido,Bogotá,Físico
TRX-19550,PROD-2959,2026-01-08,6,1173.73,45.25,17,Perdido,Bogotá,App
TRX-19551,PROD-1546,2025-02-07,11,1987.4,49.96,12,Devuelto,Bogotá,Físico
TRX-19552,PROD-2067,2025-09-15,2,1123.58,52.345,27,Retrasado,Barranquilla,Online
TRX-19553,PROD-1710,2025-07-19,9,1095.07,30.18,11,Desconocido,Medellín,App
TRX-19554,PROD-3815,2025-08-14,9,90.22,32.44,8,Retrasado,Bogotá,WhatsApp
TRX-19555,PROD-3429,2024-12-22,1,287.05,98.21,25,En Camino,Medellín,Físico
TRX-19556,PROD-2341,2025-03-04,5,1031.31,89.44,12,En Camino,Cali,WhatsApp
TRX-19557,PROD-2154,2025-08-06,8,1970.51,23.23,11,En Camino,Medellín,WhatsApp
TRX-19558,PROD-1813,2025-12-24,4,1754.45,31.17,22,Perdido,Bogotá,WhatsApp
TRX-19559,PROD-1345,2025-06-02,3,687.02,15.32,5,Devuelto,Bogotá,App
TRX-19560,PROD-2697,2025-04-11,5,1090.58,98.94,28,Desconocido,Medellín,Físico
TRX-19561,PROD-2505,2024-10-12,5,1109.88,91.18,8,Entregado,Ventas_Web,WhatsApp
TRX-19562,PROD-1745,2025-05-09,8,1373.87,57.45,12,Desconocido,Bogotá,Online
TRX-19563,PROD-2611,2025-03-04,6,1378.69,70.82,22,Desconocido,Bucaramanga,App
TRX-19564,PROD-2545,2025-03-06,2,1581.69,52.345,6,Devuelto,Medellín,WhatsApp
TRX-19565,PROD-3336,2025-05-12,11,59.69,76.05,9,Retrasado,Medellín,WhatsApp
TRX-19566,PROD-1919,2025-08-16,1,1887.92,24.36,25,En Camino,Medellín,Físico
TRX-19567,PROD-1084,2025-05-18,13,149.42,93.79,17,Entregado,Cali,WhatsApp
TRX-19568,PROD-1094,2025-01-20,3,957.56,55.04,28,Retrasado,Medellín,WhatsApp
TRX-19569,PROD-3287,2025-12-04,2,1839.96,13.78,2,En Camino,Medellín,WhatsApp
TRX-19570,PROD-3650,2025-09-08,4,980.46,42.72,1,Desconocido,Medellín,Físico
TRX-19571,PROD-3506,2025-10-10,3,136.64,62.16,18,Entregado,Bogotá,WhatsApp
TRX-19572,PROD-3566,2025-09-26,9,466.19,38.52,3,Devuelto,Bogotá,Online
TRX-19573,PROD-1936,2025-01-07,5,1161.55,71.42,29,Desconocido,Bogotá,App
TRX-19574,PROD-1364,2025-05-30,4,184.84,88.79,14,Retrasado,Cali,WhatsApp
TRX-19575,PROD-2894,2025-08-24,10,853.12,78.33,13,Perdido,Medellín,Físico
TRX-19576,PROD-1812,2025-07-03,9,664.9,52.345,2,Desconocido,Cali,Online
TRX-19577,PROD-2072,2025-04-08,4,1632.26,66.05,22,Entregado,Bogotá,App
TRX-19578,PROD-3872,2025-11-12,6,229.16,53.65,4,Entregado,Bogotá,Físico
TRX-19579,PROD-1691,2025-04-30,14,1368.77,29.17,15,Desconocido,Barranquilla,Físico
TRX-19580,PROD-1203,2025-10-22,10,819.11,48.22,5,Desconocido,Cali,App
TRX-19581,PROD-2642,2025-11-22,1,1179.62,32.83,10,Devuelto,Medellín,App
TRX-19582,PROD-3531,2025-02-20,13,419.01,93.73,9,Devuelto,Bogotá,Físico
TRX-19583,PROD-2756,2025-07-05,2,1223.31,91.19,18,Retrasado,Ventas_Web,Online
TRX-19584,PROD-3459,2025-06-14,4,1351.22,19.8,3,Perdido,Cali,Online
TRX-19585,PROD-2065,2025-04-30,9,149.76,83.15,14,En Camino,Bogotá,Online
TRX-19586,PROD-1611,2025-04-26,6,1650.45,71.78,10,Desconocido,Bogotá,App
TRX-19587,PROD-1364,2025-08-03,6,1723.9,97.65,17,Entregado,Cali,WhatsApp
TRX-19588,PROD-2507,2025-02-25,11,136.47,52.345,15,Entregado,Bogotá,Físico
TRX-19589,PROD-1696,2025-04-26,9,1210.34,49.01,18,Retrasado,Medellín,Online
TRX-19590,PROD-3323,2025-08-23,12,1192.08,73.61,17,En Camino,Bogotá,WhatsApp
TRX-19591,PROD-1480,2025-09-16,4,34.79,54.2,25,En Camino,Ventas_Web,App
TRX-19592,PROD-1057,2025-01-14,3,691.27,11.59,3,Desconocido,Bucaramanga,Físico
TRX-19593,PROD-3943,2025-03-02,7,1938.16,9.44,16,En Camino,Bucaramanga,WhatsApp
TRX-19594,PROD-3153,2025-07-22,12,1115.35,16.6,19,Retrasado,Bogotá,Físico
TRX-19595,PROD-2782,2024-12-29,7,1867.09,33.14,13,Entregado,Ventas_Web,App
TRX-19596,PROD-2858,2025-11-02,9,1354.53,29.62,23,Devuelto,Cali,App
TRX-19597,PROD-3759,2025-02-26,6,66.5,74.19,17,Entregado,Medellín,Online
TRX-19598,PROD-3024,2025-03-03,2,164.65,73.01,25,Devuelto,Bogotá,Físico
TRX-19599,PROD-1485,2024-11-03,6,1447.14,97.28,23,Devuelto,Bucaramanga,Físico
TRX-19601,PROD-3922,2025-07-22,8,263.03,34.49,16,Desconocido,Ventas_Web,Físico
TRX-19602,PROD-1832,2025-08-18,6,1231.98,94.15,9,En Camino,Bucaramanga,Físico
TRX-19603,PROD-1780,2024-11-12,9,1622.47,63.22,24,Desconocido,Bogotá,WhatsApp
TRX-19604,PROD-2090,2025-06-01,4,1508.44,52.05,21,Retrasado,Cali,Online
TRX-19605,PROD-2179,2025-11-25,3,499.86,68.44,12,Desconocido,Medellín,Físico
TRX-19606,PROD-3024,2025-09-07,11,523.81,71.76,3,Desconocido,Cali,WhatsApp
TRX-19607,PROD-2564,2025-01-20,5,1936.0,21.33,27,Devuelto,Cali,App
TRX-19608,PROD-1533,2024-12-06,3,1775.94,76.41,9,Entregado,Barranquilla,Online
TRX-19609,PROD-2766,2025-03-03,11,643.49,73.89,16,Devuelto,Medellín,WhatsApp
TRX-19610,PROD-1846,2025-02-18,12,1649.87,99.77,5,Retrasado,Bogotá,Físico
TRX-19611,PROD-3457,2025-01-23,2,331.86,91.64,25,Desconocido,Medellín,Online
TRX-19612,PROD-1882,2025-02-10,2,401.71,52.345,19,Desconocido,Ventas_Web,Online
TRX-19613,PROD-2159,2025-03-23,4,370.58,70.04,22,Entregado,Medellín,Online
TRX-19614,PROD-3976,2025-11-05,3,184.56,72.67,13,En Camino,Bogotá,App
TRX-19615,PROD-3773,2025-10-05,9,1710.81,94.87,2,Retrasado,Bogotá,WhatsApp
TRX-19616,PROD-1775,2025-06-26,14,1161.83,96.88,19,Desconocido,Medellín,Online
TRX-19617,PROD-2713,2025-06-06,7,525.32,83.56,18,Desconocido,Bogotá,Físico
TRX-19618,PROD-1738,2025-12-08,6,1698.82,77.9,12,Perdido,Bogotá,Físico
TRX-19619,PROD-2673,2025-08-13,10,1607.27,15.58,18,Desconocido,Cali,Físico
TRX-19620,PROD-1597,2025-05-25,12,210.89,83.88,5,Devuelto,Barranquilla,Online
TRX-19621,PROD-1117,2024-12-17,8,1291.84,29.05,26,En Camino,Medellín,Físico
TRX-19622,PROD-2188,2024-12-02,9,1446.45,58.56,20,En Camino,Medellín,Online
TRX-19623,PROD-2072,2025-06-18,3,1434.5,43.51,27,Desconocido,Cali,WhatsApp
TRX-19624,PROD-1964,2026-01-28,12,1449.05,52.345,20,Entregado,Bucaramanga,Online
TRX-19625,PROD-3530,2025-03-21,10,347.22,37.83,29,Retrasado,Barranquilla,Online
TRX-19626,PROD-2847,2025-06-28,7,637.02,34.47,8,Desconocido,Bogotá,WhatsApp
TRX-19627,PROD-2017,2025-02-18,9,1689.92,86.27,22,Desconocido,Ventas_Web,Físico
TRX-19628,PROD-2514,2024-09-28,1,1797.8,78.07,16,Devuelto,Bogotá,Online
TRX-19629,PROD-3387,2025-02-17,10,565.59,54.73,26,Desconocido,Bucaramanga,WhatsApp
TRX-19630,PROD-3802,2025-08-20,9,55.81,68.13,2,Perdido,Bucaramanga,App
TRX-19631,PROD-3651,2025-03-09,14,1720.94,98.53,13,Devuelto,Ventas_Web,WhatsApp
TRX-19632,PROD-2876,2024-10-01,7,760.41,42.77,1,Desconocido,Medellín,App
TRX-19633,PROD-1351,2025-03-19,10,665.63,57.35,5,Desconocido,Medellín,WhatsApp
TRX-19634,PROD-1042,2025-07-03,14,700.53,55.68,23,Retrasado,Ventas_Web,Online
TRX-19635,PROD-2920,2025-10-22,4,837.24,93.92,21,En Camino,Bogotá,Físico
TRX-19636,PROD-1545,2025-01-16,13,762.75,52.345,12,Perdido,Medellín,Online
TRX-19637,PROD-2324,2024-12-27,11,1137.2,38.4,4,Entregado,Bucaramanga,Online
TRX-19638,PROD-3838,2025-08-19,12,167.09,98.69,5,Retrasado,Ventas_Web,App
TRX-19639,PROD-2628,2025-09-01,6,1943.36,33.95,11,Devuelto,Cali,Físico
TRX-19640,PROD-3813,2024-11-17,11,1873.54,15.35,10,Retrasado,Medellín,Físico
TRX-19641,PROD-1869,2025-04-17,11,1869.47,23.18,8,Entregado,Bucaramanga,Online
TRX-19642,PROD-3921,2025-01-05,6,1759.76,45.49,21,Devuelto,Medellín,WhatsApp
TRX-19643,PROD-2570,2024-10-27,6,1324.05,66.73,9,Perdido,Bucaramanga,WhatsApp
TRX-19644,PROD-3901,2025-04-19,2,450.01,54.1,26,Devuelto,Cali,Físico
TRX-19645,PROD-2733,2025-06-30,5,108.47,40.75,7,Devuelto,Medellín,Online
TRX-19646,PROD-3446,2025-09-26,7,207.65,58.39,27,Entregado,Ventas_Web,Online
TRX-19647,PROD-2049,2025-09-12,6,654.75,84.69,29,Devuelto,Ventas_Web,App
TRX-19648,PROD-1299,2025-02-16,3,1012.73,52.345,14,Retrasado,Ventas_Web,Físico
TRX-19649,PROD-1390,2026-01-24,11,1986.57,84.7,11,En Camino,Bogotá,WhatsApp
TRX-19650,PROD-3281,2025-07-06,12,876.53,73.99,18,Entregado,Barranquilla,WhatsApp
TRX-19651,PROD-1240,2024-12-12,5,1054.05,95.48,25,Entregado,Ventas_Web,Físico
TRX-19652,PROD-1213,2024-11-11,13,1393.36,61.07,18,Entregado,Bucaramanga,App
TRX-19653,PROD-2363,2024-12-18,8,369.66,5.73,22,Retrasado,Bucaramanga,WhatsApp
TRX-19654,PROD-1961,2025-04-01,11,1866.33,32.64,8,Retrasado,Cali,Físico
TRX-19655,PROD-2928,2025-07-22,5,1062.78,36.18,2,Retrasado,Bogotá,Online
TRX-19656,PROD-2451,2024-09-23,12,559.75,57.0,22,Desconocido,Barranquilla,Físico
TRX-19657,PROD-3483,2025-10-08,10,1870.87,90.96,21,Retrasado,Ventas_Web,Físico
TRX-19658,PROD-3747,2025-12-08,3,1254.65,84.62,7,Devuelto,Bogotá,Físico
TRX-19659,PROD-3450,2025-02-07,9,972.54,27.06,26,Entregado,Medellín,Online
TRX-19660,PROD-3906,2025-02-05,11,1164.51,52.345,29,Desconocido,Ventas_Web,Físico
TRX-19661,PROD-1186,2025-09-19,3,1499.12,54.34,5,Entregado,Ventas_Web,Online
TRX-19662,PROD-1021,2025-10-08,2,317.53,67.62,14,Perdido,Medellín,WhatsApp
TRX-19663,PROD-2038,2025-02-23,6,1731.01,98.81,14,En Camino,Bucaramanga,App
TRX-19664,PROD-3066,2025-03-03,8,1919.42,7.97,3,Devuelto,Ventas_Web,Online
TRX-19665,PROD-3538,2024-10-11,6,1138.33,49.07,6,En Camino,Bogotá,App
TRX-19666,PROD-2560,2025-12-28,1,1367.72,98.87,23,Devuelto,Medellín,App
TRX-19667,PROD-2239,2025-08-16,8,1721.07,97.83,17,Devuelto,Bogotá,WhatsApp
TRX-19668,PROD-2616,2025-05-23,1,755.87,36.42,24,Devuelto,Medellín,Online
TRX-19669,PROD-3749,2025-01-29,9,1985.74,5.0,8,Entregado,Bogotá,WhatsApp
TRX-19670,PROD-2519,2025-03-17,8,1364.2,60.74,29,En Camino,Cali,Online
TRX-19671,PROD-1541,2025-11-05,6,853.76,87.36,20,En Camino,Medellín,App
TRX-19672,PROD-3291,2025-06-29,2,1357.9,52.345,24,Retrasado,Bogotá,App
TRX-19673,PROD-1168,2025-11-27,13,1048.14,35.81,3,En Camino,Bucaramanga,Físico
TRX-19674,PROD-3377,2024-12-15,9,232.17,93.76,29,Retrasado,Cali,Online
TRX-19675,PROD-1734,2025-10-03,8,1593.77,36.61,15,Perdido,Barranquilla,App
TRX-19676,PROD-2066,2025-05-02,13,1133.11,62.97,5,Retrasado,Bogotá,Online
TRX-19677,PROD-1695,2025-08-13,4,1593.73,73.59,19,Desconocido,Bogotá,WhatsApp
TRX-19678,PROD-3063,2025-12-17,2,318.27,37.81,2,Devuelto,Cali,WhatsApp
TRX-19679,PROD-3018,2025-11-12,13,1081.33,38.46,21,Entregado,Barranquilla,Online
TRX-19680,PROD-2389,2025-02-14,14,1535.58,49.65,8,Desconocido,Medellín,App
TRX-19681,PROD-2917,2025-12-11,6,1976.73,84.35,9,Devuelto,Medellín,WhatsApp
TRX-19682,PROD-1540,2025-01-06,1,1769.95,14.58,5,Perdido,Bogotá,App
TRX-19683,PROD-1367,2025-08-13,7,1730.06,64.99,3,Desconocido,Barranquilla,Online
TRX-19684,PROD-2299,2024-10-03,1,502.45,52.345,12,Entregado,Cali,Físico
TRX-19685,PROD-3909,2025-03-07,13,1677.59,69.35,3,Perdido,Medellín,App
TRX-19686,PROD-3172,2025-04-06,6,346.87,58.0,24,Desconocido,Medellín,WhatsApp
TRX-19687,PROD-2773,2025-05-11,5,404.23,93.9,19,Devuelto,Medellín,Online
TRX-19688,PROD-1580,2025-02-16,12,229.13,62.19,16,Entregado,Cali,Físico
TRX-19689,PROD-2066,2025-09-16,10,1716.62,65.28,25,Perdido,Barranquilla,WhatsApp
TRX-19690,PROD-1478,2025-05-18,14,225.43,61.98,26,Desconocido,Cali,Online
TRX-19691,PROD-2283,2026-02-01,3,284.84,73.59,16,Retrasado,Bogotá,Online
TRX-19692,PROD-1180,2026-01-06,6,499.32,17.86,1,En Camino,Cali,App
TRX-19693,PROD-1523,2025-10-28,4,1149.6,89.96,17,Devuelto,Medellín,Físico
TRX-19694,PROD-3044,2024-10-05,14,1761.56,9.04,21,Retrasado,Ventas_Web,Online
TRX-19695,PROD-2150,2025-04-29,12,842.27,65.87,20,Perdido,Bogotá,Físico
TRX-19696,PROD-2476,2025-06-06,6,1097.11,52.345,3,Perdido,Bogotá,Físico
TRX-19697,PROD-2761,2024-09-24,4,341.31,63.47,17,Desconocido,Bucaramanga,App
TRX-19698,PROD-2158,2025-04-20,1,539.23,24.77,23,Desconocido,Bogotá,Online
TRX-19699,PROD-2078,2026-01-19,5,276.51,8.87,17,Entregado,Bogotá,Online
TRX-19701,PROD-2080,2025-05-05,8,1184.77,30.81,6,Perdido,Ventas_Web,App
TRX-19702,PROD-3117,2026-01-19,6,575.2,88.8,26,Entregado,Bogotá,Online
TRX-19703,PROD-2282,2025-04-04,10,1693.53,86.29,18,En Camino,Medellín,App
TRX-19704,PROD-2784,2025-04-06,9,1962.66,11.07,14,En Camino,Barranquilla,Online
TRX-19705,PROD-1675,2025-10-27,4,249.11,32.48,20,Entregado,Bogotá,WhatsApp
TRX-19706,PROD-2292,2025-06-09,10,45.54,89.49,8,Retrasado,Bucaramanga,Físico
TRX-19707,PROD-3012,2024-11-18,9,1581.66,27.48,19,Entregado,Medellín,Físico
TRX-19708,PROD-1619,2025-12-23,8,389.38,52.345,9,Desconocido,Ventas_Web,App
TRX-19709,PROD-3276,2025-01-13,3,712.76,99.62,21,Entregado,Bogotá,WhatsApp
TRX-19710,PROD-3692,2025-04-23,14,794.52,29.4,22,Retrasado,Bogotá,Físico
TRX-19711,PROD-3607,2025-06-28,6,1834.03,75.22,18,En Camino,Bogotá,Online
TRX-19712,PROD-2802,2025-05-24,4,1321.09,44.62,1,Perdido,Barranquilla,Físico
TRX-19713,PROD-1217,2025-10-07,1,90.81,17.94,21,En Camino,Cali,Físico
TRX-19714,PROD-1773,2025-01-17,9,39.47,29.24,17,Desconocido,Bucaramanga,Físico
TRX-19715,PROD-1608,2025-10-13,4,407.14,69.14,4,Retrasado,Bogotá,Online
TRX-19716,PROD-1223,2025-12-17,11,643.16,37.02,16,Devuelto,Medellín,App
TRX-19717,PROD-1941,2024-12-18,14,974.2,62.39,24,Retrasado,Bogotá,Online
TRX-19718,PROD-1750,2025-11-06,5,1677.3,24.53,12,En Camino,Ventas_Web,App
TRX-19719,PROD-1146,2025-10-08,3,636.49,47.62,13,En Camino,Ventas_Web,Físico
TRX-19720,PROD-2926,2025-09-24,4,759.31,52.345,2,Retrasado,Medellín,Físico
TRX-19721,PROD-2065,2025-06-12,13,665.38,53.66,22,Retrasado,Bucaramanga,WhatsApp
TRX-19722,PROD-1669,2026-01-19,9,27.84,44.21,12,Retrasado,Medellín,Físico
TRX-19723,PROD-3891,2025-07-19,7,1910.85,23.8,10,En Camino,Medellín,Online
TRX-19724,PROD-2913,2025-11-13,8,286.6,48.85,29,Desconocido,Cali,Físico
TRX-19725,PROD-2787,2025-01-13,3,582.46,70.83,15,Entregado,Bogotá,WhatsApp
TRX-19726,PROD-1475,2025-12-14,3,267.31,96.67,5,Devuelto,Ventas_Web,Online
TRX-19727,PROD-3027,2025-03-05,14,986.18,80.0,1,Entregado,Ventas_Web,WhatsApp
TRX-19728,PROD-1167,2024-09-26,7,1865.01,20.34,8,Desconocido,Medellín,WhatsApp
TRX-19729,PROD-2808,2025-01-18,8,210.39,30.91,21,En Camino,Cali,Online
TRX-19730,PROD-2460,2024-10-15,14,887.38,12.49,25,Entregado,Bogotá,App
TRX-19731,PROD-3904,2025-11-05,5,54.53,17.89,18,Retrasado,Bucaramanga,App
TRX-19732,PROD-3297,2025-05-13,1,1544.09,52.345,6,Perdido,Medellín,App
TRX-19733,PROD-2987,2024-12-21,3,1286.04,28.81,23,Retrasado,Cali,App
TRX-19734,PROD-2874,2026-01-11,5,1402.4,23.96,1,Devuelto,Bogotá,WhatsApp
TRX-19735,PROD-3019,2025-06-04,3,949.95,25.3,14,Retrasado,Bucaramanga,WhatsApp
TRX-19736,PROD-1460,2024-12-23,14,1816.19,26.92,10,Perdido,Bogotá,Online
TRX-19737,PROD-3948,2026-01-04,1,825.02,33.56,4,En Camino,Barranquilla,Online
TRX-19738,PROD-1606,2025-12-24,7,1033.03,16.93,18,Entregado,Ventas_Web,App
TRX-19739,PROD-1506,2025-02-24,1,1393.63,31.39,23,Retrasado,Bucaramanga,App
TRX-19740,PROD-2431,2025-07-26,10,1045.92,70.4,19,Desconocido,Cali,App
TRX-19741,PROD-1383,2025-01-15,13,386.78,27.46,25,Entregado,Medellín,App
TRX-19742,PROD-1834,2025-04-17,6,640.97,21.32,8,Devuelto,Cali,App
TRX-19743,PROD-2163,2024-12-12,6,193.67,11.43,12,Desconocido,Medellín,WhatsApp
TRX-19744,PROD-1739,2025-01-03,14,870.9,52.345,10,Desconocido,Cali,WhatsApp
TRX-19745,PROD-1689,2026-01-18,7,1222.69,52.5,13,Entregado,Cali,WhatsApp
TRX-19746,PROD-3083,2025-12-19,12,245.87,84.99,7,Devuelto,Bucaramanga,WhatsApp
TRX-19747,PROD-2117,2024-12-11,11,1264.87,10.61,24,Devuelto,Bucaramanga,App
TRX-19748,PROD-3307,2025-11-03,1,1786.82,56.52,17,Desconocido,Barranquilla,WhatsApp
TRX-19749,PROD-3716,2025-01-03,11,682.07,66.81,26,Retrasado,Medellín,App
TRX-19750,PROD-3398,2025-05-20,3,451.85,61.28,12,Desconocido,Ventas_Web,WhatsApp
TRX-19751,PROD-1869,2025-06-14,12,1787.08,88.37,6,Desconocido,Bogotá,WhatsApp
TRX-19752,PROD-3390,2024-10-25,9,1386.97,87.31,23,Desconocido,Ventas_Web,Físico
TRX-19753,PROD-1016,2024-10-27,2,219.74,10.44,7,Perdido,Medellín,App
TRX-19754,PROD-3154,2025-05-29,14,822.14,39.29,13,Entregado,Bogotá,App
TRX-19755,PROD-3337,2026-01-23,5,1351.44,68.73,14,Devuelto,Cali,WhatsApp
TRX-19756,PROD-1739,2024-11-11,3,1153.02,52.345,25,Devuelto,Ventas_Web,Online
TRX-19757,PROD-2705,2025-06-29,12,1240.91,95.48,23,Devuelto,Barranquilla,App
TRX-19758,PROD-1314,2026-01-07,12,1138.6,81.45,28,En Camino,Barranquilla,WhatsApp
TRX-19759,PROD-2008,2025-05-22,13,1598.14,21.78,23,Desconocido,Bucaramanga,App
TRX-19760,PROD-3040,2025-02-21,5,647.65,31.52,13,Entregado,Bogotá,App
TRX-19761,PROD-3772,2025-02-16,7,1419.84,77.54,6,Entregado,Barranquilla,Online
TRX-19762,PROD-1386,2024-10-31,1,1982.25,49.79,19,Devuelto,Medellín,Online
TRX-19763,PROD-2346,2025-03-30,3,786.02,56.99,13,Entregado,Barranquilla,Físico
TRX-19764,PROD-1106,2024-10-17,11,1584.19,62.85,22,Entregado,Bucaramanga,Online
TRX-19765,PROD-2164,2025-05-24,13,499.76,14.81,9,En Camino,Ventas_Web,WhatsApp
TRX-19766,PROD-3790,2025-05-03,6,570.97,86.32,11,Devuelto,Cali,Online
TRX-19767,PROD-3787,2025-05-10,7,1870.38,87.0,10,Entregado,Bucaramanga,Físico
TRX-19768,PROD-1499,2025-02-22,10,61.62,52.345,3,Perdido,Bogotá,WhatsApp
TRX-19769,PROD-2614,2025-11-07,3,442.68,49.48,19,Devuelto,Bucaramanga,Online
TRX-19770,PROD-2530,2025-07-07,4,971.01,64.55,27,Entregado,Bogotá,Físico
TRX-19771,PROD-3418,2025-10-22,6,809.68,67.69,7,En Camino,Medellín,Físico
TRX-19772,PROD-1434,2025-12-19,5,1262.05,23.02,23,Desconocido,Medellín,Online
TRX-19773,PROD-2325,2025-01-08,11,393.52,15.7,5,Perdido,Ventas_Web,Online
TRX-19774,PROD-1629,2024-10-25,9,150.39,6.96,24,Retrasado,Medellín,Físico
TRX-19775,PROD-1118,2025-10-30,13,744.97,91.72,24,Retrasado,Medellín,WhatsApp
TRX-19776,PROD-1332,2025-09-20,12,1053.47,37.84,27,Desconocido,Bogotá,WhatsApp
TRX-19777,PROD-2885,2025-01-11,1,1128.38,13.15,27,Perdido,Bogotá,WhatsApp
TRX-19778,PROD-3898,2025-01-21,13,1206.97,49.25,15,Retrasado,Bogotá,Físico
TRX-19779,PROD-3701,2024-10-08,5,1101.84,12.18,2,Perdido,Barranquilla,Físico
TRX-19780,PROD-2965,2025-05-07,11,499.05,52.345,11,Desconocido,Bogotá,WhatsApp
TRX-19781,PROD-2859,2024-10-03,1,1531.45,13.1,6,Desconocido,Medellín,Físico
TRX-19782,PROD-3573,2025-04-13,8,184.68,51.44,5,Entregado,Medellín,Online
TRX-19783,PROD-2103,2025-04-12,7,404.72,53.34,20,Retrasado,Bucaramanga,App
TRX-19784,PROD-3433,2024-12-29,5,1481.36,60.11,7,Retrasado,Medellín,Físico
TRX-19785,PROD-3695,2025-01-16,6,566.66,67.35,4,Perdido,Barranquilla,Online
TRX-19786,PROD-1023,2025-12-19,4,992.01,68.49,5,Entregado,Medellín,WhatsApp
TRX-19787,PROD-2349,2026-01-06,9,661.12,46.13,24,Entregado,Bogotá,WhatsApp
TRX-19788,PROD-1179,2025-12-05,14,1018.89,66.14,5,Devuelto,Ventas_Web,Físico
TRX-19789,PROD-3687,2025-06-30,3,699.85,33.95,27,Devuelto,Bogotá,App
TRX-19790,PROD-3549,2025-09-06,2,1988.47,46.92,29,Entregado,Bogotá,Online
TRX-19791,PROD-2855,2025-05-12,7,721.38,42.37,27,Desconocido,Medellín,Online
TRX-19792,PROD-2330,2025-12-27,13,1257.83,52.345,25,Desconocido,Cali,WhatsApp
TRX-19793,PROD-3996,2025-01-11,2,1777.8,36.27,10,Desconocido,Bucaramanga,App
TRX-19794,PROD-3331,2025-09-09,13,1279.49,27.66,18,Perdido,Ventas_Web,WhatsApp
TRX-19795,PROD-1529,2025-11-14,6,1136.06,12.45,2,En Camino,Bogotá,App
TRX-19796,PROD-1865,2024-10-04,11,1142.77,53.06,15,En Camino,Medellín,Online
TRX-19797,PROD-1199,2026-01-07,8,997.96,56.04,9,Devuelto,Bogotá,WhatsApp
TRX-19798,PROD-3636,2026-01-23,3,1617.08,36.93,2,Retrasado,Bucaramanga,WhatsApp
TRX-19799,PROD-2158,2024-10-13,3,110.34,97.71,3,En Camino,Barranquilla,WhatsApp
TRX-19801,PROD-1227,2025-07-04,3,1176.72,89.46,22,Retrasado,Bogotá,Online
TRX-19802,PROD-1289,2025-12-01,1,1699.26,59.16,20,Desconocido,Cali,App
TRX-19803,PROD-3241,2025-01-21,9,30.68,23.04,24,Desconocido,Bucaramanga,WhatsApp
TRX-19804,PROD-3466,2025-01-24,5,1739.86,52.345,24,Desconocido,Bogotá,Físico
TRX-19805,PROD-2562,2025-11-03,9,249.07,97.59,2,Entregado,Bogotá,Físico
TRX-19806,PROD-1379,2024-10-25,5,1445.22,89.11,2,En Camino,Bogotá,Online
TRX-19807,PROD-2633,2025-10-19,7,838.88,49.77,19,En Camino,Bogotá,Online
TRX-19808,PROD-2045,2025-03-11,1,1365.33,28.09,14,Retrasado,Barranquilla,Online
TRX-19809,PROD-1729,2024-12-08,9,1260.1,26.15,27,Retrasado,Medellín,Físico
TRX-19810,PROD-1983,2025-12-19,1,335.16,81.57,18,Desconocido,Medellín,Físico
TRX-19811,PROD-2633,2025-07-16,4,1034.08,11.57,21,Entregado,Bucaramanga,WhatsApp
TRX-19812,PROD-1365,2025-08-18,7,561.69,65.62,1,Desconocido,Bogotá,Online
TRX-19813,PROD-1084,2024-11-24,11,1125.27,65.81,7,Perdido,Bogotá,App
TRX-19814,PROD-1852,2025-06-19,12,1478.63,22.33,8,En Camino,Bogotá,Online
TRX-19815,PROD-1667,2025-04-26,9,171.7,71.97,12,Desconocido,Ventas_Web,Online
TRX-19816,PROD-2591,2025-03-31,1,1036.37,52.345,4,Desconocido,Bogotá,WhatsApp
TRX-19817,PROD-2648,2024-12-06,12,1239.08,72.01,23,En Camino,Medellín,WhatsApp
TRX-19818,PROD-2167,2025-03-15,14,597.78,38.25,25,Entregado,Bucaramanga,Online
TRX-19819,PROD-3650,2024-11-28,13,1906.48,50.92,7,Entregado,Bogotá,WhatsApp
TRX-19820,PROD-3679,2024-12-24,11,1045.4,84.11,18,Perdido,Ventas_Web,App
TRX-19821,PROD-1631,2024-11-14,13,373.21,54.7,18,Retrasado,Ventas_Web,Físico
TRX-19822,PROD-1493,2026-01-31,6,224.5,63.72,26,En Camino,Medellín,App
TRX-19823,PROD-2222,2025-12-02,11,1087.9,44.21,10,Retrasado,Cali,Físico
TRX-19824,PROD-3010,2024-12-25,10,756.72,19.21,10,En Camino,Bogotá,WhatsApp
TRX-19825,PROD-2770,2025-01-13,11,393.17,99.82,6,Entregado,Barranquilla,Físico
TRX-19826,PROD-2270,2025-05-09,5,71.09,55.5,24,Desconocido,Medellín,App
TRX-19827,PROD-3805,2025-05-30,3,1137.53,36.96,12,Entregado,Bogotá,Físico
TRX-19828,PROD-3471,2025-10-18,10,1201.21,52.345,10,Entregado,Bogotá,App
TRX-19829,PROD-1537,2025-04-19,2,292.19,72.81,27,Perdido,Medellín,Físico
TRX-19830,PROD-2470,2026-01-03,1,1207.46,63.98,13,En Camino,Bogotá,WhatsApp
TRX-19831,PROD-3725,2025-03-23,2,1904.43,27.13,26,Entregado,Bucaramanga,Online
TRX-19832,PROD-1393,2025-06-16,12,1956.81,88.31,27,Desconocido,Bucaramanga,Físico
TRX-19833,PROD-2505,2026-01-27,13,1778.1,11.74,12,Perdido,Bogotá,App
TRX-19834,PROD-3099,2025-06-30,4,1616.09,62.54,19,Retrasado,Barranquilla,WhatsApp
TRX-19835,PROD-1818,2025-12-09,6,426.64,50.4,1,Perdido,Cali,Físico
TRX-19836,PROD-3005,2026-01-07,12,321.31,35.23,1,Perdido,Bogotá,WhatsApp
TRX-19837,PROD-2824,2025-12-16,5,895.45,83.51,11,Devuelto,Ventas_Web,Online
TRX-19838,PROD-2589,2025-02-24,14,1243.07,67.35,18,Retrasado,Medellín,App
TRX-19839,PROD-2951,2024-12-14,4,1702.85,77.15,26,Devuelto,Cali,Online
TRX-19840,PROD-2099,2025-03-27,8,471.61,52.345,22,Desconocido,Ventas_Web,WhatsApp
TRX-19841,PROD-3306,2025-09-06,12,964.5,44.39,2,En Camino,Medellín,Online
TRX-19842,PROD-3458,2026-01-20,7,1298.41,94.53,6,Perdido,Barranquilla,WhatsApp
TRX-19843,PROD-2732,2025-02-08,14,896.73,37.75,16,Perdido,Medellín,Online
TRX-19844,PROD-1369,2024-11-16,4,913.85,55.45,27,Perdido,Medellín,App
TRX-19845,PROD-2730,2024-10-11,10,457.98,93.7,1,Perdido,Medellín,Físico
TRX-19846,PROD-2508,2025-09-05,13,1973.46,12.9,9,Devuelto,Medellín,Online
TRX-19847,PROD-3514,2025-11-19,13,955.63,15.34,28,En Camino,Barranquilla,App
TRX-19848,PROD-1763,2026-01-04,5,1070.16,99.45,15,Devuelto,Cali,Físico
TRX-19849,PROD-2778,2025-09-03,12,444.93,97.28,16,Perdido,Cali,WhatsApp
TRX-19850,PROD-3583,2026-01-05,10,1033.13,78.31,14,En Camino,Medellín,Físico
TRX-19851,PROD-2744,2025-12-20,5,518.15,51.0,7,Retrasado,Bogotá,WhatsApp
TRX-19852,PROD-1380,2025-06-16,3,412.65,52.345,1,Devuelto,Cali,App
TRX-19853,PROD-1165,2025-02-11,13,558.69,53.08,16,Entregado,Ventas_Web,App
TRX-19854,PROD-3102,2025-08-04,9,15.49,29.44,9,Retrasado,Bogotá,Físico
TRX-19855,PROD-2399,2025-03-05,11,1144.6,46.11,29,Retrasado,Medellín,Físico
TRX-19856,PROD-2898,2025-06-01,5,781.09,45.98,25,Perdido,Cali,WhatsApp
TRX-19857,PROD-3770,2025-05-12,12,1798.39,8.43,11,Perdido,Bogotá,Online
TRX-19858,PROD-1918,2025-07-16,13,91.01,48.05,10,Retrasado,Barranquilla,Físico
TRX-19859,PROD-3652,2025-10-13,10,95.97,50.58,11,Devuelto,Bucaramanga,Online
TRX-19860,PROD-3810,2025-12-07,2,1772.89,68.25,6,En Camino,Bogotá,WhatsApp
TRX-19861,PROD-3923,2025-09-20,13,262.02,54.06,2,Devuelto,Cali,Online
TRX-19862,PROD-1635,2024-11-21,4,14.3,86.86,18,Devuelto,Medellín,Físico
TRX-19863,PROD-3028,2025-10-31,12,366.04,39.92,12,Retrasado,Bogotá,App
TRX-19864,PROD-3159,2024-10-14,4,1649.51,52.345,14,Devuelto,Cali,Físico
TRX-19865,PROD-3578,2025-10-11,5,1607.4,43.92,8,En Camino,Bogotá,Online
TRX-19866,PROD-3651,2025-01-26,8,686.86,59.29,25,Retrasado,Medellín,Físico
TRX-19867,PROD-3149,2025-01-03,5,1339.38,24.26,4,Devuelto,Bogotá,Físico
TRX-19868,PROD-1343,2025-10-15,1,1019.43,42.38,18,Perdido,Bucaramanga,App
TRX-19869,PROD-2190,2025-12-06,2,1810.42,70.19,21,Desconocido,Bucaramanga,Online
TRX-19870,PROD-2917,2025-05-01,3,122.28,44.12,13,Devuelto,Medellín,Online
TRX-19871,PROD-2791,2025-01-10,3,1628.23,91.13,23,Desconocido,Ventas_Web,Online
TRX-19872,PROD-1324,2024-11-19,10,349.49,63.45,14,Desconocido,Barranquilla,Online
TRX-19873,PROD-2956,2026-01-07,6,789.33,19.61,20,Desconocido,Medellín,App
TRX-19874,PROD-2230,2024-11-26,9,391.99,51.31,28,Retrasado,Medellín,WhatsApp
TRX-19875,PROD-1608,2026-01-07,10,1408.2,77.65,25,Retrasado,Medellín,WhatsApp
TRX-19876,PROD-1523,2024-11-19,1,1359.87,52.345,28,Desconocido,Ventas_Web,App
TRX-19877,PROD-3802,2025-02-27,6,1100.32,66.12,15,Perdido,Bogotá,Online
TRX-19878,PROD-2230,2024-12-07,9,1399.34,89.1,20,Retrasado,Bogotá,Físico
TRX-19879,PROD-2018,2024-10-11,4,1282.73,76.25,24,Desconocido,Bogotá,Online
TRX-19880,PROD-3142,2025-10-11,10,1555.12,10.85,19,Desconocido,Cali,WhatsApp
TRX-19881,PROD-2751,2026-01-20,3,486.42,15.69,28,Entregado,Ventas_Web,Físico
TRX-19882,PROD-2210,2025-03-31,13,863.54,66.73,14,Retrasado,Bogotá,WhatsApp
TRX-19883,PROD-3328,2025-05-30,6,311.74,27.65,12,Devuelto,Ventas_Web,Online
TRX-19884,PROD-1195,2025-09-17,6,864.89,60.84,22,En Camino,Barranquilla,WhatsApp
TRX-19885,PROD-3256,2025-09-20,13,1406.37,80.26,15,Devuelto,Medellín,App
TRX-19886,PROD-1313,2025-10-01,2,1385.87,59.81,6,Retrasado,Bogotá,App
TRX-19887,PROD-1184,2025-12-18,5,1421.76,44.47,19,Desconocido,Medellín,Online
TRX-19888,PROD-3102,2024-12-10,1,624.45,52.345,2,Entregado,Bogotá,Físico
TRX-19889,PROD-1440,2024-12-15,13,1327.81,66.4,6,Devuelto,Medellín,Físico
TRX-19890,PROD-3091,2025-03-13,9,741.26,18.64,23,En Camino,Bogotá,Físico
TRX-19891,PROD-2740,2025-04-22,9,1889.54,73.7,23,Desconocido,Ventas_Web,App
TRX-19892,PROD-2691,2025-10-01,3,693.3,71.22,26,Devuelto,Medellín,Físico
TRX-19893,PROD-1387,2025-12-11,5,1210.01,53.87,11,Perdido,Bogotá,WhatsApp
TRX-19894,PROD-2903,2025-02-18,3,1502.79,31.49,1,Entregado,Ventas_Web,WhatsApp
TRX-19895,PROD-3706,2024-10-02,7,1813.75,80.77,28,Retrasado,Barranquilla,Físico
TRX-19896,PROD-3950,2024-10-22,13,881.48,53.5,22,Devuelto,Ventas_Web,Físico
TRX-19897,PROD-3328,2025-06-29,1,727.37,10.62,9,Devuelto,Bogotá,App
TRX-19898,PROD-2037,2025-11-28,5,865.76,92.27,13,Devuelto,Bucaramanga,Online
TRX-19899,PROD-2455,2024-11-16,6,654.16,77.93,9,Devuelto,Bucaramanga,App
TRX-19901,PROD-3398,2025-01-27,14,1866.11,60.56,28,Perdido,Barranquilla,Online
TRX-19902,PROD-1334,2025-03-21,11,260.88,46.5,18,Desconocido,Cali,WhatsApp
TRX-19903,PROD-3062,2025-05-12,12,1126.23,96.19,4,Perdido,Bogotá,Online
TRX-19904,PROD-1066,2025-10-08,14,1796.32,78.63,22,Entregado,Bogotá,Físico
TRX-19905,PROD-1466,2025-11-18,7,209.23,55.82,4,Entregado,Medellín,WhatsApp
TRX-19906,PROD-3709,2025-12-17,3,992.79,67.05,12,En Camino,Medellín,WhatsApp
TRX-19907,PROD-2895,2024-12-24,7,1731.81,31.67,9,Perdido,Bogotá,Físico
TRX-19908,PROD-1735,2024-09-30,4,1801.9,23.59,18,Entregado,Cali,Online
TRX-19909,PROD-1746,2025-11-09,10,1033.56,30.97,26,Retrasado,Medellín,Físico
TRX-19910,PROD-2609,2025-05-27,11,59.65,32.85,6,Perdido,Cali,WhatsApp
TRX-19911,PROD-1185,2025-10-21,14,220.22,75.28,17,Devuelto,Bogotá,Online
TRX-19912,PROD-1341,2025-12-19,6,1177.57,52.345,25,Perdido,Barranquilla,WhatsApp
TRX-19913,PROD-2704,2025-08-19,5,256.48,18.31,17,Retrasado,Cali,WhatsApp
TRX-19914,PROD-3885,2025-04-06,4,307.34,78.87,29,Devuelto,Bogotá,Físico
TRX-19915,PROD-2219,2025-11-29,6,1546.51,54.72,13,Perdido,Ventas_Web,App
TRX-19916,PROD-2285,2025-12-08,13,1503.88,41.53,12,Devuelto,Medellín,Físico
TRX-19917,PROD-3405,2025-03-04,12,1687.12,33.54,14,Devuelto,Barranquilla,WhatsApp
TRX-19918,PROD-3965,2025-11-30,3,220.41,53.75,8,En Camino,Ventas_Web,Online
TRX-19919,PROD-2863,2024-11-01,3,404.31,35.16,29,Retrasado,Bogotá,Online
TRX-19920,PROD-3745,2025-06-03,5,1667.59,45.8,15,En Camino,Bucaramanga,App
TRX-19921,PROD-2842,2025-10-23,11,1444.96,75.21,9,Perdido,Bucaramanga,Físico
TRX-19922,PROD-3555,2024-12-16,5,1613.85,64.47,1,Desconocido,Barranquilla,WhatsApp
TRX-19923,PROD-2085,2025-06-21,9,1979.59,76.06,17,Devuelto,Medellín,Online
TRX-19924,PROD-2398,2024-12-09,4,1730.22,52.345,10,Perdido,Medellín,Físico
TRX-19925,PROD-1766,2025-04-23,5,1045.72,72.73,23,Perdido,Bogotá,Online
TRX-19926,PROD-1864,2025-07-23,12,628.43,82.43,26,Desconocido,Cali,WhatsApp
TRX-19927,PROD-1758,2025-06-04,9,1143.66,24.16,5,En Camino,Cali,Físico
TRX-19928,PROD-1320,2024-12-22,4,1280.79,99.54,11,Perdido,Medellín,WhatsApp
TRX-19929,PROD-3474,2026-01-19,13,677.27,50.2,3,Retrasado,Barranquilla,App
TRX-19930,PROD-2062,2025-10-12,3,1544.16,73.23,25,Devuelto,Cali,WhatsApp
TRX-19931,PROD-3758,2025-04-03,7,194.58,69.39,2,Entregado,Bucaramanga,WhatsApp
TRX-19932,PROD-1435,2025-06-02,7,1560.99,58.78,22,Desconocido,Barranquilla,Físico
TRX-19933,PROD-2776,2025-06-27,8,73.68,99.6,4,Retrasado,Medellín,WhatsApp
TRX-19934,PROD-3188,2025-02-12,4,1000.95,25.65,21,Entregado,Bogotá,WhatsApp
TRX-19935,PROD-1073,2025-05-24,4,1724.26,45.06,2,Desconocido,Cali,Físico
TRX-19936,PROD-1023,2025-04-22,14,182.13,52.345,1,Entregado,Medellín,Online
TRX-19937,PROD-2617,2025-04-05,14,1040.3,17.13,9,En Camino,Medellín,Físico
TRX-19938,PROD-1477,2025-06-19,9,327.19,22.27,3,Entregado,Medellín,Online
TRX-19939,PROD-1054,2025-08-17,10,1790.68,72.73,6,Devuelto,Bogotá,Online
TRX-19940,PROD-1703,2024-10-11,7,1666.37,5.46,14,En Camino,Bogotá,Físico
TRX-19941,PROD-3686,2024-11-01,3,1868.5,89.53,25,Retrasado,Medellín,Online
TRX-19942,PROD-2954,2024-12-29,13,1751.21,65.15,1,Retrasado,Ventas_Web,App
TRX-19943,PROD-2884,2024-09-26,9,1475.74,46.89,12,Retrasado,Medellín,Físico
TRX-19944,PROD-3833,2024-10-25,13,377.93,36.48,21,Desconocido,Medellín,App
TRX-19945,PROD-2659,2025-07-18,5,611.98,17.0,16,Perdido,Cali,Físico
TRX-19946,PROD-3694,2025-03-06,4,998.74,92.55,20,En Camino,Barranquilla,WhatsApp
TRX-19947,PROD-3465,2025-12-16,1,1181.9,72.67,19,En Camino,Bucaramanga,Online
TRX-19948,PROD-3973,2024-10-19,9,1566.54,52.345,18,En Camino,Barranquilla,App
TRX-19949,PROD-2993,2025-03-14,6,461.65,36.96,14,Devuelto,Ventas_Web,App
TRX-19950,PROD-2240,2025-08-25,11,265.27,11.74,3,En Camino,Cali,WhatsApp
TRX-19951,PROD-3533,2025-01-13,2,970.39,35.94,14,Devuelto,Cali,Online
TRX-19952,PROD-3526,2025-11-30,13,324.1,22.54,17,Desconocido,Bucaramanga,Físico
TRX-19953,PROD-2477,2025-09-30,7,1390.54,79.7,13,Retrasado,Medellín,Físico
TRX-19954,PROD-3828,2025-10-07,3,1155.51,73.36,1,Perdido,Medellín,Físico
TRX-19955,PROD-3759,2024-12-26,6,1484.8,52.33,29,Entregado,Ventas_Web,Físico
TRX-19956,PROD-3827,2025-08-07,8,136.24,89.15,29,Perdido,Bogotá,App
TRX-19957,PROD-3765,2025-05-13,3,1929.75,22.16,8,Perdido,Barranquilla,Online
TRX-19958,PROD-2617,2025-02-03,13,10.01,47.94,21,Desconocido,Bogotá,WhatsApp
TRX-19959,PROD-2239,2025-01-24,12,657.63,72.51,2,Perdido,Cali,WhatsApp
TRX-19960,PROD-1358,2025-09-29,12,1362.47,52.345,19,Entregado,Bucaramanga,WhatsApp
TRX-19961,PROD-1512,2025-09-08,5,99.83,11.44,15,Devuelto,Barranquilla,Online
TRX-19962,PROD-1553,2025-08-11,14,175.87,40.4,14,Retrasado,Bogotá,App
TRX-19963,PROD-1056,2026-01-23,6,162.6,59.31,14,Desconocido,Bucaramanga,Online
TRX-19964,PROD-1781,2025-12-17,1,1167.2,39.85,18,Entregado,Medellín,Online
TRX-19965,PROD-1458,2025-09-10,10,1792.89,50.62,15,Retrasado,Medellín,Online
TRX-19966,PROD-1065,2025-01-16,7,1115.32,62.77,10,Devuelto,Bogotá,WhatsApp
TRX-19967,PROD-3850,2025-12-09,4,1211.11,40.0,18,Retrasado,Medellín,App
TRX-19968,PROD-1770,2024-10-05,10,698.54,15.07,20,Devuelto,Barranquilla,App
TRX-19969,PROD-1109,2025-11-01,11,47.29,18.25,28,Entregado,Bogotá,Online
TRX-19970,PROD-1857,2025-08-08,7,53.01,55.07,4,Entregado,Bogotá,App
TRX-19971,PROD-2970,2025-03-06,7,1777.74,21.6,7,Retrasado,Medellín,App
TRX-19972,PROD-3656,2025-04-18,11,214.12,52.345,2,Desconocido,Bucaramanga,App
TRX-19973,PROD-1594,2024-12-16,5,1999.58,89.53,9,Retrasado,Cali,Físico
TRX-19974,PROD-3661,2025-05-28,8,337.2,84.25,23,Perdido,Bogotá,WhatsApp
TRX-19975,PROD-1990,2025-11-28,8,1352.52,38.16,4,Perdido,Cali,App
TRX-19976,PROD-2784,2024-11-17,5,1898.42,83.94,12,Retrasado,Bogotá,WhatsApp
TRX-19977,PROD-3564,2025-03-13,5,730.96,55.65,23,Perdido,Barranquilla,Físico
TRX-19978,PROD-3206,2025-02-10,7,1471.52,20.11,10,Retrasado,Bogotá,Online
TRX-19979,PROD-1781,2025-02-01,6,708.2,63.35,11,En Camino,Bucaramanga,Online
TRX-19980,PROD-1352,2026-01-14,4,616.83,69.55,1,Perdido,Bogotá,Online
TRX-19981,PROD-2232,2025-04-11,2,411.59,12.97,13,Retrasado,Ventas_Web,WhatsApp
TRX-19982,PROD-2898,2025-09-25,8,1643.66,34.87,7,En Camino,Bogotá,App
TRX-19983,PROD-1606,2025-07-08,3,522.2,5.51,29,Perdido,Bogotá,Físico
TRX-19984,PROD-2941,2025-11-17,2,573.48,52.345,6,Entregado,Cali,App
TRX-19985,PROD-2728,2025-07-28,12,1997.95,35.06,9,Retrasado,Medellín,WhatsApp
TRX-19986,PROD-1089,2025-09-14,10,661.35,36.87,24,Entregado,Ventas_Web,Online
TRX-19987,PROD-1477,2025-11-04,7,851.32,64.87,18,Desconocido,Bogotá,Físico
TRX-19988,PROD-1680,2025-09-02,10,1980.21,23.91,27,Perdido,Medellín,App
TRX-19989,PROD-1624,2025-03-20,6,744.91,7.86,3,Desconocido,Medellín,App
TRX-19990,PROD-3877,2025-11-21,8,738.64,34.99,13,En Camino,Bogotá,Online
TRX-19991,PROD-2823,2024-10-21,13,1657.15,83.43,3,Retrasado,Medellín,App
TRX-19992,PROD-2986,2025-12-09,14,630.74,42.92,13,En Camino,Barranquilla,App
TRX-19993,PROD-2931,2025-11-20,6,475.23,44.43,28,Entregado,Bogotá,Online
TRX-19994,PROD-1080,2025-07-26,7,852.19,49.56,6,Retrasado,Bucaramanga,WhatsApp
TRX-19995,PROD-2841,2025-07-25,2,1404.28,76.42,18,Desconocido,Barranquilla,WhatsApp
TRX-19996,PROD-3397,2025-09-24,10,96.05,52.345,27,Entregado,Ventas_Web,Físico
TRX-19997,PROD-1993,2024-10-28,14,754.09,50.6,2,Entregado,Bogotá,App
TRX-19998,PROD-1824,2025-12-29,2,699.03,13.67,20,En Camino,Medellín,WhatsApp
TRX-19999,PROD-2207,2025-01-09,6,497.19,24.61,17,Desconocido,Bogotá,Online
